sim_id,true_eta,true_kappa,true_a,true_sigma,true_b,true_x0,tada_eta,tada_kappa,tada_a,tada_z,tada_eta_hdi_3%,tada_eta_hdi_97%,tada_kappa_hdi_3%,tada_kappa_hdi_97%,tada_a_hdi_3%,tada_a_hdi_97%,tada_z_hdi_3%,tada_z_hdi_97%,tada_x0,addm_eta,addm_kappa,addm_a,addm_x0_raw,addm_eta_hdi_3%,addm_eta_hdi_97%,addm_kappa_hdi_3%,addm_kappa_hdi_97%,addm_a_hdi_3%,addm_a_hdi_97%,addm_x0_raw_hdi_3%,addm_x0_raw_hdi_97%,addm_x0,time_data_simulation,time_tada_inference,time_addm_inference,tada_eta_error,tada_eta_rel_error,addm_eta_error,addm_eta_rel_error,tada_kappa_error,tada_kappa_rel_error,addm_kappa_error,addm_kappa_rel_error,tada_a_error,tada_a_rel_error,addm_a_error,addm_a_rel_error,tada_x0_error,tada_x0_rel_error,addm_x0_error,addm_x0_rel_error
16,0.3,0.5,2.0,1.0,0.0,-0.3341925608072407,0.265,0.516,1.931,0.418,0.2440747790994139,0.2864373912326132,0.500154019575894,0.5353230759966411,1.8982239003813075,1.964764560439685,0.4103630935636602,0.4268451700471765,-0.31668399999999997,0.302,0.505,1.994,0.417,0.2828276155505105,0.3205804077964534,0.4886153574710864,0.5222543760655011,1.9592787736376036,2.027218280838916,0.40906651954842743,0.42491238257904257,-0.3310040000000001,1791.0014607906342,88.47998142242432,1037.2669451236725,-0.034999999999999976,-0.11666666666666659,0.0020000000000000018,0.006666666666666673,0.016000000000000014,0.03200000000000003,0.0050000000000000044,0.010000000000000009,-0.06899999999999995,-0.034499999999999975,-0.006000000000000005,-0.0030000000000000027,0.017508560807240725,-0.05239063600024151,0.0031885608072406146,-0.00954108852554545
17,0.3,0.5,2.0,1.0,0.0,-1.0417070640052293,0.284,0.491,1.914,0.254,0.2619598622990567,0.30746056871181726,0.47375433481309814,0.5099535744433472,1.8791650460919596,1.9533154252244784,0.24672674562921812,0.2609182451612482,-0.941688,0.305,0.495,1.989,0.243,0.2852829441549226,0.3281882240800581,0.4772756912125789,0.5122249261119229,1.9535030313155368,2.028739185961157,0.236973748583997,0.25003101970795244,-1.0223460000000002,1437.529708147049,93.13389468193054,773.5704143047333,-0.016000000000000014,-0.053333333333333385,0.0050000000000000044,0.016666666666666684,-0.009000000000000008,-0.018000000000000016,-0.0050000000000000044,-0.010000000000000009,-0.08600000000000008,-0.04300000000000004,-0.010999999999999899,-0.005499999999999949,0.10001906400522931,-0.09601457786094769,0.01936106400522908,-0.01858590065693544
18,0.3,0.5,2.0,1.0,0.0,-0.2632300397016989,0.258,0.518,1.947,0.435,0.23703505260845933,0.2797881875111428,0.5005718912912613,0.535260787358877,1.9127040587205864,1.9769862185235003,0.42470945008815375,0.4420564891803514,-0.25310999999999995,0.297,0.501,2.005,0.433,0.2734702640745986,0.31570567981504566,0.48422369832265694,0.5160574008595752,1.9716705601022624,2.0346206403142246,0.4249466218678672,0.4418136346146541,-0.26866999999999996,1824.0555331707,89.19798040390015,927.8709149360657,-0.04199999999999998,-0.13999999999999996,-0.0030000000000000027,-0.010000000000000009,0.018000000000000016,0.03600000000000003,0.0010000000000000009,0.0020000000000000018,-0.052999999999999936,-0.026499999999999968,0.004999999999999893,0.0024999999999999467,0.010120039701698946,-0.03844561096889745,-0.005439960298301072,0.0206661834814363
19,0.3,0.5,2.0,1.0,0.0,1.0409344196794112,0.284,0.506,1.948,0.748,0.2612753172819782,0.3094603522318913,0.48816065310560963,0.5268966187556373,1.9079703176375005,1.9822387358963929,0.7408593531090317,0.7542392275348359,0.966208,0.309,0.507,2.019,0.758,0.28880966606675096,0.3290724797096606,0.4893138638772163,0.5255026507061868,1.9805675301016603,2.0545501812556686,0.751562775033782,0.7635344842840364,1.041804,1462.2767572402954,108.71361923217773,1074.9694609642029,-0.016000000000000014,-0.053333333333333385,0.009000000000000008,0.030000000000000027,0.006000000000000005,0.01200000000000001,0.007000000000000006,0.014000000000000012,-0.052000000000000046,-0.026000000000000023,0.019000000000000128,0.009500000000000064,-0.0747264196794113,-0.07178782665523316,0.0008695803205887032,0.0008353843471296857
20,0.3,0.5,2.0,1.0,0.0,0.3482037356812522,0.268,0.521,1.939,0.582,0.24454568728636783,0.2876803400917005,0.5045556649780827,0.5394439534949261,1.9056707238601853,1.9719781500189184,0.5724686708128509,0.5903539834167726,0.31799599999999995,0.312,0.507,1.999,0.585,0.293099368848303,0.3330455090168636,0.4899936987471087,0.5232972668534456,1.9666238421964086,2.0334724826860513,0.5769131259985597,0.5930536380570013,0.3398300000000001,1484.4270734786987,74.89030456542969,714.3406167030334,-0.03199999999999997,-0.10666666666666658,0.01200000000000001,0.040000000000000036,0.02100000000000002,0.04200000000000004,0.007000000000000006,0.014000000000000012,-0.06099999999999994,-0.03049999999999997,-0.0009999999999998899,-0.0004999999999999449,-0.030207735681252235,-0.08675304882112057,-0.008373735681252104,-0.02404837979371213
21,0.3,0.5,2.0,1.0,0.0,1.145433184186798,0.25,0.485,1.878,0.764,0.22496020793343258,0.27361042806448854,0.4655123259113377,0.5029552737344487,1.8421431962746502,1.9171011718509607,0.7566265187734056,0.7698882178060567,0.9915839999999998,0.274,0.49,1.958,0.776,0.24691369689366657,0.2947771847462222,0.4719846646268428,0.507207013776437,1.9164816610487552,1.9939044576951497,0.7706305511177903,0.7827897811018175,1.0808160000000002,1087.4506413936615,86.1595208644867,955.4333035945892,-0.04999999999999999,-0.16666666666666663,-0.025999999999999968,-0.08666666666666656,-0.015000000000000013,-0.030000000000000027,-0.010000000000000009,-0.020000000000000018,-0.12200000000000011,-0.061000000000000054,-0.04200000000000004,-0.02100000000000002,-0.15384918418679816,-0.13431528465453324,-0.06461718418679774,-0.05641287949298658
22,0.3,0.5,2.0,1.0,0.0,-1.5796422221850206,0.337,0.452,1.87,0.116,0.30402057675386474,0.3680651397037673,0.4269781224106423,0.4754237214137756,1.8193642902409628,1.9244946393837725,0.11166955579603424,0.1197785277386388,-1.43616,0.306,0.5,1.992,0.107,0.28121300951676675,0.3309576730259085,0.47930329020731605,0.5224962689373072,1.9479596490922666,2.0428437047942007,0.1037375298389004,0.11087977645951412,-1.565712,764.6165990829468,81.23987483978271,1447.6775486469269,0.03700000000000003,0.12333333333333345,0.006000000000000005,0.020000000000000018,-0.04799999999999999,-0.09599999999999997,0.0,0.0,-0.1299999999999999,-0.06499999999999995,-0.008000000000000007,-0.0040000000000000036,0.1434822221850205,-0.09083210119982137,0.013930222185020602,-0.008818593216476446
23,0.3,0.5,2.0,1.0,0.0,0.32671645287259343,0.246,0.524,1.964,0.592,0.22606272801019808,0.26903510823201143,0.5075759166715438,0.5445007197210061,1.925225332788875,1.9943497281206612,0.5832482789966459,0.6001615099118206,0.3613759999999999,0.292,0.5,2.014,0.594,0.2747803897483293,0.31141187692297323,0.48310141883848895,0.5164248221178321,1.979840434860966,2.045659925244748,0.5863142842016751,0.6021426852638043,0.37863199999999964,1548.762892961502,69.25317454338074,897.144611120224,-0.05399999999999999,-0.18,-0.008000000000000007,-0.026666666666666693,0.02400000000000002,0.04800000000000004,0.0,0.0,-0.03600000000000003,-0.018000000000000016,0.01399999999999979,0.006999999999999895,0.03465954712740649,0.10608448647954177,0.0519155471274062,0.15890092669330988
24,0.3,0.5,2.0,1.0,0.0,1.1012649212214538,0.282,0.515,1.946,0.76,0.2591452459975636,0.30569480472747285,0.4956195745315591,0.5331911944016856,1.9094632629167079,1.98748806290158,0.7530426313690654,0.7660040986214964,1.0119200000000002,0.309,0.512,2.012,0.771,0.28689887303441897,0.32970704095642744,0.49388462284747636,0.530689267840052,1.9701637592200643,2.0494794394431546,0.7645853461650529,0.7775246162715823,1.0905040000000001,1147.210376739502,70.14452624320984,1153.4510934352875,-0.018000000000000016,-0.06000000000000005,0.009000000000000008,0.030000000000000027,0.015000000000000013,0.030000000000000027,0.01200000000000001,0.02400000000000002,-0.05400000000000005,-0.027000000000000024,0.01200000000000001,0.006000000000000005,-0.08934492122145365,-0.08112936269899335,-0.010760921221453668,-0.009771419223558243
25,0.3,0.5,2.0,1.0,0.0,-1.3846143981179027,0.28,0.463,1.892,0.165,0.25279529000939094,0.3107448099764548,0.44226269055984735,0.48401219501312964,1.8428781297788677,1.9311291773572605,0.15886444399919533,0.1697448491201071,-1.2676399999999999,0.244,0.479,1.959,0.163,-0.11703354607023105,0.3219982759335826,0.41115112948626137,0.5097017582055987,1.6124027165260468,2.023423761476442,0.14695194130900494,0.22444266749419456,-1.320366,961.7059650421143,88.74012422561646,22364.65477991104,-0.019999999999999962,-0.06666666666666654,-0.055999999999999994,-0.18666666666666665,-0.03699999999999998,-0.07399999999999995,-0.02100000000000002,-0.04200000000000004,-0.1080000000000001,-0.05400000000000005,-0.040999999999999925,-0.020499999999999963,0.11697439811790278,-0.08448156994243691,0.06424839811790273,-0.04640165392273485
26,0.3,0.5,2.0,1.0,0.0,1.116147361342684,0.253,0.507,1.909,0.766,0.22993391276508354,0.2780466985826987,0.48788295417170974,0.5254681663844877,1.869154092945064,1.9459103628328422,0.7592010171599841,0.7718993318303469,1.015588,0.29,0.504,1.984,0.777,0.2655100987517067,0.31287692591824173,0.486031673534191,0.5208542191734952,1.947671344307672,2.017260939753528,0.7697964493940975,0.7819179547900902,1.0991360000000001,1170.677750825882,76.36761379241943,933.2623629570007,-0.046999999999999986,-0.15666666666666662,-0.010000000000000009,-0.03333333333333337,0.007000000000000006,0.014000000000000012,0.0040000000000000036,0.008000000000000007,-0.09099999999999997,-0.045499999999999985,-0.016000000000000014,-0.008000000000000007,-0.10055936134268406,-0.09009505807702207,-0.017011361342683884,-0.015241142820263308
27,0.3,0.5,2.0,1.0,0.0,-0.08624965576910126,0.281,0.52,1.951,0.479,0.25964212374505763,0.3010941466258941,0.5032742141922778,0.5378279485435369,1.9167518796367533,1.9799372351975726,0.4697184712244527,0.4869438471971098,-0.08194200000000018,0.322,0.503,2.009,0.479,0.30335613114458426,0.34130044009932453,0.4866877490315446,0.518933200938815,1.9717676643774706,2.0409656276648627,0.4710446429077638,0.4868818481414582,-0.08437800000000006,1577.0113430023193,79.58789491653442,720.2856433391571,-0.01899999999999996,-0.06333333333333321,0.02200000000000002,0.0733333333333334,0.020000000000000018,0.040000000000000036,0.0030000000000000027,0.006000000000000005,-0.04899999999999993,-0.024499999999999966,0.008999999999999897,0.0044999999999999485,0.004307655769101082,-0.0499440343348511,0.0018716557691011992,-0.021700443351470342
28,0.3,0.5,2.0,1.0,0.0,-1.205180414208618,0.263,0.485,1.929,0.21,0.2367275787756459,0.2877068042383265,0.4656115720758582,0.5045547196234873,1.8877989968489235,1.971577494286935,0.20429266644088123,0.21637191728496968,-1.11882,0.279,0.494,2.017,0.198,0.25563567644468405,0.30309064544656317,0.4750555182603311,0.5126910718671654,1.9757636014629194,2.059184930466232,0.19264212286689653,0.20452374675428212,-1.218268,1082.7222049236298,73.40609765052795,671.6966636180878,-0.03699999999999998,-0.12333333333333327,-0.020999999999999963,-0.06999999999999988,-0.015000000000000013,-0.030000000000000027,-0.006000000000000005,-0.01200000000000001,-0.07099999999999995,-0.035499999999999976,0.016999999999999904,0.008499999999999952,0.08636041420861806,-0.07165766485288151,-0.013087585791381917,0.010859441156763142
29,0.3,0.5,2.0,1.0,0.0,-1.3370933890365166,0.29,0.491,1.932,0.181,0.2674843302741569,0.3166269142694265,0.4708966654255981,0.5103840351292216,1.888922857704569,1.9763238826888547,0.17522142749973574,0.18638990752530651,-1.232616,0.288,0.523,2.049,0.168,0.2649101177508251,0.3083325856824384,0.5007919732655963,0.5437155334857693,2.004060278090419,2.09476332444929,0.16315796670682586,0.1728009608986429,-1.360536,1009.4362423419952,79.07019066810608,2539.0607521533966,-0.010000000000000009,-0.03333333333333337,-0.01200000000000001,-0.040000000000000036,-0.009000000000000008,-0.018000000000000016,0.02300000000000002,0.04600000000000004,-0.06800000000000006,-0.03400000000000003,0.04899999999999993,0.024499999999999966,0.10447738903651671,-0.07813769022656007,-0.023442610963483324,0.017532515795606177
30,0.3,0.5,2.0,1.0,0.0,-0.2114553031933537,0.241,0.495,1.914,0.454,0.21710462072544343,0.2630493412952989,0.4777751893738566,0.5113703440396105,1.8829711714708177,1.9469797428350455,0.44530965905970127,0.461849498838533,-0.17608800000000002,0.286,0.481,1.977,0.45,0.26659417931732476,0.30754470155656743,0.46422864139906067,0.4976061066385444,1.9443198776873438,2.012538259166304,0.4418380715078435,0.4571526692908096,-0.1977,1610.1236901283264,76.37738180160522,823.1012277603149,-0.059,-0.19666666666666666,-0.014000000000000012,-0.04666666666666671,-0.0050000000000000044,-0.010000000000000009,-0.019000000000000017,-0.038000000000000034,-0.08600000000000008,-0.04300000000000004,-0.02299999999999991,-0.011499999999999955,0.03536730319335368,-0.1672566384443619,0.013755303193353718,-0.0650506418407295
31,0.3,0.5,2.0,1.0,0.0,0.8700851558896696,0.238,0.504,1.948,0.705,0.21503797210482875,0.2628207884492502,0.4838034816883257,0.5231391382082121,1.907776922193653,1.984862481577921,0.6983398609928553,0.7126908801232703,0.7986799999999996,0.276,0.494,2.018,0.716,0.2527507861125145,0.29939498866829534,0.4755063025972526,0.5111603175333267,1.9830303089045858,2.0591766916832874,0.7098555430597979,0.7236071871145068,0.8717759999999997,1312.2445936203003,71.82246112823486,586.6304636001587,-0.062,-0.20666666666666667,-0.023999999999999966,-0.07999999999999989,0.0040000000000000036,0.008000000000000007,-0.006000000000000005,-0.01200000000000001,-0.052000000000000046,-0.026000000000000023,0.017999999999999794,0.008999999999999897,-0.07140515588967,-0.08206685909571415,0.0016908441103300476,0.0019433087656818427
32,0.3,0.5,2.0,1.0,0.0,0.2556357744428408,0.25,0.529,1.964,0.561,0.2278011149315739,0.2722103995618469,0.5120610257932501,0.5473430698420917,1.9325619140814732,1.9994265502768984,0.5535808789402009,0.5698748825661047,0.23960800000000004,0.291,0.519,2.035,0.564,0.2713388909085708,0.308404241811688,0.5026072493939256,0.5366572250629484,1.996152344023413,2.0669057482574296,0.5556044632141837,0.5726189236137025,0.2604799999999998,1565.3932883739471,86.15605401992798,668.9271867275238,-0.04999999999999999,-0.16666666666666663,-0.009000000000000008,-0.030000000000000027,0.029000000000000026,0.05800000000000005,0.019000000000000017,0.038000000000000034,-0.03600000000000003,-0.018000000000000016,0.03500000000000014,0.01750000000000007,-0.01602777444284076,-0.06269769744775885,0.004844225557159021,0.018949716907647334
33,0.3,0.5,2.0,1.0,0.0,0.4253101071706835,0.263,0.506,1.94,0.597,0.2413292836702297,0.2845442360368697,0.4880517290784339,0.5243683888927478,1.90558737682603,1.9729587599332234,0.5896935561823746,0.6062936611597795,0.37636000000000003,0.3,0.497,2.003,0.601,0.27975025717354385,0.31972870161936084,0.47750779333392773,0.5117467086193159,1.9680439907823633,2.035889908072501,0.593338166399744,0.6098912365290399,0.4046059999999998,1450.1396992206573,74.54703998565674,964.9127960205078,-0.03699999999999998,-0.12333333333333327,0.0,0.0,0.006000000000000005,0.01200000000000001,-0.0030000000000000027,-0.006000000000000005,-0.06000000000000005,-0.030000000000000027,0.0030000000000001137,0.0015000000000000568,-0.04895010717068349,-0.11509274373072693,-0.020704107170683717,-0.04868002622466444
34,0.3,0.5,2.0,1.0,0.0,-0.6221130685147174,0.252,0.507,1.946,0.347,0.22828708604465342,0.2746839895332142,0.48656147257355153,0.5254581727549195,1.9089182566942313,1.976895086837977,0.339847520199712,0.3556759796093392,-0.5954760000000001,0.292,0.499,2.016,0.34,0.26959245448345553,0.31171723626352593,0.48200156229324825,0.5160063929504958,1.9770197212268898,2.0501071424551873,0.3329927867832046,0.34775847610647187,-0.6451199999999999,1549.0452406406403,84.16409635543823,1069.283045053482,-0.04799999999999999,-0.15999999999999998,-0.008000000000000007,-0.026666666666666693,0.007000000000000006,0.014000000000000012,-0.0010000000000000009,-0.0020000000000000018,-0.05400000000000005,-0.027000000000000024,0.016000000000000014,0.008000000000000007,0.026637068514717255,-0.04281708561164408,-0.023006931485282545,0.03698191317570476
35,0.3,0.5,2.0,1.0,0.0,-0.7414828618443046,0.266,0.509,1.929,0.321,0.24167876911466812,0.28751553972698113,0.4918093856379069,0.5281741836317604,1.896087378956703,1.9679169454123564,0.3133235692898514,0.32829974209520624,-0.690582,0.304,0.501,1.999,0.313,0.282321638579692,0.3245894643310899,0.4843066162145726,0.5205481965569589,1.9653424907866144,2.037370009430481,0.3058858283109131,0.32056553423611933,-0.7476260000000001,1839.9912540912628,89.43536853790283,976.3926949501038,-0.033999999999999975,-0.11333333333333326,0.0040000000000000036,0.013333333333333346,0.009000000000000008,0.018000000000000016,0.0010000000000000009,0.0020000000000000018,-0.07099999999999995,-0.035499999999999976,-0.0009999999999998899,-0.0004999999999999449,0.050900861844304535,-0.06864738817792476,-0.00614313815569556,0.008284936135159772
36,0.3,0.5,2.0,1.0,0.0,0.04069246554437855,0.257,0.517,1.95,0.517,0.23563920815463868,0.27714743090057203,0.49983599155924013,0.536868612065381,1.9168702396364834,1.9827011029025698,0.5096377907772005,0.5259192332804826,0.06630000000000025,0.295,0.506,2.017,0.52,0.27534779397138265,0.31598720532885116,0.49038084271955656,0.5240567589549147,1.9820123614063185,2.0478946616930647,0.5122398276035054,0.5289480553472132,0.08068000000000008,1610.3163170814514,82.36618137359619,690.991448879242,-0.04299999999999998,-0.14333333333333328,-0.0050000000000000044,-0.016666666666666684,0.017000000000000015,0.03400000000000003,0.006000000000000005,0.01200000000000001,-0.050000000000000044,-0.025000000000000022,0.016999999999999904,0.008499999999999952,0.025607534455621694,0.6292942468107401,0.03998753445562153,0.9826766188942708
37,0.3,0.5,2.0,1.0,0.0,-1.0859589037723365,0.251,0.502,1.917,0.241,0.2258982258694623,0.27559954214419513,0.4835475536482924,0.5197418203567586,1.878539541720064,1.953765592245468,0.23325868972653135,0.24693507438869675,-0.993006,0.283,0.504,1.996,0.231,0.2635023695631441,0.3054871101067973,0.48518021386633087,0.5200878648790636,1.9577901526569834,2.0370354371638753,0.22463829433057733,0.23637764864434002,-1.073848,1319.9753112792969,94.10262537002563,873.4384217262268,-0.04899999999999999,-0.1633333333333333,-0.017000000000000015,-0.05666666666666672,0.0020000000000000018,0.0040000000000000036,0.0040000000000000036,0.008000000000000007,-0.08299999999999996,-0.04149999999999998,-0.0040000000000000036,-0.0020000000000000018,0.09295290377233645,-0.08559523150410428,0.01211090377233659,-0.011152267116431833
38,0.3,0.5,2.0,1.0,0.0,-0.5213259287559455,0.257,0.507,1.957,0.374,0.23628931707938228,0.27805418011548433,0.49020067069490825,0.5241961674024924,1.9232745157213986,1.9948773495454388,0.36502543825480127,0.38170542225533854,-0.49316399999999994,0.293,0.499,2.028,0.366,0.2727424768678278,0.31393613374946716,0.4783523143813566,0.5129613995157281,1.9942127977654631,2.06403713939493,0.3577592620195993,0.3727957008625975,-0.543504,1807.7396025657654,94.7232232093811,1027.788978099823,-0.04299999999999998,-0.14333333333333328,-0.007000000000000006,-0.023333333333333355,0.007000000000000006,0.014000000000000012,-0.0010000000000000009,-0.0020000000000000018,-0.04299999999999993,-0.021499999999999964,0.028000000000000025,0.014000000000000012,0.028161928755945587,-0.0540198121799719,-0.022178071244054465,0.042541661599258276
39,0.3,0.5,2.0,1.0,0.0,-0.5455596909862079,0.251,0.512,1.924,0.378,0.22825270426933345,0.27398677690628087,0.49293287311022005,0.5282274415968232,1.8922028468647734,1.9584488288683612,0.3703488445558732,0.3862751183384975,-0.4694559999999999,0.295,0.498,1.989,0.371,0.27291174890582215,0.31608735796658605,0.48128423607106446,0.5165371963663618,1.9561108195760777,2.0221844585733484,0.3624018564066746,0.3781662950047269,-0.5131620000000001,1689.5296251773834,87.55017876625061,1203.155335187912,-0.04899999999999999,-0.1633333333333333,-0.0050000000000000044,-0.016666666666666684,0.01200000000000001,0.02400000000000002,-0.0020000000000000018,-0.0040000000000000036,-0.07600000000000007,-0.038000000000000034,-0.010999999999999899,-0.005499999999999949,0.07610369098620806,-0.13949654317135393,0.03239769098620782,-0.059384319482332956
41,0.3,0.5,2.0,1.0,0.0,0.735260948592583,0.276,0.495,1.919,0.67,0.25168556507012485,0.30156494222648356,0.47616270842535774,0.5116854886355698,1.887879920315643,1.9540205632187897,0.6621550709098466,0.6780128809728928,0.65246,0.309,0.492,1.992,0.679,0.2867879150757255,0.3302657864834794,0.47542181074532724,0.5081783755005443,1.9567193016775113,2.022164513889547,0.6706500365330671,0.6859527441122716,0.713136,1364.9463520050049,73.65543413162231,761.180094242096,-0.023999999999999966,-0.07999999999999989,0.009000000000000008,0.030000000000000027,-0.0050000000000000044,-0.010000000000000009,-0.008000000000000007,-0.016000000000000014,-0.08099999999999996,-0.04049999999999998,-0.008000000000000007,-0.0040000000000000036,-0.08280094859258291,-0.11261437011047343,-0.02212494859258296,-0.030091287501306782
42,0.3,0.5,2.0,1.0,0.0,0.5895497479487748,0.256,0.507,1.938,0.638,0.23388819799750535,0.2768935168453244,0.49037185906170894,0.5256023590597274,1.9053360433899797,1.971611797874417,0.6296191014858241,0.6454939589454205,0.5348879999999998,0.288,0.498,2.004,0.643,0.270134078965832,0.309112209665268,0.48217515904362324,0.5141509434912276,1.9711226814030987,2.036704163840914,0.6352486182873107,0.6501443008321328,0.5731440000000001,1516.4074251651764,71.71100354194641,662.729040145874,-0.043999999999999984,-0.1466666666666666,-0.01200000000000001,-0.040000000000000036,0.007000000000000006,0.014000000000000012,-0.0020000000000000018,-0.0040000000000000036,-0.062000000000000055,-0.031000000000000028,0.0040000000000000036,0.0020000000000000018,-0.054661747948774986,-0.09271778698737476,-0.016405747948774696,-0.027827588775765483
43,0.3,0.5,2.0,1.0,0.0,0.8975247271221085,0.265,0.492,1.908,0.716,0.23999390391471595,0.28734614661841706,0.4728398536112675,0.5120430581092371,1.8711435415043647,1.9457422262111215,0.7095642727289457,0.7236773013919011,0.8242559999999997,0.298,0.486,1.971,0.725,0.275827880231607,0.31836525337233956,0.466794607149738,0.500963170274827,1.933764927387129,2.004003407971406,0.7178598397349338,0.7317358696179159,0.8869500000000001,1285.4502248764038,80.86750745773315,731.1669857501984,-0.034999999999999976,-0.11666666666666659,-0.0020000000000000018,-0.006666666666666673,-0.008000000000000007,-0.016000000000000014,-0.014000000000000012,-0.028000000000000025,-0.09200000000000008,-0.04600000000000004,-0.028999999999999915,-0.014499999999999957,-0.07326872712210886,-0.08163421564667446,-0.010574727122108385,-0.011782101152818367
44,0.3,0.5,2.0,1.0,0.0,0.7756642621651708,0.242,0.513,1.936,0.685,0.2184978701656594,0.26391244666714636,0.4937927415232152,0.5301717302525254,1.896575698362868,1.9741356340408187,0.6769338844588653,0.6923500597067385,0.7163200000000001,0.294,0.491,1.994,0.694,0.27143662865595025,0.3146685327990861,0.4724265611001385,0.5074074349204847,1.952712084165222,2.0297177613188095,0.6866193646961098,0.7008946885067933,0.7736719999999997,1348.1206200122833,70.98760628700256,725.4498386383057,-0.057999999999999996,-0.19333333333333333,-0.006000000000000005,-0.020000000000000018,0.013000000000000012,0.026000000000000023,-0.009000000000000008,-0.018000000000000016,-0.06400000000000006,-0.03200000000000003,-0.006000000000000005,-0.0030000000000000027,-0.05934426216517075,-0.07650766582892266,-0.0019922621651711214,-0.002568459399702093
46,0.3,0.5,2.0,1.0,0.0,0.41249930259513024,0.263,0.504,1.941,0.606,0.24220848956113342,0.2871825150568269,0.48548715355740985,0.5224865884155437,1.9051398952790919,1.975354766449654,0.597545230243176,0.6133226309172789,0.41149199999999975,0.297,0.498,2.008,0.61,0.27798196113225343,0.32035940295504983,0.48172128864079067,0.5161639604817435,1.9745663710050578,2.0456507475326586,0.6023765823935502,0.6189078452177055,0.44175999999999993,1487.884729385376,70.38985872268677,655.7100930213928,-0.03699999999999998,-0.12333333333333327,-0.0030000000000000027,-0.010000000000000009,0.0040000000000000036,0.008000000000000007,-0.0020000000000000018,-0.0040000000000000036,-0.05899999999999994,-0.02949999999999997,0.008000000000000007,0.0040000000000000036,-0.0010073025951304881,-0.0024419498137168,0.029260697404869696,0.0709351439403261
47,0.3,0.5,2.0,1.0,0.0,-0.8426654391631052,0.271,0.509,1.916,0.299,0.2492295532540092,0.2955592865436693,0.48810824616319826,0.5252344330263982,1.8799432884296172,1.9494999194601739,0.29223703271410034,0.30613101447668717,-0.770232,0.316,0.491,1.968,0.291,0.29149172374034404,0.3354518281796434,0.47366922657934746,0.5094875218290656,1.9292851033297924,2.001416800637053,0.28435465746180494,0.2979354830357041,-0.822624,1335.1397869586945,76.48934578895569,819.3007071018219,-0.02899999999999997,-0.09666666666666657,0.016000000000000014,0.053333333333333385,0.009000000000000008,0.018000000000000016,-0.009000000000000008,-0.018000000000000016,-0.08400000000000007,-0.04200000000000004,-0.03200000000000003,-0.016000000000000014,0.07243343916310518,-0.08595752928355836,0.02004143916310519,-0.02378338808223746
48,0.3,0.5,2.0,1.0,0.0,-0.3850196159883379,0.249,0.516,1.929,0.411,0.22915672942573495,0.2683105747299995,0.4962532904947439,0.531490034819,1.8964913158081032,1.962357715057349,0.4029509731088823,0.4200044703666397,-0.34336200000000017,0.297,0.496,1.99,0.405,0.27612075215760196,0.3187655409423819,0.4800179393041249,0.513283796481562,1.9554481489650521,2.0216774179742347,0.3971322068961962,0.413281691789267,-0.3780999999999999,1475.5801191329956,78.74014663696289,856.8796560764313,-0.05099999999999999,-0.16999999999999998,-0.0030000000000000027,-0.010000000000000009,0.016000000000000014,0.03200000000000003,-0.0040000000000000036,-0.008000000000000007,-0.07099999999999995,-0.035499999999999976,-0.010000000000000009,-0.0050000000000000044,0.041657615988337726,-0.10819608731208001,0.006919615988338013,-0.017972112850862136
49,0.3,0.5,2.0,1.0,0.0,0.006089155571450178,0.247,0.523,1.938,0.507,0.22919811632683237,0.2678251587014269,0.5062013038643701,0.5418887768715115,1.9060127013150512,1.9701630543034703,0.4982240430021892,0.515375988591761,0.027131999999999934,0.297,0.497,1.989,0.504,0.2785644278933658,0.3166614033765256,0.4819874232542296,0.515293106149439,1.9532902426327612,2.0206214776527824,0.4954098605491193,0.513107573740839,0.015911999999999926,1572.8789818286896,71.69068503379822,679.8399641513824,-0.05299999999999999,-0.17666666666666664,-0.0030000000000000027,-0.010000000000000009,0.02300000000000002,0.04600000000000004,-0.0030000000000000027,-0.006000000000000005,-0.062000000000000055,-0.031000000000000028,-0.010999999999999899,-0.005499999999999949,0.021042844428549756,3.4557902457299585,0.009822844428549748,1.6131702193002708
50,0.3,0.5,2.0,1.0,0.0,-0.08028568897111943,0.25,0.512,1.957,0.479,0.22691008288485418,0.2704961949243903,0.4935607028266757,0.5279600111581001,1.9218558864492885,1.9886291128728881,0.4700689399640145,0.4873404722091747,-0.0821940000000001,0.288,0.506,2.035,0.478,0.2659793740747496,0.30759053329789365,0.49026692438858716,0.522173161103676,2.004098290215361,2.0666427318247056,0.46975210167873926,0.48566317763931194,-0.08954000000000018,1569.9512674808502,74.4013283252716,769.4840085506439,-0.04999999999999999,-0.16666666666666663,-0.01200000000000001,-0.040000000000000036,0.01200000000000001,0.02400000000000002,0.006000000000000005,0.01200000000000001,-0.04299999999999993,-0.021499999999999964,0.03500000000000014,0.01750000000000007,-0.0019083110288806715,0.023769006074882585,-0.009254311028880746,0.11526725556543123
51,0.3,0.5,2.0,1.0,0.0,-0.2950495557721309,0.255,0.51,1.94,0.437,0.23421791524414076,0.27378455128999735,0.49255738141910177,0.5275038415127882,1.9052167245418392,1.9696948632230906,0.42897136768242816,0.44597332154974406,-0.24444,0.29,0.506,2.034,0.431,0.2709028838261665,0.31039067224850625,0.49059525992544084,0.521238744687923,2.017633991886342,2.0521404448846563,0.4236123232155726,0.43859588786408943,-0.28069199999999994,1583.32030916214,69.58176732063293,3706.8015904426575,-0.044999999999999984,-0.14999999999999997,-0.010000000000000009,-0.03333333333333337,0.010000000000000009,0.020000000000000018,0.006000000000000005,0.01200000000000001,-0.06000000000000005,-0.030000000000000027,0.03399999999999981,0.016999999999999904,0.05060955577213089,-0.17152900176273117,0.014357555772130937,-0.04866150614786687
52,0.3,0.5,2.0,1.0,0.0,-0.12261133142823355,0.266,0.517,1.977,0.466,0.2453864933568863,0.2845349405495364,0.5002860926356651,0.5342356211627101,1.9441002504877973,2.0065426940982993,0.45766479849018327,0.4748257284227836,-0.134436,0.307,0.501,2.033,0.464,0.28712655929712405,0.32679841670022064,0.48492645625290837,0.5174591001632878,1.999378178797347,2.063116208137848,0.455941716295513,0.4728311403706562,-0.14637599999999984,1647.8550989627838,79.46528244018555,742.7865042686462,-0.033999999999999975,-0.11333333333333326,0.007000000000000006,0.023333333333333355,0.017000000000000015,0.03400000000000003,0.0010000000000000009,0.0020000000000000018,-0.02299999999999991,-0.011499999999999955,0.03299999999999992,0.01649999999999996,-0.01182466857176645,0.09644025910188916,-0.02376466857176629,0.1938211443831857
53,0.3,0.5,2.0,1.0,0.0,-1.1250859289341701,0.294,0.502,1.944,0.229,0.26852625088844406,0.3153742396787972,0.48418161678518007,0.5228664389204276,1.9047725807257012,1.982971760408152,0.22211400255215716,0.23493905326784947,-1.053648,0.31,0.512,2.03,0.217,0.2892369523767741,0.3344518730867741,0.4911875481634983,0.5277118413406487,1.9911923148957325,2.0723347997497563,0.21191772428690006,0.22256121722473893,-1.14898,1327.1693739891052,83.65095090866089,870.5299491882324,-0.006000000000000005,-0.020000000000000018,0.010000000000000009,0.03333333333333337,0.0020000000000000018,0.0040000000000000036,0.01200000000000001,0.02400000000000002,-0.05600000000000005,-0.028000000000000025,0.029999999999999805,0.014999999999999902,0.07143792893417023,-0.063495531405184,-0.023894071065829747,0.021237552129431896
54,0.3,0.5,2.0,1.0,0.0,-0.25749410393241123,0.24,0.515,1.947,0.449,0.21859456642888545,0.2615120030426813,0.49795394322386305,0.5315292297777264,1.9148830210153855,1.9800248625085308,0.4401706653825194,0.45720088841471473,-0.19859399999999994,0.285,0.494,2.003,0.444,0.26594015531079807,0.3038547807985713,0.4772267482075639,0.510103353116332,1.9693634557624264,2.0325603993053973,0.43471468052597134,0.45149585616583493,-0.2243360000000001,2152.426114797592,91.88622498512268,709.2751791477203,-0.06,-0.2,-0.015000000000000013,-0.050000000000000044,0.015000000000000013,0.030000000000000027,-0.006000000000000005,-0.01200000000000001,-0.052999999999999936,-0.026499999999999968,0.0030000000000001137,0.0015000000000000568,0.058900103932411296,-0.22874350531875398,0.03315810393241114,-0.1287722842038927
55,0.3,0.5,2.0,1.0,0.0,-0.18425795740688744,0.262,0.518,1.943,0.459,0.23882256839195956,0.2830753671693413,0.5002763283456201,0.5346187570169479,1.9109202900403437,1.9740499508810738,0.4507575075634387,0.4680553941558462,-0.15932599999999986,0.302,0.509,2.011,0.455,0.2816952759691545,0.3224260407003349,0.4916010759850505,0.5247809380741311,1.9765744685077178,2.0422562198163634,0.44670570687955846,0.46418257956493497,-0.18098999999999998,1559.2952678203583,73.34966897964478,713.2122209072113,-0.03799999999999998,-0.1266666666666666,0.0020000000000000018,0.006666666666666673,0.018000000000000016,0.03600000000000003,0.009000000000000008,0.018000000000000016,-0.05699999999999994,-0.02849999999999997,0.01100000000000012,0.00550000000000006,0.024931957406887584,-0.13531007158530264,0.003267957406887456,-0.01773577354746744
56,0.3,0.5,2.0,1.0,0.0,0.47939998957527363,0.247,0.499,1.919,0.622,0.22663946991199527,0.2679560782036716,0.47955743602848916,0.5162929909296675,1.8851369104724767,1.9498506142117018,0.6144826069668191,0.6309459704489099,0.4682360000000001,0.28,0.495,1.996,0.629,0.2584361369587964,0.30065166864281645,0.4774510983976017,0.5107727515386101,1.9627537537470479,2.031751881075368,0.6211743301757862,0.6366189696970738,0.5149680000000001,1684.374018907547,90.2931854724884,993.3200659751892,-0.05299999999999999,-0.17666666666666664,-0.019999999999999962,-0.06666666666666654,-0.0010000000000000009,-0.0020000000000000018,-0.0050000000000000044,-0.010000000000000009,-0.08099999999999996,-0.04049999999999998,-0.0040000000000000036,-0.0020000000000000018,-0.011163989575273536,-0.023287421397660685,0.03556801042472646,0.07419276428486801
57,0.3,0.5,2.0,1.0,0.0,0.7558942475039307,0.248,0.501,1.924,0.682,0.22461379072177035,0.27079439298972985,0.48256750111491475,0.5205106243913357,1.8844430651416564,1.9562582988632704,0.674506479609275,0.6896804918192145,0.7003360000000001,0.287,0.494,1.995,0.691,0.26563408988213266,0.3075275972042204,0.4777497114038648,0.5109706507573016,1.960612100237058,2.02934485458565,0.6843256424179892,0.6981805544615826,0.7620899999999997,1327.0256164073944,74.22526478767395,764.2291643619537,-0.05199999999999999,-0.1733333333333333,-0.013000000000000012,-0.043333333333333376,0.0010000000000000009,0.0020000000000000018,-0.006000000000000005,-0.01200000000000001,-0.07600000000000007,-0.038000000000000034,-0.004999999999999893,-0.0024999999999999467,-0.05555824750393068,-0.07350002687200205,0.0061957524960689625,0.00819658638298705
58,0.3,0.5,2.0,1.0,0.0,1.7631883402447266,0.353,0.421,1.863,0.935,0.3113571828665696,0.40325457557051586,0.39806356881892097,0.45287055669584597,1.8005491850773985,1.9218336891703585,0.9319608828043403,0.937057604508142,1.62081,0.286,0.498,2.007,0.94,0.2484039763150958,0.31835788087954364,0.4722335862244621,0.5268048193359347,1.9408970344815257,2.0672266985288883,0.9375000483169453,0.9420537852854662,1.7661599999999997,480.8831248283386,172.15659618377686,2609.4433376789093,0.05299999999999999,0.17666666666666664,-0.014000000000000012,-0.04666666666666671,-0.07900000000000001,-0.15800000000000003,-0.0020000000000000018,-0.0040000000000000036,-0.137,-0.0685,0.007000000000000117,0.0035000000000000586,-0.1423783402447265,-0.08075050009970275,0.002971659755273137,0.001685389863036797
59,0.3,0.5,2.0,1.0,0.0,-0.46260465774725446,0.275,0.523,1.947,0.39,0.25236797144035383,0.2986411283197261,0.5027860349355635,0.5388618317177731,1.9139731462298006,1.9836677118547599,0.38172770700660225,0.3987599963152856,-0.42833999999999994,0.31,0.519,2.024,0.383,0.2917311167391801,0.3321461611171176,0.5011112433461586,0.5366511698767324,1.9820577971886426,2.05549277224574,0.37524421531351687,0.39087612550043316,-0.47361600000000004,1477.8687314987183,76.16237425804138,552.2205431461334,-0.024999999999999967,-0.08333333333333323,0.010000000000000009,0.03333333333333337,0.02300000000000002,0.04600000000000004,0.019000000000000017,0.038000000000000034,-0.052999999999999936,-0.026499999999999968,0.02400000000000002,0.01200000000000001,0.03426465774725451,-0.07406898563043678,-0.011011342252745582,0.023802921281353945
60,0.3,0.5,2.0,1.0,0.0,0.16470136346727493,0.243,0.516,1.949,0.544,0.22151841682659135,0.2645280407762017,0.49845358582072546,0.5329168122264304,1.9170498783511014,1.9815786443692223,0.5339953237940291,0.5517099644969474,0.1715120000000001,0.284,0.503,2.021,0.546,0.2662569723454852,0.3043241809121634,0.4869334790691215,0.5202971654254323,1.9874987742540526,2.053207739930626,0.5379788322900342,0.5548163761252981,0.1859320000000002,1563.2552165985107,70.940744638443,679.6422021389008,-0.056999999999999995,-0.19,-0.016000000000000014,-0.053333333333333385,0.016000000000000014,0.03200000000000003,0.0030000000000000027,0.006000000000000005,-0.050999999999999934,-0.025499999999999967,0.020999999999999908,0.010499999999999954,0.006810636532725178,0.0413514277559603,0.021230636532725278,0.12890382985167978
61,0.3,0.5,2.0,1.0,0.0,1.7471508728900722,0.322,0.403,1.817,0.929,0.2816516471136001,0.36344721497281274,0.37669244929962503,0.4280539354673847,1.7616326153949982,1.868129584125064,0.9268776553371405,0.9319529535735707,1.5589860000000002,0.251,0.476,1.963,0.935,0.2197325533807001,0.2874110685042597,0.45043794944437093,0.4995090959925854,1.898487937311067,2.0211140611276233,0.9327539411493235,0.9377118692856727,1.7078100000000003,601.2088296413422,90.41514563560486,1545.4427218437195,0.02200000000000002,0.0733333333333334,-0.04899999999999999,-0.1633333333333333,-0.09699999999999998,-0.19399999999999995,-0.02400000000000002,-0.04800000000000004,-0.18300000000000005,-0.09150000000000003,-0.03699999999999992,-0.01849999999999996,-0.188164872890072,-0.10769812487848668,-0.03934087289007193,-0.02251715836365964
62,0.3,0.5,2.0,1.0,0.0,-1.1730550461899667,0.267,0.497,1.873,0.222,0.23900806071662545,0.28970959766460713,0.4761099096795341,0.514238804769806,1.8308417239030117,1.910774620365139,0.21478359648506723,0.2280140488325469,-1.041388,0.288,0.5,1.951,0.21,0.2621468436801042,0.3086653431198827,0.48014364232529394,0.5179238918334154,1.9131432829763815,1.9903533401160625,0.2043090983964501,0.2156077325776326,-1.13158,1101.1749517917633,80.1502137184143,647.5445733070374,-0.032999999999999974,-0.10999999999999992,-0.01200000000000001,-0.040000000000000036,-0.0030000000000000027,-0.006000000000000005,0.0,0.0,-0.127,-0.0635,-0.04899999999999993,-0.024499999999999966,0.13166704618996672,-0.11224285392029618,0.04147504618996667,-0.03535643644744198
63,0.3,0.5,2.0,1.0,0.0,-0.18410979235363611,0.272,0.51,1.96,0.459,0.25139563660892006,0.2952759586284562,0.4920741364090188,0.5297117134737886,1.9314426091457209,1.9941649530019268,0.45018458939438066,0.46681404200780297,-0.16071999999999997,0.312,0.499,2.022,0.459,0.28856602743512644,0.3321238112272628,0.48344222749701055,0.5160550374716318,1.9886871898941922,2.0551544573452887,0.4504845423296301,0.4672385449808742,-0.16580399999999984,1499.4963088035583,73.46098899841309,767.5958316326141,-0.02799999999999997,-0.09333333333333324,0.01200000000000001,0.040000000000000036,0.010000000000000009,0.020000000000000018,-0.0010000000000000009,-0.0020000000000000018,-0.040000000000000036,-0.020000000000000018,0.021999999999999797,0.010999999999999899,0.02338979235363614,-0.127042630675012,0.018305792353636274,-0.09942867307391616
64,0.3,0.5,2.0,1.0,0.0,0.35899063458564306,0.257,0.526,1.964,0.587,0.23614470794933362,0.28209436399223137,0.5083321408016771,0.5445112268060592,1.9288825322137237,1.9975470364688142,0.578777481943649,0.5964414317927124,0.34173600000000004,0.3,0.513,2.024,0.591,0.28116605791529786,0.3212042011479107,0.4951646877706342,0.5298783094928905,1.9877956917624642,2.0556201657359905,0.5831918430516453,0.5989875173472846,0.3683679999999998,1503.9916830062866,71.08293628692627,862.2869219779968,-0.04299999999999998,-0.14333333333333328,0.0,0.0,0.026000000000000023,0.052000000000000046,0.013000000000000012,0.026000000000000023,-0.03600000000000003,-0.018000000000000016,0.02400000000000002,0.01200000000000001,-0.017254634585643025,-0.04806430286282761,0.009377365414356742,0.026121476470215878
65,0.3,0.5,2.0,1.0,0.0,-1.0370805346326235,0.286,0.504,1.938,0.255,0.26206340801482214,0.3108534054920982,0.4855478860436774,0.5227744089863292,1.90056786915627,1.9799835548076403,0.24745243142597156,0.261974413407843,-0.9496199999999999,0.305,0.51,2.013,0.246,0.28094479575354675,0.3268753724489112,0.49257095066041096,0.5269518120863775,1.970064314020798,2.050440855520173,0.23930531502205082,0.2527382225053122,-1.0226039999999998,1225.365732908249,73.9000997543335,795.0020568370819,-0.014000000000000012,-0.04666666666666671,0.0050000000000000044,0.016666666666666684,0.0040000000000000036,0.008000000000000007,0.010000000000000009,0.020000000000000018,-0.062000000000000055,-0.031000000000000028,0.0129999999999999,0.00649999999999995,0.0874605346326236,-0.08433340682033504,0.014476534632623661,-0.013958930043703736
66,0.3,0.5,2.0,1.0,0.0,0.9332187692071465,0.265,0.498,1.898,0.718,0.24057687232292432,0.29007851690390307,0.477331091060912,0.5167802833455898,1.8598413715014392,1.9354345129472335,0.7114237908716472,0.7258154455732253,0.8275279999999998,0.298,0.494,1.967,0.728,0.276093233701229,0.31980113116733455,0.47379564598491336,0.5112521004622942,1.9267917790622677,2.0059363274544597,0.7207315059110707,0.7352718325999993,0.8969519999999997,1224.1535975933075,72.15301847457886,834.1960020065308,-0.034999999999999976,-0.11666666666666659,-0.0020000000000000018,-0.006666666666666673,-0.0020000000000000018,-0.0040000000000000036,-0.006000000000000005,-0.01200000000000001,-0.10200000000000009,-0.051000000000000045,-0.03299999999999992,-0.01649999999999996,-0.1056907692071467,-0.11325401148643907,-0.036266769207146776,-0.038862022929477366
67,0.3,0.5,2.0,1.0,0.0,0.291879467029065,0.263,0.524,1.971,0.569,0.2414776051942889,0.28546567841763976,0.5073966597002281,0.5423588076113189,1.9373521684643331,2.0032337218213194,0.5599980691677094,0.5773347905514874,0.27199799999999996,0.302,0.512,2.038,0.57,0.28262454937516973,0.3213583626350276,0.4967083662636933,0.5293250043691472,2.004030125927873,2.0692514008106437,0.5614656252883555,0.5774216064758263,0.2853199999999996,1595.6154158115387,79.44318914413452,659.3232607841492,-0.03699999999999998,-0.12333333333333327,0.0020000000000000018,0.006666666666666673,0.02400000000000002,0.04800000000000004,0.01200000000000001,0.02400000000000002,-0.028999999999999915,-0.014499999999999957,0.03799999999999981,0.018999999999999906,-0.019881467029065014,-0.0681153327825052,-0.006559467029065402,-0.022473204764390704
68,0.3,0.5,2.0,1.0,0.0,-0.10938690764554826,0.267,0.512,1.942,0.473,0.24545649647559403,0.290246967416041,0.49365628547105145,0.5288110409869198,1.9092594185107565,1.9748029950217063,0.46340787162018793,0.47988316413376353,-0.10486800000000018,0.309,0.502,2.005,0.471,0.2860011486437196,0.3285403953465344,0.487009314162708,0.5191714257544634,1.9737861685359008,2.0394465358193274,0.463707353666987,0.47987849820946515,-0.11629,1754.9458746910095,89.49294447898865,1015.6101317405701,-0.032999999999999974,-0.10999999999999992,0.009000000000000008,0.030000000000000027,0.01200000000000001,0.02400000000000002,0.0020000000000000018,0.0040000000000000036,-0.05800000000000005,-0.029000000000000026,0.004999999999999893,0.0024999999999999467,0.004518907645548076,-0.041311229495497884,-0.006903092354451745,0.06310711677507305
69,0.3,0.5,2.0,1.0,0.0,1.1196673614311874,0.291,0.523,1.938,0.768,0.26684288605833095,0.3135954154674615,0.5033667741454861,0.5420625765870067,1.8968807673039012,1.9753056016024777,0.761973980685411,0.7744427779116944,1.038768,0.315,0.528,2.015,0.778,0.29465289388277427,0.338902504735839,0.5082926963597346,0.545557130345752,1.9793332486525046,2.0582549357495474,0.771984377674078,0.7844429712896659,1.1203400000000001,1207.71852517128,74.03945469856262,795.5332441329956,-0.009000000000000008,-0.030000000000000027,0.015000000000000013,0.050000000000000044,0.02300000000000002,0.04600000000000004,0.028000000000000025,0.05600000000000005,-0.062000000000000055,-0.031000000000000028,0.015000000000000124,0.007500000000000062,-0.08089936143118748,-0.07225303176452322,0.0006726385688127223,0.0006007485722839492
70,0.3,0.5,2.0,1.0,0.0,-1.292881470372962,0.289,0.48,1.931,0.185,0.2623420689218677,0.31507711015820916,0.4593476196899104,0.5005038518904651,1.8862848402653782,1.9715627112275644,0.17949750021682376,0.19070136507631041,-1.2165300000000001,0.293,0.498,2.024,0.174,0.2693174265324085,0.31413766865112003,0.47799494746625704,0.5173027098168982,1.983660636885289,2.0659399703182895,0.16915282297659162,0.17885549811611645,-1.319648,1019.3709223270416,72.40227055549622,8155.366418838501,-0.01100000000000001,-0.0366666666666667,-0.007000000000000006,-0.023333333333333355,-0.020000000000000018,-0.040000000000000036,-0.0020000000000000018,-0.0040000000000000036,-0.06899999999999995,-0.034499999999999975,0.02400000000000002,0.01200000000000001,0.07635147037296197,-0.05905527468882093,-0.02676652962703785,0.020703003516104546
71,0.3,0.5,2.0,1.0,0.0,-0.42828226447720175,0.27,0.521,1.955,0.408,0.248803373126656,0.2900615267498965,0.5021471354834063,0.5401214950550149,1.924305226912953,1.9934351986737011,0.39943222955266233,0.416223479078122,-0.35972000000000004,0.307,0.512,2.021,0.403,0.2889753012766826,0.3260311758522903,0.49395389394987144,0.5274226358542723,1.9869593171403486,2.0534197580288915,0.39443408006614467,0.41041283787281135,-0.3920739999999998,1467.7353541851044,72.59615325927734,679.5638656616211,-0.02999999999999997,-0.09999999999999991,0.007000000000000006,0.023333333333333355,0.02100000000000002,0.04200000000000004,0.01200000000000001,0.02400000000000002,-0.04499999999999993,-0.022499999999999964,0.020999999999999908,0.010499999999999954,0.0685622644772017,-0.16008663015942234,0.036208264477201935,-0.08454299297544077
72,0.3,0.5,2.0,1.0,0.0,-1.0784335537115761,0.259,0.488,1.909,0.243,0.2362770977510572,0.2853313426136613,0.46731071560439585,0.505381625077355,1.8694973487486726,1.950810770762435,0.23658964064457447,0.2497336153999034,-0.981226,0.277,0.494,1.994,0.231,0.2561003524593648,0.29906927514646003,0.475727434682572,0.5120168389470797,1.9551492242022754,2.0333821375400936,0.2240179879562002,0.23646718786453158,-1.072772,1183.98828125,74.54613733291626,702.6049330234528,-0.04099999999999998,-0.1366666666666666,-0.022999999999999965,-0.07666666666666655,-0.01200000000000001,-0.02400000000000002,-0.006000000000000005,-0.01200000000000001,-0.09099999999999997,-0.045499999999999985,-0.006000000000000005,-0.0030000000000000027,0.09720755371157608,-0.09013773113514785,0.005661553711576062,-0.005249793732855448
73,0.3,0.5,2.0,1.0,0.0,0.6444705722116919,0.253,0.501,1.932,0.654,0.2285275119569839,0.27329957140965766,0.48483934526761463,0.5209220995031713,1.8991709741208964,1.9661761140998057,0.6459242426596721,0.661947587048582,0.595056,0.289,0.493,1.999,0.66,0.26397128122991037,0.3070703402298965,0.47509658439022084,0.5095931616901205,1.9649091962370402,2.031745952802617,0.6524647614493667,0.6682052292450682,0.6396800000000002,1441.4079463481903,79.89511132240295,778.1526539325714,-0.046999999999999986,-0.15666666666666662,-0.01100000000000001,-0.0366666666666667,0.0010000000000000009,0.0020000000000000018,-0.007000000000000006,-0.014000000000000012,-0.06800000000000006,-0.03400000000000003,-0.0009999999999998899,-0.0004999999999999449,-0.049414572211691876,-0.07667467583835692,-0.004790572211691657,-0.007433345164623092
74,0.3,0.5,2.0,1.0,0.0,0.12128415835651873,0.241,0.488,1.938,0.527,0.21902206137861643,0.2640776033855572,0.4708599540760118,0.504510899779836,1.9081736881549352,1.9701547700615951,0.5177575982915068,0.5349904191123269,0.10465199999999997,0.277,0.48,2.011,0.531,0.2559290042325581,0.2953490033005396,0.46494580855153284,0.4984039650252028,1.9806819191134288,2.0461051624249857,0.5216142379499723,0.5387291964512894,0.12468199999999996,2186.51051402092,96.08420705795288,807.2950658798218,-0.059,-0.19666666666666666,-0.022999999999999965,-0.07666666666666655,-0.01200000000000001,-0.02400000000000002,-0.020000000000000018,-0.040000000000000036,-0.062000000000000055,-0.031000000000000028,0.01100000000000012,0.00550000000000006,-0.016632158356518767,-0.1371338069365003,0.0033978416434812253,0.028015543740619108
75,0.3,0.5,2.0,1.0,0.0,-0.5455784843159415,0.239,0.497,1.939,0.369,0.21569215080745316,0.26042762126750113,0.47922857188207824,0.5146809018612819,1.9046580393671049,1.9719776715275783,0.3597813648583902,0.37653731821376807,-0.5080180000000001,0.278,0.483,2.006,0.362,0.2555927550862988,0.29972091838999226,0.46704233895190295,0.4988799008434999,1.9737434862385745,2.0450474291595913,0.354570109820005,0.3699824171628683,-0.5536559999999999,1486.8510377407074,79.38211297988892,867.8816735744476,-0.061,-0.20333333333333334,-0.021999999999999964,-0.07333333333333322,-0.0030000000000000027,-0.006000000000000005,-0.017000000000000015,-0.03400000000000003,-0.06099999999999994,-0.03049999999999997,0.005999999999999783,0.0029999999999998916,0.03756048431594139,-0.06884524481025964,-0.008077515684058456,0.014805414649344588
76,0.3,0.5,2.0,1.0,0.0,-0.5614758534760302,0.256,0.489,1.896,0.372,0.23116128058469226,0.2802168727699562,0.47321324353954225,0.5064164775664287,1.862641523219819,1.9275239034246774,0.36416131487516784,0.37996113155670236,-0.48537600000000003,0.292,0.485,1.968,0.363,0.2671338450173444,0.31169033777735355,0.46744965247360337,0.5004431483447875,1.9362025710975288,2.002720965926282,0.35532095225835686,0.37003170368073707,-0.5392319999999999,1673.5643727779388,97.4083833694458,884.6104741096497,-0.043999999999999984,-0.1466666666666666,-0.008000000000000007,-0.026666666666666693,-0.01100000000000001,-0.02200000000000002,-0.015000000000000013,-0.030000000000000027,-0.10400000000000009,-0.052000000000000046,-0.03200000000000003,-0.016000000000000014,0.07609985347603021,-0.13553539837003686,0.022243853476030306,-0.03961675883000356
77,0.3,0.5,2.0,1.0,0.0,-0.9048886436693733,0.252,0.506,1.946,0.28,0.22909364415219272,0.27589843166549516,0.48612318065800814,0.5218237734194986,1.9063631565055483,1.9827763130681573,0.2725734411939585,0.28709745155749444,-0.8562399999999999,0.289,0.495,2.006,0.271,0.268324584980807,0.3143723284945853,0.4776534833600385,0.5142494198263983,1.9686788438410163,2.045029276122585,0.26443058636145783,0.2778321121201062,-0.9187479999999999,1602.75678896904,101.88029885292053,847.3204853534698,-0.04799999999999999,-0.15999999999999998,-0.01100000000000001,-0.0366666666666667,0.006000000000000005,0.01200000000000001,-0.0050000000000000044,-0.010000000000000009,-0.05400000000000005,-0.027000000000000024,0.005999999999999783,0.0029999999999998916,0.04864864366937338,-0.05376202255351604,-0.013859356330626627,0.01531609046879644
78,0.3,0.5,2.0,1.0,0.0,-1.0647355989535867,0.271,0.509,1.919,0.248,0.24731015623969504,0.29364602518883165,0.4883651633422482,0.5270317116556693,1.8790794902894747,1.9584146635964856,0.24084925480918434,0.2552475392164313,-0.967176,0.304,0.503,1.991,0.238,0.2809903954556897,0.32420818222680414,0.4864026748018225,0.5210096389432524,1.9513896293433675,2.026643524847399,0.23118974367512438,0.2430110534933166,-1.043284,1206.6706578731537,72.43106627464294,679.5388610363007,-0.02899999999999997,-0.09666666666666657,0.0040000000000000036,0.013333333333333346,0.009000000000000008,0.018000000000000016,0.0030000000000000027,0.006000000000000005,-0.08099999999999996,-0.04049999999999998,-0.008999999999999897,-0.0044999999999999485,0.09755959895358668,-0.09162800515871493,0.021451598953586615,-0.020147348294420764
79,0.3,0.5,2.0,1.0,0.0,0.6314280668132293,0.263,0.51,1.922,0.655,0.2411706872739857,0.2878370896741652,0.4922694478274594,0.5293771231526664,1.8827371595416467,1.9562158449877896,0.6473776979899233,0.6631125394535461,0.59582,0.304,0.499,1.987,0.662,0.28466987931350024,0.32811789981904216,0.48061520314500356,0.5149795430917142,1.9519153627130348,2.020837536359912,0.6552496799449733,0.6689992129743393,0.6437880000000002,1376.314180135727,81.14534378051758,729.4675235748291,-0.03699999999999998,-0.12333333333333327,0.0040000000000000036,0.013333333333333346,0.010000000000000009,0.020000000000000018,-0.0010000000000000009,-0.0020000000000000018,-0.07800000000000007,-0.039000000000000035,-0.0129999999999999,-0.00649999999999995,-0.035608066813229255,-0.05639291106101845,0.012359933186770977,0.019574570463981186
80,0.3,0.5,2.0,1.0,0.0,1.5781893491302803,0.319,0.457,1.862,0.884,0.28288818356722956,0.347684755116579,0.4358707402357574,0.4794995725566626,1.8107345087220676,1.9118525053810422,0.8797704915623127,0.8880779307340188,1.4300160000000002,0.295,0.505,1.988,0.893,0.269191597084565,0.3232017285171323,0.48305380078118915,0.5242355005384315,1.9378197724324784,2.036488312120239,0.8893510127588848,0.8964678658769893,1.5625680000000002,729.0970981121063,83.12396025657654,1245.5183794498444,0.019000000000000017,0.0633333333333334,-0.0050000000000000044,-0.016666666666666684,-0.04299999999999998,-0.08599999999999997,0.0050000000000000044,0.010000000000000009,-0.1379999999999999,-0.06899999999999995,-0.01200000000000001,-0.006000000000000005,-0.14817334913028013,-0.0938881948556658,-0.015621349130280127,-0.009898273067733507
81,0.3,0.5,2.0,1.0,0.0,-0.6902578146906071,0.275,0.521,1.952,0.329,0.25369094216351556,0.29598459004520183,0.5012452509416645,0.5362109485654198,1.9150117686023185,1.9852072507950536,0.32222928040802695,0.3376855600366181,-0.667584,0.315,0.506,2.009,0.322,0.29546256813679844,0.3338491725621023,0.4883947224295561,0.52267263701816,1.9721009535908396,2.043399368983728,0.3153702878198044,0.32951930837644133,-0.715204,1380.7699253559113,75.87160515785217,926.8571894168854,-0.024999999999999967,-0.08333333333333323,0.015000000000000013,0.050000000000000044,0.02100000000000002,0.04200000000000004,0.006000000000000005,0.01200000000000001,-0.04800000000000004,-0.02400000000000002,0.008999999999999897,0.0044999999999999485,0.02267381469060714,-0.03284832740469614,-0.024946185309392854,0.036140388096257095
82,0.3,0.5,2.0,1.0,0.0,-0.4161389315301671,0.257,0.505,1.941,0.401,0.2363708814051734,0.27772353510305425,0.4873252623389978,0.5207555630166277,1.9079234069356945,1.972547599403176,0.3933752368639408,0.40955461940019205,-0.38431799999999994,0.292,0.497,2.004,0.398,0.2718770544370761,0.3116268088045246,0.4789040659417174,0.5120193350738288,1.9722256742937287,2.03852560863518,0.38960085168477354,0.40529201216855243,-0.40881599999999985,1569.0465641021729,76.52645945549011,696.0952482223511,-0.04299999999999998,-0.14333333333333328,-0.008000000000000007,-0.026666666666666693,0.0050000000000000044,0.010000000000000009,-0.0030000000000000027,-0.006000000000000005,-0.05899999999999994,-0.02949999999999997,0.0040000000000000036,0.0020000000000000018,0.031820931530167185,-0.07646708615596182,0.007322931530167276,-0.017597323815006758
83,0.3,0.5,2.0,1.0,0.0,1.0034070248263118,0.274,0.501,1.914,0.736,0.24655005604356536,0.29861313598914574,0.48203084796683693,0.5196631313641515,1.874719062865927,1.9519974712031067,0.728876110288332,0.7429356615121249,0.903408,0.301,0.502,1.981,0.746,0.2785022078764297,0.3216719997376558,0.4840743294556771,0.5187675320342844,1.9432912000018217,2.018818655926566,0.7395637586005326,0.7528120743910168,0.9746520000000001,1215.3717408180237,74.67913269996643,585.5687866210938,-0.025999999999999968,-0.08666666666666656,0.0010000000000000009,0.0033333333333333366,0.0010000000000000009,0.0020000000000000018,0.0020000000000000018,0.0040000000000000036,-0.08600000000000008,-0.04300000000000004,-0.018999999999999906,-0.009499999999999953,-0.09999902482631184,-0.09965948249527307,-0.02875502482631176,-0.02865738839260091
84,0.3,0.5,2.0,1.0,0.0,-1.1609913474294706,0.279,0.495,1.949,0.217,0.25520901458898243,0.30221476518044954,0.4747626185366649,0.5131023030134071,1.9102053856303598,1.9910017345457793,0.210325345986302,0.2227453653703541,-1.103134,0.301,0.496,2.025,0.206,0.28099287032180265,0.3226131829877586,0.47664821627278925,0.5137182966885497,1.984274180646185,2.0690518483827685,0.20049232136286843,0.21114137133608088,-1.1907,1147.373391866684,78.89322400093079,4011.985246658325,-0.020999999999999963,-0.06999999999999988,0.0010000000000000009,0.0033333333333333366,-0.0050000000000000044,-0.010000000000000009,-0.0040000000000000036,-0.008000000000000007,-0.050999999999999934,-0.025499999999999967,0.02499999999999991,0.012499999999999956,0.057857347429470574,-0.04983443464722752,-0.02970865257052946,0.025589038743748464
85,0.3,0.5,2.0,1.0,0.0,-1.0339400507790906,0.295,0.511,1.935,0.249,0.2682410303873357,0.31546071244723356,0.4928941201232344,0.5313084793405822,1.9017917736773935,1.9767232314176368,0.24285169279453145,0.25649394020231586,-0.9713700000000001,0.324,0.511,2.009,0.237,0.30143103598898485,0.3438052192771333,0.4915632852906393,0.5286911371065293,1.9659981549913923,2.0465357897857595,0.23135711053700073,0.24380244247896496,-1.056734,1253.075980424881,76.23204588890076,727.8137423992157,-0.0050000000000000044,-0.016666666666666684,0.02400000000000002,0.08000000000000007,0.01100000000000001,0.02200000000000002,0.01100000000000001,0.02200000000000002,-0.06499999999999995,-0.03249999999999997,0.008999999999999897,0.0044999999999999485,0.0625700507790905,-0.060516130245600756,-0.022793949220909493,0.02204571648398172
86,0.3,0.5,2.0,1.0,0.0,0.41234291469852247,0.281,0.523,1.955,0.603,0.2597467923894294,0.3031703723649061,0.5035057346944968,0.5387308071596931,1.9224824364158772,1.9889515332139405,0.5954411810382196,0.6109622180803326,0.40273000000000003,0.321,0.509,2.018,0.608,0.3026705896542375,0.34096485743522,0.4928934257181126,0.5261617412681597,1.9832281284753468,2.0518171000758008,0.5999765201054517,0.6161578883116615,0.43588799999999983,1546.061978816986,71.67103099822998,692.4707667827606,-0.01899999999999996,-0.06333333333333321,0.02100000000000002,0.07000000000000006,0.02300000000000002,0.04600000000000004,0.009000000000000008,0.018000000000000016,-0.04499999999999993,-0.022499999999999964,0.017999999999999794,0.008999999999999897,-0.009612914698522435,-0.023312913489857718,0.023545085301477364,0.05710073936566111
87,0.3,0.5,2.0,1.0,0.0,-0.6542109948809574,0.266,0.496,1.951,0.345,0.24261607373400185,0.2866637858825733,0.4770191880063022,0.5128335654801494,1.915620409952535,1.9850449818600886,0.3377156561924542,0.35366421301068396,-0.6048100000000001,0.298,0.491,2.024,0.338,0.276614937831165,0.31807131249441434,0.4747195357127071,0.5095604709093795,1.9917067383994358,2.0586570561656656,0.3305174910062514,0.34581285532295847,-0.6557759999999999,1479.371831893921,79.63432168960571,579.7086155414581,-0.033999999999999975,-0.11333333333333326,-0.0020000000000000018,-0.006666666666666673,-0.0040000000000000036,-0.008000000000000007,-0.009000000000000008,-0.018000000000000016,-0.04899999999999993,-0.024499999999999966,0.02400000000000002,0.01200000000000001,0.04940099488095728,-0.07551232747157738,-0.0015650051190425618,0.002392202410672318
88,0.3,0.5,2.0,1.0,0.0,0.3158337434766927,0.258,0.522,1.922,0.575,0.23660552637519783,0.2774462504715312,0.5051487680126263,0.5396741502415782,1.8879806844743785,1.9516507452696283,0.5664933591103202,0.5835659192790346,0.2882999999999998,0.301,0.509,1.986,0.58,0.28111776860546434,0.31987741406399967,0.49133722510433786,0.5223503387560297,1.9524140590354444,2.016903052651125,0.5715224583179345,0.5870812100892696,0.31776000000000004,1484.2007250785828,71.32314705848694,687.1185789108276,-0.04199999999999998,-0.13999999999999996,0.0010000000000000009,0.0033333333333333366,0.02200000000000002,0.04400000000000004,0.009000000000000008,0.018000000000000016,-0.07800000000000007,-0.039000000000000035,-0.014000000000000012,-0.007000000000000006,-0.027533743476692907,-0.08717796639966936,0.001926256523307357,0.006098957325152014
89,0.3,0.5,2.0,1.0,0.0,-0.4806166901140001,0.255,0.514,1.954,0.388,0.2323958979752803,0.2783626201072185,0.49520215239016907,0.5345555258836681,1.9219150308441737,1.9913668985715014,0.38014160577831974,0.3964654257401317,-0.43769599999999986,0.289,0.506,2.026,0.381,0.2671455889826051,0.30859750678777836,0.48970685509191353,0.5231196100629817,1.9911449331243156,2.0618665525309408,0.37406023862747645,0.3894635054959775,-0.48218799999999984,1529.3767712116241,75.64409685134888,630.9218094348907,-0.044999999999999984,-0.14999999999999997,-0.01100000000000001,-0.0366666666666667,0.014000000000000012,0.028000000000000025,0.006000000000000005,0.01200000000000001,-0.04600000000000004,-0.02300000000000002,0.0259999999999998,0.0129999999999999,0.04292069011400024,-0.08930337001784029,-0.0015713098859997388,0.003269361880934745
90,0.3,0.5,2.0,1.0,0.0,-0.7293983146176024,0.251,0.503,1.934,0.33,0.22705687160583868,0.2755835277600497,0.484879524308801,0.5239951154187743,1.9033872649278836,1.977090825986584,0.3216486071866226,0.3368664989707375,-0.6575599999999999,0.286,0.494,2.001,0.319,0.2666545178247022,0.3064391410650529,0.4767615455742922,0.5120885493522171,1.9654818869802626,2.037555142717376,0.3112335209600152,0.32665265431150886,-0.724362,1373.3409144878387,68.69859790802002,899.5122580528259,-0.04899999999999999,-0.1633333333333333,-0.014000000000000012,-0.04666666666666671,0.0030000000000000027,0.006000000000000005,-0.006000000000000005,-0.01200000000000001,-0.06600000000000006,-0.03300000000000003,0.0009999999999998899,0.0004999999999999449,0.07183831461760248,-0.09848982809243911,0.005036314617602455,-0.006904752200096344
91,0.3,0.5,2.0,1.0,0.0,0.32663578300114704,0.236,0.483,1.9,0.573,0.21191966898223905,0.2574147399168535,0.4661151583339845,0.49959618452912824,1.8676406958848621,1.9317495163619125,0.5645549595702027,0.5817514076230285,0.27739999999999965,0.28,0.463,1.958,0.575,0.2593983012565412,0.3017149938869485,0.4456649508965117,0.4780725709074969,1.9292683657293654,1.9927731735300493,0.5667036692097666,0.5827612116716255,0.29369999999999963,1543.0786697864532,81.03965520858765,908.2549297809601,-0.064,-0.21333333333333335,-0.019999999999999962,-0.06666666666666654,-0.017000000000000015,-0.03400000000000003,-0.03699999999999998,-0.07399999999999995,-0.10000000000000009,-0.050000000000000044,-0.04200000000000004,-0.02100000000000002,-0.04923578300114739,-0.1507360355585245,-0.03293578300114741,-0.10083335848427774
92,0.3,0.5,2.0,1.0,0.0,1.6317566440826234,0.334,0.423,1.873,0.898,0.3000415994963319,0.3666077220069352,0.400483487199496,0.44941638800736755,1.822924965884348,1.931381398514721,0.8941343513429482,0.9017314230472508,1.490908,0.289,0.483,2.007,0.906,0.26003478905959126,0.31915139177046653,0.4619509856672406,0.5046251910417218,1.948635223485905,2.054782027788218,0.9026126882767683,0.909185360501259,1.6296840000000001,716.7612173557281,75.73988914489746,1036.9588701725006,0.03400000000000003,0.11333333333333344,-0.01100000000000001,-0.0366666666666667,-0.07700000000000001,-0.15400000000000003,-0.017000000000000015,-0.03400000000000003,-0.127,-0.0635,0.007000000000000117,0.0035000000000000586,-0.14084864408262354,-0.0863171874270559,-0.0020726440826233095,-0.0012701919064583027
93,0.3,0.5,2.0,1.0,0.0,0.4220788654817049,0.28,0.496,1.937,0.606,0.25593162236777034,0.3027060202764779,0.4806453451303262,0.5149049725289853,1.9050651200588176,1.9722422089456517,0.5979893317672194,0.6154572457703161,0.4106439999999998,0.316,0.489,2.004,0.612,0.2958431754800492,0.3387763279670574,0.4730748773671738,0.5048355787610191,1.9706412091756305,2.037153279020729,0.6043815911429645,0.6197676779088315,0.44889599999999996,1533.2787804603577,69.45790696144104,721.9066543579102,-0.019999999999999962,-0.06666666666666654,0.016000000000000014,0.053333333333333385,-0.0040000000000000036,-0.008000000000000007,-0.01100000000000001,-0.02200000000000002,-0.06299999999999994,-0.03149999999999997,0.0040000000000000036,0.0020000000000000018,-0.011434865481705137,-0.02709177458732717,0.026817134518295038,0.063535838231771
94,0.3,0.5,2.0,1.0,0.0,0.5045944844009478,0.279,0.519,1.954,0.625,0.25840356188249086,0.300309757937789,0.50120619688583,0.5372958751737652,1.9225287369356463,1.9883316324743612,0.6168545190565822,0.6323374120272091,0.48849999999999993,0.322,0.503,2.01,0.631,0.3003736688908973,0.3417853017385158,0.4845880311948913,0.5193799199060376,1.974375533839268,2.041620936161918,0.622896155721368,0.6391061760868232,0.5266199999999999,1711.1711285114288,92.08583688735962,861.4021425247192,-0.020999999999999963,-0.06999999999999988,0.02200000000000002,0.0733333333333334,0.019000000000000017,0.038000000000000034,0.0030000000000000027,0.006000000000000005,-0.04600000000000004,-0.02300000000000002,0.009999999999999787,0.004999999999999893,-0.01609448440094785,-0.03189587856881779,0.02202551559905208,0.043649933322597985
95,0.3,0.5,2.0,1.0,0.0,1.2474316081372105,0.286,0.47,1.894,0.797,0.2597868904045897,0.3158983902861856,0.4502212985239277,0.4893328288604057,1.85368798965986,1.9346653365320263,0.7913046108524526,0.8021180001550307,1.125036,0.289,0.492,1.988,0.809,0.26346326655478863,0.310468739483221,0.4741025511821901,0.5123709729513585,1.9463625677118301,2.032408675369733,0.8039032824834619,0.814582895016816,1.2285840000000001,1032.207762479782,73.54436659812927,593.8628454208374,-0.014000000000000012,-0.04666666666666671,-0.01100000000000001,-0.0366666666666667,-0.030000000000000027,-0.06000000000000005,-0.008000000000000007,-0.016000000000000014,-0.1060000000000001,-0.05300000000000005,-0.01200000000000001,-0.006000000000000005,-0.12239560813721062,-0.09811809107513635,-0.018847608137210425,-0.01510913144597607
96,0.3,0.5,2.0,1.0,0.0,0.00592645277081516,0.263,0.523,1.945,0.5,0.24030314500185326,0.2831682360851118,0.505619143363413,0.5416137046170612,1.910387757270514,1.9769006178399324,0.49182200349799754,0.5092193265986996,0.0,0.307,0.508,2.009,0.498,0.28667111479159185,0.32595496867609675,0.49370948916404606,0.5250710892442988,1.9766740073345177,2.0405364037479594,0.4899212434200745,0.5069059561287675,-0.008036000000000154,1836.7601206302643,83.33924961090088,783.78542137146,-0.03699999999999998,-0.12333333333333327,0.007000000000000006,0.023333333333333355,0.02300000000000002,0.04600000000000004,0.008000000000000007,0.016000000000000014,-0.05499999999999994,-0.02749999999999997,0.008999999999999897,0.0044999999999999485,-0.00592645277081516,-1.0,-0.013962452770815315,-2.3559544487679824
97,0.3,0.5,2.0,1.0,0.0,0.2422576892574364,0.245,0.508,1.948,0.557,0.2232488406161795,0.26679621684669275,0.49054793243601175,0.5257611929068092,1.9129420811771918,1.98108310042638,0.5488548162102201,0.566775489960973,0.22207200000000027,0.285,0.497,2.017,0.561,0.2646505033113765,0.3049012063549702,0.4802887734829692,0.5117253129146054,1.9841632964583638,2.0484932831990017,0.5526798260056787,0.5690445939244428,0.24607400000000013,1533.5871698856354,86.50008988380432,799.9106168746948,-0.05499999999999999,-0.18333333333333332,-0.015000000000000013,-0.050000000000000044,0.008000000000000007,0.016000000000000014,-0.0030000000000000027,-0.006000000000000005,-0.052000000000000046,-0.026000000000000023,0.016999999999999904,0.008499999999999952,-0.020185689257436135,-0.08332321388563112,0.003816310742563722,0.015753104697157
98,0.3,0.5,2.0,1.0,0.0,-0.1862424866012824,0.244,0.506,1.935,0.452,0.22161892172968783,0.2657827219412191,0.48736303309664886,0.5221001714450066,1.9043259832050219,1.9701948628621968,0.4427917948819596,0.45974249872672096,-0.18575999999999993,0.294,0.487,1.992,0.451,0.2749368519557456,0.3151258054516232,0.4710785199232618,0.5036812348221872,1.9566252299459035,2.0221627462715652,0.44364486407061154,0.4595449942171235,-0.19521600000000006,2092.535962343216,99.25196766853333,1097.4944126605988,-0.055999999999999994,-0.18666666666666665,-0.006000000000000005,-0.020000000000000018,0.006000000000000005,0.01200000000000001,-0.013000000000000012,-0.026000000000000023,-0.06499999999999995,-0.03249999999999997,-0.008000000000000007,-0.0040000000000000036,0.00048248660128247245,-0.0025906365947282743,-0.008973513398717659,0.04818188138740127
99,0.3,0.5,2.0,1.0,0.0,-0.44401339757675307,0.265,0.499,1.931,0.393,0.24240760535621222,0.287977713236289,0.4815035983139107,0.5171597451162901,1.8998426929932037,1.964817364727796,0.3845972368512545,0.4005777257117769,-0.4132339999999999,0.303,0.489,1.995,0.388,0.28209276425132834,0.3255397149428845,0.47166563949831863,0.5070725646522408,1.96150289382242,2.0263397410846604,0.38048548084093675,0.396676873807222,-0.44687999999999994,1519.734548330307,72.28320145606995,645.6635301113129,-0.034999999999999976,-0.11666666666666659,0.0030000000000000027,0.010000000000000009,-0.0010000000000000009,-0.0020000000000000018,-0.01100000000000001,-0.02200000000000002,-0.06899999999999995,-0.034499999999999975,-0.004999999999999893,-0.0024999999999999467,0.030779397576753187,-0.06932087577702561,-0.002866602423246878,0.006456116952532611
100,0.3,0.5,2.0,1.0,0.0,-1.215144309273294,0.283,0.481,1.953,0.204,0.25500801369497517,0.3077969454227212,0.46156140597114825,0.4993378936191251,1.908541927020955,1.9938852639368554,0.19893948355974517,0.21108965570116878,-1.156176,0.291,0.5,2.049,0.193,0.26691819709065395,0.31526330190953256,0.479873354381322,0.5188972172143635,2.0106442761652317,2.0962179563852863,0.1865029001809925,0.19749730226244258,-1.258086,1149.541924238205,84.01033115386963,1968.673742055893,-0.017000000000000015,-0.05666666666666672,-0.009000000000000008,-0.030000000000000027,-0.019000000000000017,-0.038000000000000034,0.0,0.0,-0.04699999999999993,-0.023499999999999965,0.04899999999999993,0.024499999999999966,0.058968309273293995,-0.04852782408087765,-0.04294169072670595,0.035338758038036516
101,0.3,0.5,2.0,1.0,0.0,1.176172457595273,0.268,0.503,1.913,0.78,0.24017502400611768,0.2926750816569833,0.4849963556464975,0.5256011454755357,1.8705980475891435,1.9504545160503821,0.7737996289456183,0.7862694648032664,1.07128,0.294,0.504,1.989,0.791,0.27222705332809644,0.31636884610386595,0.48581324110077917,0.5228585572112375,1.9479424808810586,2.030382801207022,0.7858663924885207,0.7968910509342239,1.1575980000000003,1178.1998126506805,75.36879539489746,767.2613945007324,-0.03199999999999997,-0.10666666666666658,-0.006000000000000005,-0.020000000000000018,0.0030000000000000027,0.006000000000000005,0.0040000000000000036,0.008000000000000007,-0.08699999999999997,-0.04349999999999998,-0.010999999999999899,-0.005499999999999949,-0.10489245759527299,-0.08918118845405494,-0.018574457595272653,-0.015792290896905377
102,0.3,0.5,2.0,1.0,0.0,0.5197358908340028,0.261,0.517,1.939,0.627,0.23752646638567676,0.2839541024449046,0.4961766611863663,0.5346003800223619,1.9011858677898426,1.9735143910496473,0.6195567970129111,0.6359398698281916,0.4925060000000001,0.304,0.505,2.001,0.633,0.2827258966708798,0.3260885086069451,0.4880259241558305,0.5227088344555534,1.9668769095711198,2.035267192418754,0.625348190949018,0.6404876241857759,0.5322659999999999,1400.898505449295,78.64337515830994,788.3682808876038,-0.03899999999999998,-0.12999999999999995,0.0040000000000000036,0.013333333333333346,0.017000000000000015,0.03400000000000003,0.0050000000000000044,0.010000000000000009,-0.06099999999999994,-0.03049999999999997,0.0009999999999998899,0.0004999999999999449,-0.027229890834002735,-0.05239178458564375,0.012530109165997061,0.024108608597128846
103,0.3,0.5,2.0,1.0,0.0,0.9219048426098282,0.276,0.493,1.91,0.72,0.25385006170412594,0.29998323460311915,0.47284270318582183,0.5101125250927899,1.872035691239865,1.946248540544269,0.7125689219805568,0.7281291827244872,0.8404,0.307,0.488,1.974,0.728,0.2868042412280733,0.32841538666328424,0.4706458108733582,0.5037538353265831,1.9380040156193938,2.0091084223660216,0.7213251563844215,0.7353001234068863,0.9001439999999998,1288.4677548408508,75.59649324417114,839.0083651542664,-0.023999999999999966,-0.07999999999999989,0.007000000000000006,0.023333333333333355,-0.007000000000000006,-0.014000000000000012,-0.01200000000000001,-0.02400000000000002,-0.09000000000000008,-0.04500000000000004,-0.026000000000000023,-0.013000000000000012,-0.08150484260982815,-0.08840917071125845,-0.021760842609828357,-0.023604217706705396
104,0.3,0.5,2.0,1.0,0.0,-0.04336381885851592,0.237,0.509,1.93,0.49,0.21550998392091233,0.26068813524266954,0.49126081111691283,0.527245450076271,1.8991115489426915,1.9612523152806673,0.4814188161016877,0.4992645755027676,-0.03859999999999997,0.286,0.489,1.991,0.489,0.2654002924376374,0.30880894774416945,0.47288844129623764,0.5058477534846522,1.9579892936991519,2.02093108702556,0.48105180200451403,0.4977835679752873,-0.04380200000000012,1542.8539447784424,77.20940470695496,861.5910985469818,-0.063,-0.21000000000000002,-0.014000000000000012,-0.04666666666666671,0.009000000000000008,0.018000000000000016,-0.01100000000000001,-0.02200000000000002,-0.07000000000000006,-0.03500000000000003,-0.008999999999999897,-0.0044999999999999485,0.004763818858515956,-0.10985699562252511,-0.0004381811414841952,0.010104763672080136
105,0.3,0.5,2.0,1.0,0.0,-0.93430181048732,0.262,0.506,1.94,0.284,0.23483042706883836,0.282336925127556,0.4868517093545459,0.527436550444012,1.8981903327365721,1.9773260907864438,0.2767007971934794,0.2905846237766726,-0.8380800000000002,0.296,0.501,2.012,0.273,0.2738799415523633,0.3164508182426396,0.4844522653777403,0.5180597326062291,1.9763745891709588,2.0520171002257848,0.2648755345852974,0.27897935359769416,-0.9134479999999998,1238.759887456894,77.21731925010681,700.6427264213562,-0.03799999999999998,-0.1266666666666666,-0.0040000000000000036,-0.013333333333333346,0.006000000000000005,0.01200000000000001,0.0010000000000000009,0.0020000000000000018,-0.06000000000000005,-0.030000000000000027,0.01200000000000001,0.006000000000000005,0.09622181048731981,-0.10298793110240441,0.020853810487320157,-0.02232020772435737
107,0.3,0.5,2.0,1.0,0.0,-0.8612716466787471,0.277,0.488,1.937,0.294,0.2535448553014017,0.3031025141231439,0.47014467546875377,0.5074285776554934,1.8995330527818315,1.9723468870037235,0.28663890374797285,0.30142140637793885,-0.798044,0.306,0.491,2.019,0.282,0.28425134722343437,0.32669255275081616,0.47002146731699623,0.5063376847974008,1.9808351185285333,2.0561182470433548,0.2753454659813202,0.2895566728015148,-0.8802840000000001,1331.0196781158447,72.0162000656128,729.7733738422394,-0.022999999999999965,-0.07666666666666655,0.006000000000000005,0.020000000000000018,-0.01200000000000001,-0.02400000000000002,-0.009000000000000008,-0.018000000000000016,-0.06299999999999994,-0.03149999999999997,0.019000000000000128,0.009500000000000064,0.06322764667874714,-0.07341196813173503,-0.01901235332125295,0.02207474656174828
108,0.3,0.5,2.0,1.0,0.0,0.42108325041884953,0.255,0.493,1.936,0.597,0.23094309048654663,0.2743503966458927,0.4747914477401809,0.5109333622932124,1.9034824268509394,1.9703434235304418,0.5890124775326482,0.6058648303358105,0.3755839999999999,0.291,0.485,2.004,0.603,0.2713172465662667,0.3143702034455216,0.46946657498526834,0.5016919400201981,1.9716283810208497,2.0368934742781373,0.5965519400951613,0.6107603235456506,0.4128240000000001,1476.430745124817,73.68146634101868,901.7533371448517,-0.044999999999999984,-0.14999999999999997,-0.009000000000000008,-0.030000000000000027,-0.007000000000000006,-0.014000000000000012,-0.015000000000000013,-0.030000000000000027,-0.06400000000000006,-0.03200000000000003,0.0040000000000000036,0.0020000000000000018,-0.04549925041884961,-0.10805286216820954,-0.008259250418849451,-0.01961429339835772
109,0.3,0.5,2.0,1.0,0.0,-0.8955264175459423,0.277,0.495,1.927,0.285,0.2538777776126803,0.30146554838716255,0.4767023982289057,0.5135655394782613,1.8930997210531582,1.9640602511595238,0.2771221155291533,0.2920496461270364,-0.8286100000000001,0.313,0.487,1.988,0.276,0.29416601532983094,0.33599277498797026,0.47072131458395766,0.504329324423048,1.9538858242615098,2.024251880749662,0.26969184385497713,0.2834337888173659,-0.8906239999999999,1273.8183217048645,72.99139070510864,732.5907628536224,-0.022999999999999965,-0.07666666666666655,0.013000000000000012,0.043333333333333376,-0.0050000000000000044,-0.010000000000000009,-0.013000000000000012,-0.026000000000000023,-0.07299999999999995,-0.03649999999999998,-0.01200000000000001,-0.006000000000000005,0.06691641754594224,-0.07472299670323158,0.00490241754594245,-0.00547434162732664
110,0.3,0.5,2.0,1.0,0.0,0.5323426298378209,0.244,0.512,1.967,0.635,0.221620214575636,0.26484962850618954,0.49183396679511693,0.528240426696228,1.9327651799047632,2.002131968459575,0.627037172961678,0.6433430670999587,0.5310899999999998,0.283,0.497,2.029,0.641,0.2637188170942709,0.30394852895406427,0.48139992915328905,0.512997830890363,1.9922192545279394,2.0623850644234127,0.6330859084090561,0.647923434645479,0.5721780000000001,1490.949026107788,79.6641685962677,808.2502448558807,-0.055999999999999994,-0.18666666666666665,-0.017000000000000015,-0.05666666666666672,0.01200000000000001,0.02400000000000002,-0.0030000000000000027,-0.006000000000000005,-0.03299999999999992,-0.01649999999999996,0.028999999999999915,0.014499999999999957,-0.0012526298378210399,-0.0023530519023108403,0.039835370162179196,0.07483032154369285
111,0.3,0.5,2.0,1.0,0.0,-0.8274506275909632,0.262,0.501,1.929,0.305,0.2396982207327842,0.2854233857876987,0.4813173167877005,0.5194160430193074,1.8955147995338952,1.964042934990007,0.2978071877984679,0.31182892181925015,-0.75231,0.294,0.495,2.0,0.294,0.27211285559919446,0.31319671063929694,0.47897073606399454,0.51228119136572,1.9581750360596355,2.0327803413811187,0.286738926176043,0.30117661493106057,-0.8240000000000001,1385.9837913513184,73.42242336273193,670.6346068382263,-0.03799999999999998,-0.1266666666666666,-0.006000000000000005,-0.020000000000000018,0.0010000000000000009,0.0020000000000000018,-0.0050000000000000044,-0.010000000000000009,-0.07099999999999995,-0.035499999999999976,0.0,0.0,0.07514062759096318,-0.09080980192102499,0.003450627590963151,-0.004170191520682383
112,0.3,0.5,2.0,1.0,0.0,1.1286917707023498,0.264,0.526,1.962,0.775,0.24106994395344414,0.28983328487908394,0.5071602993972498,0.546941383003687,1.9193682875751006,2.000716308447642,0.7682623927809255,0.7805782593956494,1.0791000000000002,0.294,0.523,2.039,0.786,0.27186390587466863,0.3146269743815053,0.5056537560297463,0.5403801707483352,2.0039070076569803,2.0816789102233133,0.7796991749039421,0.7912618580227585,1.1663080000000003,1135.397544145584,77.11737537384033,898.1616697311401,-0.035999999999999976,-0.11999999999999993,-0.006000000000000005,-0.020000000000000018,0.026000000000000023,0.052000000000000046,0.02300000000000002,0.04600000000000004,-0.038000000000000034,-0.019000000000000017,0.039000000000000146,0.019500000000000073,-0.04959177070234966,-0.043937390162320615,0.037616229297650516,0.03332728232282858
113,0.3,0.5,2.0,1.0,0.0,1.201255495851108,0.296,0.503,1.922,0.793,0.26994616240988606,0.3232558935501004,0.48337713318780257,0.5263589290542414,1.8842517842905184,1.9625042268704342,0.786849593358205,0.798537357121516,1.126292,0.315,0.511,2.005,0.804,0.2923194115596847,0.3352115934406124,0.49070690494792646,0.5280580566715348,1.9610698083477724,2.0391042470469354,0.7981769337480967,0.8094660345004239,1.2190400000000001,1232.1814002990723,84.17376112937927,850.5789315700531,-0.0040000000000000036,-0.013333333333333346,0.015000000000000013,0.050000000000000044,0.0030000000000000027,0.006000000000000005,0.01100000000000001,0.02200000000000002,-0.07800000000000007,-0.039000000000000035,0.004999999999999893,0.0024999999999999467,-0.07496349585110784,-0.06240428960368257,0.01778450414889221,0.01480493051671045
114,0.3,0.5,2.0,1.0,0.0,0.3936891190469596,0.28,0.511,1.94,0.591,0.2574457713859962,0.299913048600441,0.4924904742937488,0.5273076132063073,1.9069522809670845,1.976422107011609,0.5826987246689034,0.6002138069979979,0.35307999999999984,0.318,0.501,1.999,0.593,0.2979722444300689,0.3398683054721573,0.48553466386931116,0.51753574880613,1.9656765020728306,2.0316246599620236,0.5849177308124388,0.5998828738043552,0.3718140000000001,1546.107551574707,80.63000082969666,734.9936361312866,-0.019999999999999962,-0.06666666666666654,0.018000000000000016,0.06000000000000005,0.01100000000000001,0.02200000000000002,0.0010000000000000009,0.0020000000000000018,-0.06000000000000005,-0.030000000000000027,-0.0009999999999998899,-0.0004999999999999449,-0.04060911904695974,-0.10315021950636093,-0.02187511904695949,-0.055564449177347486
115,0.3,0.5,2.0,1.0,0.0,-0.7117806931212443,0.239,0.509,1.925,0.334,0.21727995468161612,0.2617929976490281,0.49289364294507837,0.5275430890075689,1.8951419236496065,1.9602286031360165,0.3265246143190604,0.3420165734068396,-0.6391,0.277,0.498,1.989,0.328,0.25594846428150153,0.2991700018789723,0.4830957469900622,0.5146020556978993,1.9541740227660953,2.021722129358552,0.32169094333904497,0.3360779014399812,-0.6842159999999999,1363.0145370960236,79.12925887107849,619.620373249054,-0.061,-0.20333333333333334,-0.022999999999999965,-0.07666666666666655,0.009000000000000008,0.018000000000000016,-0.0020000000000000018,-0.0040000000000000036,-0.07499999999999996,-0.03749999999999998,-0.010999999999999899,-0.005499999999999949,0.07268069312124426,-0.10211107694215565,0.02756469312124432,-0.038726384949231786
116,0.3,0.5,2.0,1.0,0.0,0.44504615333847575,0.251,0.499,1.932,0.605,0.2278366236719514,0.27323769284818367,0.4833280338417107,0.518683087615671,1.8981645401252156,1.9675266254408605,0.5967702582648265,0.6130036518310981,0.4057200000000001,0.292,0.489,1.998,0.61,0.2683301026790865,0.30998938666109527,0.47258752655999087,0.5063585164718459,1.9630788330419078,2.0298019533310114,0.6020199243459169,0.6185305281986602,0.43955999999999995,2052.829206943512,100.09890484809875,719.4516034126282,-0.04899999999999999,-0.1633333333333333,-0.008000000000000007,-0.026666666666666693,-0.0010000000000000009,-0.0020000000000000018,-0.01100000000000001,-0.02200000000000002,-0.06800000000000006,-0.03400000000000003,-0.0020000000000000018,-0.0010000000000000009,-0.03932615333847567,-0.08836421356183821,-0.0054861533384757966,-0.012327155952976754
117,0.3,0.5,2.0,1.0,0.0,0.02358925664979461,0.252,0.514,1.97,0.502,0.2315330493231166,0.2717701833432921,0.498437639864169,0.5320786733484771,1.9372138146172453,2.0045273594130926,0.4937231700212804,0.5099335695782908,0.00788000000000011,0.291,0.5,2.03,0.499,0.27304927667339984,0.3111912279008189,0.4839936242224889,0.516050825099408,1.996306072149166,2.062423897090337,0.4912340391536669,0.5071900184137409,-0.0040599999999999525,1564.139725446701,69.22175455093384,561.3901827335358,-0.04799999999999999,-0.15999999999999998,-0.009000000000000008,-0.030000000000000027,0.014000000000000012,0.028000000000000025,0.0,0.0,-0.030000000000000027,-0.015000000000000013,0.029999999999999805,0.014999999999999902,-0.0157092566497945,-0.6659496262647717,-0.027649256649794562,-1.1721122483965727
118,0.3,0.5,2.0,1.0,0.0,0.7953765849091452,0.254,0.501,1.927,0.687,0.22947637450489125,0.27523154300797165,0.4842819528739104,0.5209929875074704,1.8922293059181874,1.9588045016935054,0.6792538970548214,0.6940894661042989,0.7206980000000001,0.295,0.489,1.985,0.694,0.27407128630583955,0.3164366527299655,0.47038504281053645,0.5043009463446129,1.949544625630022,2.0181368350067657,0.687340660482626,0.7006857831695665,0.7701799999999996,1412.892009973526,85.71214008331299,668.7268664836884,-0.045999999999999985,-0.1533333333333333,-0.0050000000000000044,-0.016666666666666684,0.0010000000000000009,0.0020000000000000018,-0.01100000000000001,-0.02200000000000002,-0.07299999999999995,-0.03649999999999998,-0.014999999999999902,-0.007499999999999951,-0.07467858490914514,-0.093890851611725,-0.02519658490914556,-0.03167881150539996
119,0.3,0.5,2.0,1.0,0.0,0.8465413089852785,0.267,0.5,1.945,0.702,0.2433846855609132,0.29134835467614234,0.48144975870993567,0.5176614569161596,1.9090137030601293,1.9815089397520054,0.6944689322970272,0.7097231277251742,0.7857799999999997,0.297,0.497,2.017,0.712,0.2757568674764455,0.3173324240983436,0.479767338078756,0.5153185353931895,1.9781711516268243,2.054254733190367,0.7047298712403688,0.7194675208846971,0.8552079999999997,1354.4460926055908,75.464364528656,860.9865765571594,-0.032999999999999974,-0.10999999999999992,-0.0030000000000000027,-0.010000000000000009,0.0,0.0,-0.0030000000000000027,-0.006000000000000005,-0.05499999999999994,-0.02749999999999997,0.016999999999999904,0.008499999999999952,-0.06076130898527876,-0.07177595273892938,0.008666691014721284,0.01023776503607339
120,0.3,0.5,2.0,1.0,0.0,1.7395898440894229,0.352,0.43,1.889,0.927,0.31630347393983,0.38803458013376757,0.4062385497386474,0.45829819706138236,1.8313614247210472,1.9401918119795822,0.9244792432547968,0.9300280834626578,1.6132060000000001,0.297,0.5,2.024,0.933,0.2683796192939273,0.3255143411739778,0.477362305834723,0.524186701100123,1.9717697791491948,2.085713331673254,0.9304151873126559,0.9352629707105221,1.7527840000000001,590.2160565853119,77.6283392906189,915.6643006801605,0.05199999999999999,0.1733333333333333,-0.0030000000000000027,-0.010000000000000009,-0.07,-0.14,0.0,0.0,-0.11099999999999999,-0.055499999999999994,0.02400000000000002,0.01200000000000001,-0.12638384408942271,-0.07265151870070702,0.013194155910577265,0.007584636088447424
121,0.3,0.5,2.0,1.0,0.0,0.5862127034623255,0.264,0.499,1.954,0.634,0.2391252371677689,0.28707921432576283,0.48016741615931374,0.5175048762272595,1.9162739686497563,1.9895197206636943,0.6261765570634583,0.6424459013152809,0.5236720000000001,0.298,0.494,2.029,0.643,0.27683985667859784,0.3185016269639526,0.4761875187507964,0.5106254139856344,1.994417293113689,2.067839255573399,0.6354044775513278,0.6502756818379924,0.5802939999999999,1465.5941438674927,68.5523738861084,792.4843988418579,-0.035999999999999976,-0.11999999999999993,-0.0020000000000000018,-0.006666666666666673,-0.0010000000000000009,-0.0020000000000000018,-0.006000000000000005,-0.01200000000000001,-0.04600000000000004,-0.02300000000000002,0.028999999999999915,0.014499999999999957,-0.06254070346232532,-0.10668602555513311,-0.005918703462325592,-0.010096511773573283
122,0.3,0.5,2.0,1.0,0.0,-0.4499669461492617,0.26,0.512,1.941,0.394,0.23464024232040498,0.2824872244103382,0.493905340657271,0.5310830184919032,1.9099578153271226,1.9771867372865282,0.38544419685205017,0.4020362037454843,-0.41149199999999997,0.296,0.504,2.009,0.389,0.27527656256054267,0.31787766740599016,0.48759874949675563,0.5210784783405094,1.972003461093315,2.0406015957254504,0.3810214643065572,0.39732708469381595,-0.4459979999999999,1528.2384753227234,81.40072798728943,818.5513241291046,-0.03999999999999998,-0.13333333333333328,-0.0040000000000000036,-0.013333333333333346,0.01200000000000001,0.02400000000000002,0.0040000000000000036,0.008000000000000007,-0.05899999999999994,-0.02949999999999997,0.008999999999999897,0.0044999999999999485,0.038474946149261724,-0.0855061610158781,0.003968946149261798,-0.008820528225967138
123,0.3,0.5,2.0,1.0,0.0,0.2917922087125353,0.283,0.521,1.924,0.575,0.2618656182640537,0.30406617891314575,0.5036116137320971,0.5378487787015646,1.889865119251083,1.9536801730187456,0.5675167244785967,0.5848609919945501,0.28859999999999975,0.321,0.512,1.989,0.578,0.30206196383983647,0.3394503300872325,0.49529775111797836,0.5299277261396764,1.956475975127157,2.02433364232259,0.5692143031986294,0.5860202959422751,0.310284,1519.9667167663574,78.01265668869019,926.5698747634888,-0.017000000000000015,-0.05666666666666672,0.02100000000000002,0.07000000000000006,0.02100000000000002,0.04200000000000004,0.01200000000000001,0.02400000000000002,-0.07600000000000007,-0.038000000000000034,-0.010999999999999899,-0.005499999999999949,-0.0031922087125355603,-0.010940006680166111,0.0184917912874647,0.06337314957467642
124,0.3,0.5,2.0,1.0,0.0,1.5673623866024742,0.308,0.478,1.922,0.883,0.27614080119785483,0.33711532575286185,0.4532321786638623,0.501595412572579,1.8756720646773972,1.9782989250720648,0.8793368483494062,0.8872059664832461,1.472252,0.295,0.516,2.037,0.891,0.27047393501441885,0.31864251172676733,0.4968671633664082,0.538858393823665,1.9817929478316754,2.0859210030579898,0.8876340168395193,0.8949568539034386,1.592934,736.586343050003,130.76251602172852,901.2570040225983,0.008000000000000007,0.026666666666666693,-0.0050000000000000044,-0.016666666666666684,-0.02200000000000002,-0.04400000000000004,0.016000000000000014,0.03200000000000003,-0.07800000000000007,-0.039000000000000035,0.03699999999999992,0.01849999999999996,-0.09511038660247428,-0.0606818100366963,0.025571613397525894,0.016315061287745163
125,0.3,0.5,2.0,1.0,0.0,0.3059970053599059,0.266,0.515,1.971,0.569,0.2445172726045481,0.28561733411432294,0.49658064211772585,0.5341650951005664,1.937063939208996,2.0028443319852367,0.5598420970818253,0.5772937520792659,0.27199799999999996,0.302,0.503,2.034,0.573,0.28071101884124827,0.32024971233383265,0.48592839915902464,0.5196224696329633,2.0032433628861703,2.0674281184729857,0.5646057367914395,0.5811074969646781,0.296964,1608.0499756336212,81.31369233131409,643.4876687526703,-0.033999999999999975,-0.11333333333333326,0.0020000000000000018,0.006666666666666673,0.015000000000000013,0.030000000000000027,0.0030000000000000027,0.006000000000000005,-0.028999999999999915,-0.014499999999999957,0.03399999999999981,0.016999999999999904,-0.033999005359905965,-0.1111089480105114,-0.009033005359905921,-0.029519914253021952
126,0.3,0.5,2.0,1.0,0.0,0.4476787691137627,0.257,0.517,1.933,0.607,0.23785861795645294,0.2793847398574776,0.4994767199547552,0.5330306537845548,1.898907155985344,1.9650734340249243,0.59898388936039,0.614426298084756,0.41366199999999975,0.299,0.498,1.99,0.612,0.2805097878040109,0.3183916596407377,0.48071098695676934,0.5136346096282054,1.9574474408216351,2.022854208758098,0.6049029154572556,0.6202130862462186,0.44576000000000016,1587.3475503921509,92.1274025440216,697.8263590335846,-0.04299999999999998,-0.14333333333333328,-0.0010000000000000009,-0.0033333333333333366,0.017000000000000015,0.03400000000000003,-0.0020000000000000018,-0.0040000000000000036,-0.06699999999999995,-0.033499999999999974,-0.010000000000000009,-0.0050000000000000044,-0.034016769113762946,-0.07598477180658686,-0.0019187691137625418,-0.004286040004892326
127,0.3,0.5,2.0,1.0,0.0,-0.4514116500373775,0.269,0.515,1.948,0.398,0.2442831243159848,0.28981312777599977,0.4978954325165878,0.5337579985265847,1.9165345159165954,1.982330820687678,0.3894816639774758,0.40626109478648914,-0.39739199999999997,0.31,0.504,2.014,0.392,0.2904007846437742,0.3298365562594802,0.48670639132542537,0.520795691731183,1.9783027719876003,2.0479849323100834,0.3841985403698687,0.4001997518226063,-0.43502399999999986,1513.3123784065247,76.24546599388123,944.0946338176727,-0.030999999999999972,-0.10333333333333325,0.010000000000000009,0.03333333333333337,0.015000000000000013,0.030000000000000027,0.0040000000000000036,0.008000000000000007,-0.052000000000000046,-0.026000000000000023,0.01399999999999979,0.006999999999999895,0.05401965003737752,-0.1196682673850013,0.016387650037377632,-0.036303117201385286
128,0.3,0.5,2.0,1.0,0.0,-0.6619484938632936,0.285,0.523,1.941,0.34,0.2627449392798873,0.30678543568057254,0.5024835041115817,0.5409022218468148,1.9062807840831861,1.9768893898157383,0.3315473550307482,0.3473972436419135,-0.6211199999999999,0.318,0.515,2.006,0.333,0.2975869613934847,0.3400559211528275,0.49777979526989236,0.531377508453018,1.9701995456378325,2.0384031728926555,0.3253541808089538,0.3405483779714752,-0.6700039999999998,1403.5661079883575,72.9012553691864,723.3777120113373,-0.015000000000000013,-0.050000000000000044,0.018000000000000016,0.06000000000000005,0.02300000000000002,0.04600000000000004,0.015000000000000013,0.030000000000000027,-0.05899999999999994,-0.02949999999999997,0.005999999999999783,0.0029999999999998916,0.04082849386329368,-0.061679260911991184,-0.008055506136706247,0.012169385097762426
129,0.3,0.5,2.0,1.0,0.0,-0.18832024151518523,0.265,0.511,1.952,0.459,0.24319967107490822,0.28507092451043126,0.4924399871221256,0.5290145405380035,1.919720892044271,1.9876940071536493,0.45061724529243763,0.4677897706672544,-0.16006399999999998,0.299,0.501,2.018,0.458,0.27903262329814865,0.3205616034252149,0.4832198281709636,0.518427165266452,1.9824868925035903,2.0508215961919998,0.44993764353641086,0.46601377072012073,-0.16951199999999988,1544.5814394950867,73.14284443855286,710.9461913108826,-0.034999999999999976,-0.11666666666666659,-0.0010000000000000009,-0.0033333333333333366,0.01100000000000001,0.02200000000000002,0.0010000000000000009,0.0020000000000000018,-0.04800000000000004,-0.02400000000000002,0.017999999999999794,0.008999999999999897,0.028256241515185243,-0.15004357092918658,0.018808241515185342,-0.09987371173623276
130,0.3,0.5,2.0,1.0,0.0,1.7845193399288024,0.378,0.448,1.844,0.939,0.3354024335827905,0.4154017558967372,0.41836616313814284,0.47544405657897404,1.7848682338583535,1.904853352980242,0.9365828799714816,0.9413853954769196,1.619032,-0.092,0.489,1.293,0.666,-0.7911219833146739,0.8365541366272018,0.1951038524352485,1.0073131195451595,0.7997441653652465,1.999000801704799,0.47278898642565853,0.946924929643865,0.429276,448.1545751094818,76.74122190475464,27744.831441164017,0.07800000000000001,0.26000000000000006,-0.392,-1.3066666666666669,-0.05199999999999999,-0.10399999999999998,-0.01100000000000001,-0.02200000000000002,-0.15599999999999992,-0.07799999999999996,-0.7070000000000001,-0.35350000000000004,-0.16548733992880238,-0.09273496578378629,-1.3552433399288024,-0.7594444675409755
131,0.3,0.5,2.0,1.0,0.0,-0.8700514796020262,0.283,0.519,1.963,0.293,0.2623028264364136,0.30656829723277024,0.5007298098081803,0.5386317123070647,1.9239711961068082,2.00081917428368,0.28643877307789745,0.30108194896619794,-0.8126820000000001,0.315,0.51,2.022,0.285,0.29501773592249536,0.3355908155919931,0.4931413668751487,0.530373658920146,1.9895390021766948,2.064344388168862,0.27762566860992843,0.2908928116150737,-0.8694600000000001,1371.7360844612122,78.41897010803223,971.2853236198425,-0.017000000000000015,-0.05666666666666672,0.015000000000000013,0.050000000000000044,0.019000000000000017,0.038000000000000034,0.010000000000000009,0.020000000000000018,-0.03699999999999992,-0.01849999999999996,0.021999999999999797,0.010999999999999899,0.0573694796020261,-0.06593802889487378,0.0005914796020261015,-0.0006798213851629246
132,0.3,0.5,2.0,1.0,0.0,-0.5763796568559083,0.252,0.51,1.931,0.364,0.2300566607167083,0.2756681222017447,0.49369513475842475,0.5272513318306609,1.900382679541223,1.9646795522209493,0.3555680259166285,0.3713136354723433,-0.5252320000000001,0.296,0.494,1.99,0.357,0.274358598887923,0.31721205789868673,0.47729550073509247,0.5125193583019312,1.9573769628059876,2.0222651382015644,0.3491567369293801,0.3643565316146148,-0.56914,1439.2521018981934,71.17165565490723,795.9845716953278,-0.04799999999999999,-0.15999999999999998,-0.0040000000000000036,-0.013333333333333346,0.010000000000000009,0.020000000000000018,-0.006000000000000005,-0.01200000000000001,-0.06899999999999995,-0.034499999999999975,-0.010000000000000009,-0.0050000000000000044,0.05114765685590816,-0.08873952480369166,0.007239656855908327,-0.012560569704003625
134,0.3,0.5,2.0,1.0,0.0,-0.5307328359999961,0.248,0.498,1.951,0.371,0.22630315561138534,0.27018706835591255,0.4788870198050601,0.5143439233968072,1.9206305394866758,1.9895307782911391,0.36351658654673596,0.3797892882828908,-0.503358,0.282,0.49,2.02,0.366,0.2600800100651885,0.301249788782778,0.47251996315443845,0.5066708173321367,1.9867191616868896,2.0569433842753146,0.3582950395899133,0.3739717841951161,-0.5413600000000001,1545.562875509262,89.35872912406921,684.9254970550537,-0.05199999999999999,-0.1733333333333333,-0.018000000000000016,-0.06000000000000005,-0.0020000000000000018,-0.0040000000000000036,-0.010000000000000009,-0.020000000000000018,-0.04899999999999993,-0.024499999999999966,0.020000000000000018,0.010000000000000009,0.027374835999996128,-0.05157931475714521,-0.010627164000003964,0.020023566056508405
135,0.3,0.5,2.0,1.0,0.0,-0.24484844571847564,0.256,0.502,1.93,0.442,0.23609993774256424,0.2792563687594722,0.48459493386741836,0.518839754273415,1.8978034514936295,1.9634864219450625,0.4331610387420446,0.45104172869269943,-0.22388000000000008,0.293,0.492,1.992,0.441,0.27214513107420346,0.31158660079108824,0.4769133454793242,0.5095672991055757,1.9596569848374887,2.025972788909161,0.4321452501141754,0.44989035087379065,-0.23505599999999993,1614.6049783229828,81.20796012878418,675.4344902038574,-0.043999999999999984,-0.1466666666666666,-0.007000000000000006,-0.023333333333333355,0.0020000000000000018,0.0040000000000000036,-0.008000000000000007,-0.016000000000000014,-0.07000000000000006,-0.03500000000000003,-0.008000000000000007,-0.0040000000000000036,0.02096844571847556,-0.08563846773438323,0.009792445718475706,-0.039993905984336796
136,0.3,0.5,2.0,1.0,0.0,-0.5413215705570977,0.252,0.49,1.948,0.364,0.22957405608921608,0.2775492680355381,0.4727103794166348,0.5083729014835426,1.9126500590536437,1.9876369617209182,0.35541643654843397,0.3722024837318366,-0.5298560000000001,0.282,0.487,2.018,0.356,0.25960373341196397,0.3028080744061277,0.47023178419702244,0.5032104448304338,1.984659322587184,2.051525086919991,0.3481487966060091,0.3634286055144143,-0.5811839999999999,1454.8609619140625,75.95506715774536,756.356930732727,-0.04799999999999999,-0.15999999999999998,-0.018000000000000016,-0.06000000000000005,-0.010000000000000009,-0.020000000000000018,-0.013000000000000012,-0.026000000000000023,-0.052000000000000046,-0.026000000000000023,0.017999999999999794,0.008999999999999897,0.011465570557097626,-0.02118070141800909,-0.03986242944290219,0.07363909293671417
137,0.3,0.5,2.0,1.0,0.0,-1.0371763917400412,0.303,0.517,1.947,0.252,0.2809164629281033,0.32442322849589317,0.49837902762015557,0.5347388396460285,1.9076734955020949,1.9895002399899389,0.24533931549310112,0.25875287548734505,-0.965712,0.328,0.521,2.024,0.243,0.3066714412354665,0.3493188316348934,0.5031399902841375,0.5400735351931583,1.9852902344897083,2.0657139433722964,0.23693749301523065,0.2490429319459948,-1.040336,1689.3351776599884,97.0839273929596,743.043553352356,0.0030000000000000027,0.010000000000000009,0.028000000000000025,0.09333333333333342,0.017000000000000015,0.03400000000000003,0.02100000000000002,0.04200000000000004,-0.052999999999999936,-0.026499999999999968,0.02400000000000002,0.01200000000000001,0.07146439174004116,-0.06890283302741532,-0.003159608259958757,0.0030463557453886633
138,0.3,0.5,2.0,1.0,0.0,1.3387888929077496,0.289,0.469,1.919,0.827,0.26064725272137584,0.31553612300638756,0.44801754880832734,0.48891060732320546,1.8706664039532277,1.9624120912097522,0.8223810870700127,0.8327228097118836,1.255026,0.289,0.496,2.027,0.838,0.2646875102798482,0.3118940915133771,0.475692279383331,0.5148063383292402,1.9778599766256637,2.069242057336437,0.8340031950657013,0.8443256769465366,1.3702519999999998,970.4154806137085,73.91772651672363,758.0174839496613,-0.01100000000000001,-0.0366666666666667,-0.01100000000000001,-0.0366666666666667,-0.031000000000000028,-0.062000000000000055,-0.0040000000000000036,-0.008000000000000007,-0.08099999999999996,-0.04049999999999998,0.027000000000000135,0.013500000000000068,-0.08376289290774963,-0.06256616958169027,0.0314631070922502,0.023501171289160218
139,0.3,0.5,2.0,1.0,0.0,-0.05468300977117546,0.254,0.515,1.934,0.481,0.23172660304325474,0.2764087653816909,0.49573449040717005,0.5314461301694753,1.9003662425935206,1.964329419643562,0.471639371456653,0.4893487844506979,-0.07349200000000011,0.297,0.497,1.995,0.48,0.27694525933189995,0.3167443254453308,0.4800795702044667,0.515011409320509,1.9608347500323318,2.0275963376577018,0.4721119105385494,0.48826891185211696,-0.0798000000000001,1748.2201611995697,81.00572681427002,988.8189888000488,-0.045999999999999985,-0.1533333333333333,-0.0030000000000000027,-0.010000000000000009,0.015000000000000013,0.030000000000000027,-0.0030000000000000027,-0.006000000000000005,-0.06600000000000006,-0.03300000000000003,-0.004999999999999893,-0.0024999999999999467,-0.01880899022882465,0.34396406319864375,-0.02511699022882463,0.4593198204328598
140,0.3,0.5,2.0,1.0,0.0,0.5561746858777652,0.281,0.522,1.94,0.624,0.256062997669807,0.3007734503915654,0.5039889753417103,0.5413935151024912,1.9006828698350509,1.9720648299127022,0.6157753510543864,0.6323682426631958,0.48111999999999977,0.323,0.508,2.001,0.632,0.30355042470755,0.34290963849895345,0.4915061565486715,0.5249800853726748,1.965150539661576,2.0340879829313305,0.625247308689332,0.6401215292813061,0.5282640000000001,1779.5401875972748,88.85020875930786,1018.1155195236206,-0.01899999999999996,-0.06333333333333321,0.02300000000000002,0.07666666666666674,0.02200000000000002,0.04400000000000004,0.008000000000000007,0.016000000000000014,-0.06000000000000005,-0.030000000000000027,0.0009999999999998899,0.0004999999999999449,-0.07505468587776543,-0.13494804381345177,-0.02791068587776513,-0.050183308565574083
142,0.3,0.5,2.0,1.0,0.0,1.7002038734979834,0.351,0.396,1.832,0.915,0.3125614526024503,0.3932981839430761,0.37228570123933824,0.42077912324542627,1.7815869129013044,1.8912367844346631,0.912154578928865,0.9184619351515524,1.5205600000000004,0.273,0.473,1.977,0.922,0.24309459096291242,0.30432562190126144,0.4508334488815586,0.4942728338932872,1.9250040506898107,2.0462059128401497,0.9193791938841807,0.9251913752307449,1.6685880000000004,596.3991286754608,110.28772687911987,2010.623622894287,0.05099999999999999,0.16999999999999998,-0.02699999999999997,-0.0899999999999999,-0.10399999999999998,-0.20799999999999996,-0.027000000000000024,-0.05400000000000005,-0.16799999999999993,-0.08399999999999996,-0.02299999999999991,-0.011499999999999955,-0.17964387349798305,-0.10566019540255807,-0.031615873497983005,-0.01859534258849605
143,0.3,0.5,2.0,1.0,0.0,0.6209077192052157,0.27,0.502,1.932,0.651,0.24716385973342106,0.2922016207637754,0.4834553378024126,0.5192470747899497,1.895953300836574,1.9664943645811344,0.6434261420603501,0.6596871551575381,0.5834640000000002,0.307,0.493,1.995,0.657,0.28690614513886037,0.32769282253414506,0.4736600598809429,0.5097490257447073,1.9546674052541722,2.028271747699891,0.6506807266874765,0.6651550974842116,0.62643,1640.8418262004852,100.26352405548096,797.0794820785522,-0.02999999999999997,-0.09999999999999991,0.007000000000000006,0.023333333333333355,0.0020000000000000018,0.0040000000000000036,-0.007000000000000006,-0.014000000000000012,-0.06800000000000006,-0.03400000000000003,-0.004999999999999893,-0.0024999999999999467,-0.0374437192052155,-0.060304805443786094,0.00552228079478434,0.008893883300167469
144,0.3,0.5,2.0,1.0,0.0,0.319220418628928,0.255,0.518,1.941,0.573,0.23322077655458945,0.28122273051256186,0.49995872991691687,0.5352608406674065,1.9077508547521718,1.9747870227620028,0.5649424055194247,0.5824414854396623,0.2833859999999999,0.296,0.505,2.001,0.574,0.27358019936811895,0.31563673783993684,0.48439793587123015,0.5210911802590787,1.9693319143640107,2.0368078363499578,0.5671771685673196,0.5830386050198655,0.29614799999999963,1505.6653389930725,84.78055572509766,831.1607594490051,-0.044999999999999984,-0.14999999999999997,-0.0040000000000000036,-0.013333333333333346,0.018000000000000016,0.03600000000000003,0.0050000000000000044,0.010000000000000009,-0.05899999999999994,-0.02949999999999997,0.0009999999999998899,0.0004999999999999449,-0.03583441862892811,-0.11225603544672742,-0.023072418628928393,-0.072277389798641
145,0.3,0.5,2.0,1.0,0.0,0.24919139053267747,0.231,0.496,1.913,0.555,0.20833570144055652,0.25174272725031327,0.4785584241068029,0.5123501857506285,1.8822022360207273,1.944188123186386,0.5471865502682253,0.5635084540301386,0.21043000000000034,0.271,0.485,1.986,0.558,0.24643926384819817,0.29190084268901556,0.47072361782420297,0.5011726191363799,1.9520297670644247,2.015599817714226,0.5508479667745264,0.5667746369347566,0.23037600000000036,1524.2608752250671,78.0798556804657,728.9417898654938,-0.06899999999999998,-0.22999999999999993,-0.02899999999999997,-0.09666666666666657,-0.0040000000000000036,-0.008000000000000007,-0.015000000000000013,-0.030000000000000027,-0.08699999999999997,-0.04349999999999998,-0.014000000000000012,-0.007000000000000006,-0.03876139053267713,-0.155548674654529,-0.018815390532677112,-0.07550578088776215
146,0.3,0.5,2.0,1.0,0.0,1.1435011432544924,0.261,0.514,1.936,0.774,0.23924800968800825,0.28490107129349324,0.49510217958356445,0.5328805661378704,1.8996061815272358,1.980205647171572,0.7677881917315865,0.7795393388637271,1.060928,0.287,0.513,2.006,0.784,0.26417652418371446,0.31109105359132116,0.4956326965019129,0.5307603162167067,1.9658499870793693,2.042053645996703,0.7783185557198735,0.7896950973983414,1.139408,1137.441169977188,75.79428172111511,958.7078793048859,-0.03899999999999998,-0.12999999999999995,-0.013000000000000012,-0.043333333333333376,0.014000000000000012,0.028000000000000025,0.013000000000000012,0.026000000000000023,-0.06400000000000006,-0.03200000000000003,0.005999999999999783,0.0029999999999998916,-0.08257314325449228,-0.07221080953140348,-0.004093143254492393,-0.0035794833075924975
147,0.3,0.5,2.0,1.0,0.0,-0.7877223911973856,0.296,0.504,1.924,0.318,0.2719479306653075,0.3201095940805263,0.48420734262024145,0.5224084805963346,1.8887139870378253,1.9577088421707483,0.3101595544970956,0.32578200563995424,-0.7003359999999998,0.331,0.492,1.982,0.311,0.3090270608145215,0.35180950915528963,0.476130571220956,0.5113169115567774,1.944841050705645,2.0172597411132087,0.304193198082857,0.31831479993237916,-0.749196,1427.1644444465637,78.56750988960266,720.8042352199554,-0.0040000000000000036,-0.013333333333333346,0.031000000000000028,0.10333333333333343,0.0040000000000000036,0.008000000000000007,-0.008000000000000007,-0.016000000000000014,-0.07600000000000007,-0.038000000000000034,-0.018000000000000016,-0.009000000000000008,0.08738639119738578,-0.11093551760608605,0.03852639119738566,-0.048908589660404615
148,0.3,0.5,2.0,1.0,0.0,-0.29752030750623004,0.252,0.513,1.921,0.432,0.2323027317180189,0.2779230673056184,0.49572483813587115,0.5308785838034438,1.8882736802551667,1.9542239157863828,0.4234992790508688,0.4407324783174043,-0.26125599999999993,0.297,0.497,1.984,0.427,0.2753765689156198,0.3162005892132731,0.478167073194187,0.5144884978193801,1.951027439478467,2.018741590122073,0.4196073639142045,0.4350398728083098,-0.28966400000000014,1551.0455532073975,77.17579460144043,702.9754338264465,-0.04799999999999999,-0.15999999999999998,-0.0030000000000000027,-0.010000000000000009,0.013000000000000012,0.026000000000000023,-0.0030000000000000027,-0.006000000000000005,-0.07899999999999996,-0.03949999999999998,-0.016000000000000014,-0.008000000000000007,0.03626430750623011,-0.12188851177989166,0.007856307506229898,-0.026405953839185876
149,0.3,0.5,2.0,1.0,0.0,0.8379763275324308,0.252,0.5,1.943,0.703,0.2292752742116841,0.2757781498095613,0.4797911130951406,0.5173850165251219,1.90753584679045,1.9804232544490863,0.6953031922468325,0.7106943546674349,0.7888579999999998,0.284,0.494,2.011,0.712,0.26292843824975193,0.3067791421458808,0.4774368249096861,0.5111713239667809,1.9760153042832902,2.044973753942529,0.7057335824001951,0.7204465968242157,0.8526639999999999,1349.1461117267609,78.74566626548767,919.6064503192902,-0.04799999999999999,-0.15999999999999998,-0.016000000000000014,-0.053333333333333385,0.0,0.0,-0.006000000000000005,-0.01200000000000001,-0.05699999999999994,-0.02849999999999997,0.01100000000000012,0.00550000000000006,-0.04911832753243095,-0.05861541181845618,0.01468767246756908,0.017527550582269458
150,0.3,0.5,2.0,1.0,0.0,-0.009657851019736485,0.28,0.513,1.954,0.498,0.2588891810907812,0.29971911337131507,0.49399023198689884,0.5298533495985419,1.9247406924662904,1.9908157993675644,0.48899082772489927,0.5066387537956144,-0.007816000000000045,0.318,0.505,2.02,0.496,0.2998877528227351,0.3379787538749521,0.4872995430280526,0.5205369282183894,1.983913529341079,2.0507416418525652,0.4885556316351645,0.5032300919074266,-0.016160000000000174,1526.7954967021942,89.60361075401306,625.4678819179535,-0.019999999999999962,-0.06666666666666654,0.018000000000000016,0.06000000000000005,0.013000000000000012,0.026000000000000023,0.0050000000000000044,0.010000000000000009,-0.04600000000000004,-0.02300000000000002,0.020000000000000018,0.010000000000000009,0.0018418510197364402,-0.1907102331535753,-0.006502148980263689,0.6732500808902621
151,0.3,0.5,2.0,1.0,0.0,-0.4660705715517086,0.262,0.537,1.939,0.392,0.2394786067969139,0.28203611458272143,0.5195298621066348,0.5553590226199197,1.9065791869399142,1.9712733450191293,0.38379947432468875,0.3994475427811219,-0.41882399999999986,0.304,0.522,2.002,0.386,0.2857297873696475,0.3234502030365459,0.5066188343684807,0.5396994264739038,1.9649842635322032,2.0345282084923366,0.378178771429611,0.3948393473067453,-0.456456,1486.5298817157745,83.67833137512207,799.7798392772675,-0.03799999999999998,-0.1266666666666666,0.0040000000000000036,0.013333333333333346,0.03700000000000003,0.07400000000000007,0.02200000000000002,0.04400000000000004,-0.06099999999999994,-0.03049999999999997,0.0019999999999997797,0.0009999999999998899,0.04724657155170875,-0.10137214069193154,0.00961457155170864,-0.020629003714391227
152,0.3,0.5,2.0,1.0,0.0,1.4187935778474903,0.288,0.469,1.912,0.842,0.25969585820891905,0.3145541806702372,0.44601001843236576,0.4894830292062739,1.8674354589400068,1.9554847401358346,0.8367286689927657,0.846754671124469,1.3078079999999996,0.281,0.501,2.025,0.853,0.2542819922771314,0.3022435998792041,0.48299492737982047,0.5222258266379768,1.9765191582198056,2.0662931702999243,0.8484470389545534,0.8577460064340656,1.4296499999999996,1135.373773097992,90.06356072425842,1808.0946509838104,-0.01200000000000001,-0.040000000000000036,-0.01899999999999996,-0.06333333333333321,-0.031000000000000028,-0.062000000000000055,0.0010000000000000009,0.0020000000000000018,-0.08800000000000008,-0.04400000000000004,0.02499999999999991,0.012499999999999956,-0.11098557784749064,-0.07822531732619722,0.01085642215250937,0.0076518686876071796
153,0.3,0.5,2.0,1.0,0.0,0.914721435331975,0.266,0.512,1.923,0.714,0.2440596177595146,0.2931829238426569,0.4934456528447506,0.5319370602745155,1.8844770661222319,1.962291871453731,0.7067125290689643,0.7215653172160401,0.8230439999999999,0.308,0.502,1.99,0.725,0.28354961968614356,0.33116257396693205,0.486000236813956,0.5212841077401541,1.9472256864147959,2.022391590949567,0.7179423310449895,0.7314825870607502,0.8955,1747.3771789073944,102.97557091712952,772.4379124641418,-0.033999999999999975,-0.11333333333333326,0.008000000000000007,0.026666666666666693,0.01200000000000001,0.02400000000000002,0.0020000000000000018,0.0040000000000000036,-0.07699999999999996,-0.03849999999999998,-0.010000000000000009,-0.0050000000000000044,-0.09167743533197514,-0.10022443094787993,-0.019221435331975067,-0.02101343052598208
154,0.3,0.5,2.0,1.0,0.0,0.02439775719328141,0.266,0.502,1.938,0.506,0.24524429777593473,0.2852958093729233,0.4850654379530537,0.5194597701873528,1.907645660143238,1.9700277435338238,0.49647957640982465,0.5142913835562104,0.023255999999999943,0.302,0.494,2.005,0.506,0.2807857342800966,0.320609510438095,0.4783441234499946,0.5096213311137311,1.97087857775145,2.0354794992365406,0.49803406586492455,0.5142735241980616,0.02405999999999997,1633.5750703811646,84.38815927505493,789.7990703582764,-0.033999999999999975,-0.11333333333333326,0.0020000000000000018,0.006666666666666673,0.0020000000000000018,0.0040000000000000036,-0.006000000000000005,-0.01200000000000001,-0.062000000000000055,-0.031000000000000028,0.004999999999999893,0.0024999999999999467,-0.0011417571932814674,-0.046797629152399364,-0.0003377571932814405,-0.013843780418244803
155,0.3,0.5,2.0,1.0,0.0,-0.6087186945743663,0.26,0.512,1.95,0.365,0.23648117590921505,0.28196877078437016,0.4950078954300355,0.5285082710936246,1.9195803710233008,1.98661282667097,0.3578781005274073,0.373613847066171,-0.5265,0.302,0.498,2.013,0.358,0.283959049806348,0.32322928411391677,0.48008987358528527,0.5149716655990945,1.9781293706372112,2.0454226705393697,0.3510846171537203,0.3669708854210982,-0.5716920000000001,1493.6119663715363,79.14322900772095,598.5732669830322,-0.03999999999999998,-0.13333333333333328,0.0020000000000000018,0.006666666666666673,0.01200000000000001,0.02400000000000002,-0.0020000000000000018,-0.0040000000000000036,-0.050000000000000044,-0.025000000000000022,0.0129999999999999,0.00649999999999995,0.08221869457436637,-0.13506845659119449,0.03702669457436625,-0.060827267019056115
156,0.3,0.5,2.0,1.0,0.0,-1.6774988280508372,0.35,0.474,1.85,0.09,0.3090978986850296,0.3813628988931389,0.44870793267778003,0.5008531430600345,1.7974924110003698,1.9008319568310634,0.08622046808020947,0.09273760031644468,-1.5170000000000001,0.46,0.37,1.844,0.319,0.28651139270413906,0.6188501458258014,0.19452799787809555,0.5606294045730295,1.6961008698543625,2.0250969880871605,0.0788840999321754,0.6001825772146383,-0.6675279999999999,615.3720939159393,98.52824831008911,13757.866809606552,0.04999999999999999,0.16666666666666663,0.16000000000000003,0.5333333333333334,-0.026000000000000023,-0.052000000000000046,-0.13,-0.26,-0.1499999999999999,-0.07499999999999996,-0.15599999999999992,-0.07799999999999996,0.16049882805083704,-0.09567746061398326,1.0099708280508373,-0.6020694686412202
157,0.3,0.5,2.0,1.0,0.0,-0.210919610059233,0.258,0.512,1.935,0.447,0.23514418882642737,0.278378008412558,0.49408748818641623,0.5304824790271339,1.90374559727066,1.969413594113338,0.43817378486988506,0.45689290482605416,-0.2051099999999999,0.298,0.501,2.004,0.445,0.27670913794426083,0.31705224924869324,0.4859661113340217,0.5188847112888169,1.968581144629724,2.0335023078134054,0.43719821466164166,0.4536851223550219,-0.22043999999999997,1565.1559257507324,88.56023216247559,799.7010922431946,-0.04199999999999998,-0.13999999999999996,-0.0020000000000000018,-0.006666666666666673,0.01200000000000001,0.02400000000000002,0.0010000000000000009,0.0020000000000000018,-0.06499999999999995,-0.03249999999999997,0.0040000000000000036,0.0020000000000000018,0.0058096100592330835,-0.02754419116174906,-0.009520389940766982,0.04513752864464974
158,0.3,0.5,2.0,1.0,0.0,0.8526819724035839,0.272,0.517,1.958,0.707,0.24761649380944054,0.292315193010322,0.5001419483607781,0.5376143735468812,1.921895224962631,1.991828170822181,0.6999170439473766,0.7140295676951655,0.8106119999999997,0.305,0.509,2.025,0.718,0.281936580936496,0.3243423153836394,0.4921868118994054,0.5273302202854245,1.9894106575086061,2.063858464332135,0.7114037228016383,0.725334112611652,0.8828999999999998,1320.6898369789124,89.02724623680115,961.8310205936432,-0.02799999999999997,-0.09333333333333324,0.0050000000000000044,0.016666666666666684,0.017000000000000015,0.03400000000000003,0.009000000000000008,0.018000000000000016,-0.04200000000000004,-0.02100000000000002,0.02499999999999991,0.012499999999999956,-0.04206997240358423,-0.049338409588976326,0.030218027596415897,0.03543880200872051
159,0.3,0.5,2.0,1.0,0.0,0.8407741249660328,0.27,0.527,1.944,0.702,0.24846503427565397,0.29155728764655897,0.5090830454295848,0.5450754454391544,1.9092332252239954,1.9838618623501314,0.69463888138318,0.7088946255476123,0.7853759999999999,0.307,0.516,2.009,0.71,0.28815064934693385,0.32628807036914753,0.5002137060342952,0.5342947496505214,1.9708909753943489,2.043024561978418,0.7035703821992273,0.7169244708975752,0.8437799999999998,1297.6919553279877,79.64099287986755,619.1177475452423,-0.02999999999999997,-0.09999999999999991,0.007000000000000006,0.023333333333333355,0.027000000000000024,0.05400000000000005,0.016000000000000014,0.03200000000000003,-0.05600000000000005,-0.028000000000000025,0.008999999999999897,0.0044999999999999485,-0.05539812496603291,-0.0658894265665835,0.003005875033966987,0.0035751279026200104
160,0.3,0.5,2.0,1.0,0.0,-1.099793106033774,0.288,0.518,1.965,0.224,0.26436918510810764,0.31221664783640773,0.496628749169738,0.5376894310227696,1.921951590327726,2.005179622835667,0.21793523284046218,0.2300748951250643,-1.08468,0.305,0.528,2.054,0.213,0.28381825363031843,0.32570789008967166,0.5116123182153738,0.5498588499128149,2.0126013129438554,2.0956468990270753,0.20711862069781733,0.2190568317307331,-1.178996,1207.7572228908539,87.23615431785583,681.3399848937988,-0.01200000000000001,-0.040000000000000036,0.0050000000000000044,0.016666666666666684,0.018000000000000016,0.03600000000000003,0.028000000000000025,0.05600000000000005,-0.03499999999999992,-0.01749999999999996,0.053999999999999826,0.026999999999999913,0.015113106033773915,-0.013741771930428704,-0.07920289396622593,0.07201617607138706
161,0.3,0.5,2.0,1.0,0.0,-0.1926423256898382,0.25,0.504,1.95,0.459,0.22702212480484393,0.2705705774317899,0.486641476377138,0.519589878263495,1.9178465386672565,1.9811775499918347,0.45066679871391185,0.4677146858403956,-0.15989999999999993,0.289,0.493,2.015,0.455,0.2689536369394416,0.30837924761221974,0.4774473741220767,0.5079493761821607,1.986433252076433,2.0492784861425477,0.44730794454364936,0.46317245075419466,-0.1813499999999999,1598.424647808075,97.65918684005737,799.0375616550446,-0.04999999999999999,-0.16666666666666663,-0.01100000000000001,-0.0366666666666667,0.0040000000000000036,0.008000000000000007,-0.007000000000000006,-0.014000000000000012,-0.050000000000000044,-0.025000000000000022,0.015000000000000124,0.007500000000000062,0.03274232568983826,-0.1699643397295499,0.01129232568983829,-0.058618092620099406
162,0.3,0.5,2.0,1.0,0.0,0.5498749789249633,0.286,0.523,1.953,0.63,0.26283470951976823,0.30706370686586176,0.5017530426679039,0.5398167533368443,1.9172586038643404,1.9873097212936242,0.6221672157834583,0.6388241132031809,0.5077800000000001,0.323,0.512,2.015,0.635,0.3022292455884009,0.3425959132344047,0.49499133653226735,0.5298048419295921,1.9797299711622063,2.0511586184445565,0.6277383880086824,0.642856436216761,0.5440499999999999,1467.0569248199463,96.43406987190247,849.5199737548828,-0.014000000000000012,-0.04666666666666671,0.02300000000000002,0.07666666666666674,0.02300000000000002,0.04600000000000004,0.01200000000000001,0.02400000000000002,-0.04699999999999993,-0.023499999999999965,0.015000000000000124,0.007500000000000062,-0.04209497892496317,-0.07655372682579817,-0.005824978924963364,-0.010593278741926988
163,0.3,0.5,2.0,1.0,0.0,-1.2730068247299862,0.294,0.486,1.906,0.195,0.26827745903894357,0.3224419465160005,0.4667858879477315,0.5067867896697068,1.866849338703462,1.948357845626601,0.18942745136424222,0.20070841215078564,-1.1626599999999998,0.305,0.5,1.991,0.184,0.28410089475457595,0.3281374645730326,0.48197858227522056,0.5192481869627176,1.9505350436739575,2.0324298802229386,0.17840974730758702,0.18951763884359546,-1.258312,1017.6133079528809,82.03535628318787,817.801753282547,-0.006000000000000005,-0.020000000000000018,0.0050000000000000044,0.016666666666666684,-0.014000000000000012,-0.028000000000000025,0.0,0.0,-0.09400000000000008,-0.04700000000000004,-0.008999999999999897,-0.0044999999999999485,0.11034682472998636,-0.08668203703730473,0.014694824729986067,-0.011543398232058138
164,0.3,0.5,2.0,1.0,0.0,1.6322725860094258,0.339,0.412,1.855,0.899,0.30466522031709187,0.37805101506662137,0.3904140410274837,0.4380070261085305,1.803360116958096,1.911410070898946,0.895000776779408,0.902344080565943,1.48029,0.081,0.512,1.528,0.671,-0.2159680688725518,0.3218700750072846,0.44778488011799644,0.633649223715924,1.0701706249833844,2.0151300837244306,0.3378968429420718,0.9099295087830784,0.5225759999999999,667.8657383918762,78.81252121925354,10290.809707164764,0.039000000000000035,0.13000000000000012,-0.21899999999999997,-0.73,-0.08800000000000002,-0.17600000000000005,0.01200000000000001,0.02400000000000002,-0.14500000000000002,-0.07250000000000001,-0.472,-0.236,-0.1519825860094257,-0.09311103262537307,-1.109696586009426,-0.6798475913403705
165,0.3,0.5,2.0,1.0,0.0,0.029626044054812617,0.272,0.521,1.963,0.507,0.2503479787264368,0.29281762185420973,0.503289714069501,0.5385056835302185,1.9332366182080902,2.0018146453217303,0.49753734572702446,0.5154558207948482,0.027482000000000006,0.309,0.511,2.027,0.507,0.29051682355184705,0.3294486621767813,0.49421611004217886,0.52669255833123,1.9927269223195359,2.0591758721398086,0.49934143329100994,0.5157688707202243,0.028378000000000014,1866.5046589374542,123.59733128547668,1062.0203711986542,-0.02799999999999997,-0.09333333333333324,0.009000000000000008,0.030000000000000027,0.02100000000000002,0.04200000000000004,0.01100000000000001,0.02200000000000002,-0.03699999999999992,-0.01849999999999996,0.027000000000000135,0.013500000000000068,-0.0021440440548126105,-0.07237024460119644,-0.0012480440548126026,-0.04212658472064425
166,0.3,0.5,2.0,1.0,0.0,1.4074489676341928,0.317,0.466,1.921,0.841,0.289491465194555,0.34434467930236295,0.4432957039026106,0.485742414904297,1.8716021294991043,1.9675176360359212,0.8354620426179015,0.8459327936915644,1.310122,0.314,0.493,2.019,0.851,0.28934602611399174,0.3392656409855983,0.47052021861074217,0.5095781535854303,1.9805963652535334,2.0705643420132462,0.8460336363115348,0.855362976799147,1.417338,951.9809975624084,83.4419174194336,759.0915122032166,0.017000000000000015,0.05666666666666672,0.014000000000000012,0.04666666666666671,-0.033999999999999975,-0.06799999999999995,-0.007000000000000006,-0.014000000000000012,-0.07899999999999996,-0.03949999999999998,0.019000000000000128,0.009500000000000064,-0.0973269676341928,-0.06915132972657013,0.009889032365807182,0.007026210252176916
167,0.3,0.5,2.0,1.0,0.0,-0.05685189829494908,0.282,0.491,1.942,0.486,0.2591317991576265,0.30650229634315757,0.4731887381991863,0.5079350662164827,1.9089346263592577,1.9704777277501884,0.47692114825212595,0.4941941153743071,-0.05437599999999998,0.321,0.481,2.003,0.484,0.30046198986354594,0.3420818240914028,0.4627611735799953,0.4951095076193388,1.9730870348515288,2.0361876103911007,0.4760434830094243,0.4936133004567221,-0.06409600000000015,1867.5017199516296,77.33835339546204,961.6097986698151,-0.018000000000000016,-0.06000000000000005,0.02100000000000002,0.07000000000000006,-0.009000000000000008,-0.018000000000000016,-0.019000000000000017,-0.038000000000000034,-0.05800000000000005,-0.029000000000000026,0.0030000000000001137,0.0015000000000000568,0.002475898294949097,-0.04354996700557076,-0.007244101705051076,0.1274205773652182
168,0.3,0.5,2.0,1.0,0.0,0.30357450419395615,0.277,0.501,1.929,0.575,0.25174250712846946,0.298534561643966,0.4823847054035922,0.517297621669685,1.8960353404295636,1.9620815103009357,0.5662955595294955,0.5840493389638735,0.28935,0.311,0.498,1.998,0.578,0.29223446670565895,0.33164079996200824,0.4827910054628443,0.5157512132507784,1.9671876193029025,2.031334779683068,0.570308404063164,0.5858118769922657,0.31168799999999997,1558.7753534317017,124.8785228729248,867.6992886066437,-0.022999999999999965,-0.07666666666666655,0.01100000000000001,0.0366666666666667,0.0010000000000000009,0.0020000000000000018,-0.0020000000000000018,-0.0040000000000000036,-0.07099999999999995,-0.035499999999999976,-0.0020000000000000018,-0.0010000000000000009,-0.014224504193956156,-0.04685671555891929,0.008113495806043813,0.026726538935101206
169,0.3,0.5,2.0,1.0,0.0,0.0932456623049207,0.258,0.505,1.949,0.517,0.23703382426294684,0.27954131078335476,0.4852309066506488,0.520625978329787,1.9146708419408727,1.982664218249515,0.5080958386158271,0.5258127831320839,0.06626599999999994,0.293,0.498,2.022,0.518,0.2721051570247117,0.31128360716327447,0.48057345127363854,0.5140997420072452,1.9865491825648824,2.0522327293062816,0.5107144520670021,0.5272063355101284,0.07279200000000019,1587.467723608017,84.82341265678406,778.3212146759033,-0.04199999999999998,-0.13999999999999996,-0.007000000000000006,-0.023333333333333355,0.0050000000000000044,0.010000000000000009,-0.0020000000000000018,-0.0040000000000000036,-0.050999999999999934,-0.025499999999999967,0.021999999999999797,0.010999999999999899,-0.02697966230492077,-0.2893395964811225,-0.020453662304920517,-0.21935242669021343
170,0.3,0.5,2.0,1.0,0.0,-0.3719940907043502,0.24,0.492,1.932,0.404,0.21654055163679659,0.2627272571915177,0.47343871080878625,0.5112204390814212,1.8963825644907062,1.9639965169572362,0.3949379142870366,0.41234666718743834,-0.37094399999999994,0.281,0.479,1.997,0.402,0.2587277854400773,0.3021536001814376,0.46190704633578733,0.49468527985824334,1.9625799643884676,2.0291896133302876,0.39351336075544435,0.41010386681634087,-0.39141199999999987,1510.403639793396,128.10089802742004,611.7895181179047,-0.06,-0.2,-0.01899999999999996,-0.06333333333333321,-0.008000000000000007,-0.016000000000000014,-0.02100000000000002,-0.04200000000000004,-0.06800000000000006,-0.03400000000000003,-0.0029999999999998916,-0.0014999999999999458,0.0010500907043502483,-0.0028228693159129486,-0.019417909295649682,0.05219951010211734
171,0.3,0.5,2.0,1.0,0.0,-0.6006252008155522,0.268,0.514,1.907,0.359,0.24361460409069904,0.28827501430977953,0.4945440334647325,0.5315574548653884,1.872860896987599,1.9438751921982478,0.35145927259202686,0.3675615643433762,-0.537774,0.305,0.504,1.972,0.353,0.2833429612446069,0.3244655916497482,0.4871304913335967,0.521556218019663,1.9387526918856577,2.011063697669288,0.3461588456953146,0.361283020336038,-0.5797680000000001,1476.402762413025,85.81912732124329,709.925835609436,-0.03199999999999997,-0.10666666666666658,0.0050000000000000044,0.016666666666666684,0.014000000000000012,0.028000000000000025,0.0040000000000000036,0.008000000000000007,-0.09299999999999997,-0.046499999999999986,-0.028000000000000025,-0.014000000000000012,0.06285120081555218,-0.10464296324931152,0.02085720081555209,-0.03472581701072711
172,0.3,0.5,2.0,1.0,0.0,-1.4873146477305568,0.318,0.448,1.888,0.141,0.2891890214950331,0.3434558002294045,0.4257965579214893,0.4685226690187105,1.8437310621736585,1.9329720533855204,0.13709007053816355,0.14567035988222557,-1.355584,0.292,0.49,2.003,0.131,0.2695590826103115,0.3182888623255373,0.4687251789721293,0.513797205896479,1.9517325283256235,2.050591672427566,0.12644984820048297,0.1348327346385182,-1.478214,850.3097167015076,75.95507740974426,2431.716011285782,0.018000000000000016,0.06000000000000005,-0.008000000000000007,-0.026666666666666693,-0.05199999999999999,-0.10399999999999998,-0.010000000000000009,-0.020000000000000018,-0.1120000000000001,-0.05600000000000005,0.0030000000000001137,0.0015000000000000568,0.13173064773055687,-0.08856945497817843,0.009100647730556854,-0.006118844956205619
173,0.3,0.5,2.0,1.0,0.0,0.41257542168329264,0.271,0.515,1.93,0.592,0.25070879022458303,0.2930907741280483,0.49618913691237093,0.5338996442838407,1.8962537422797217,1.9662114081331763,0.5838020590477128,0.6005789383431852,0.35511999999999966,0.314,0.502,1.993,0.596,0.29544512961213815,0.33460638440695734,0.48468355279604786,0.5180880395468093,1.9632714445222823,2.028703254219042,0.5880327407572087,0.604242130905771,0.3826560000000001,1464.938250541687,80.06676888465881,730.9889373779297,-0.02899999999999997,-0.09666666666666657,0.014000000000000012,0.04666666666666671,0.015000000000000013,0.030000000000000027,0.0020000000000000018,0.0040000000000000036,-0.07000000000000006,-0.03500000000000003,-0.006999999999999895,-0.0034999999999999476,-0.057455421683292984,-0.1392604083124413,-0.029919421683292535,-0.07251867200722328
174,0.3,0.5,2.0,1.0,0.0,-0.7872736274770962,0.24,0.512,1.95,0.309,0.21704806534936497,0.2639631487538389,0.4927772676963595,0.5297675624083824,1.9082074881570845,1.9857684209043915,0.30115488267702784,0.316226625756947,-0.7448999999999999,0.282,0.497,2.012,0.3,0.2601474163150787,0.3020493852122885,0.4807810901516153,0.5142730049171054,1.9787946724051058,2.0508531309722295,0.29215209006143317,0.30682305195844684,-0.8048,1317.3673062324524,75.48088335990906,817.3056666851044,-0.06,-0.2,-0.018000000000000016,-0.06000000000000005,0.01200000000000001,0.02400000000000002,-0.0030000000000000027,-0.006000000000000005,-0.050000000000000044,-0.025000000000000022,0.01200000000000001,0.006000000000000005,0.042373627477096276,-0.05382325280333239,-0.017526372522903788,0.022262110543533577
175,0.3,0.5,2.0,1.0,0.0,-0.3103799829170937,0.263,0.509,1.952,0.425,0.23892865699718563,0.2841802547103089,0.49206827296223515,0.5273925497400492,1.9226671469081007,1.9847974428693411,0.41737715997444425,0.4338245272195924,-0.29279999999999995,0.305,0.491,2.007,0.425,0.283848406650508,0.32576782035770374,0.4735469535939258,0.5067385722961012,1.9739593764852115,2.0408110452956763,0.4174812808403793,0.4340553809552663,-0.30105000000000004,1658.835121870041,89.23454761505127,854.7088871002197,-0.03699999999999998,-0.12333333333333327,0.0050000000000000044,0.016666666666666684,0.009000000000000008,0.018000000000000016,-0.009000000000000008,-0.018000000000000016,-0.04800000000000004,-0.02400000000000002,0.007000000000000117,0.0035000000000000586,0.01757998291709373,-0.05664019551734288,0.009329982917093638,-0.03005987315743165
176,0.3,0.5,2.0,1.0,0.0,-0.46758526280949164,0.248,0.501,1.926,0.394,0.22539720365210086,0.26911979049552265,0.48352114304075017,0.5202152278719698,1.8903733587000378,1.9575655947741684,0.3857967982156562,0.4028881850095069,-0.408312,0.286,0.489,1.99,0.388,0.26309585996579143,0.30709616852722177,0.47159915579690914,0.5057361379958898,1.954408645521258,2.0215726970929957,0.3807676972354445,0.3964491060437599,-0.44575999999999993,1462.99449467659,76.21709513664246,727.5390033721924,-0.05199999999999999,-0.1733333333333333,-0.014000000000000012,-0.04666666666666671,0.0010000000000000009,0.0020000000000000018,-0.01100000000000001,-0.02200000000000002,-0.07400000000000007,-0.03700000000000003,-0.010000000000000009,-0.0050000000000000044,0.059273262809491634,-0.12676460856218505,0.021825262809491708,-0.04667654125443209
177,0.3,0.5,2.0,1.0,0.0,0.2933341822447191,0.254,0.505,1.91,0.574,0.23146465635544622,0.2754027920126748,0.4875838887211124,0.5229275139716029,1.8799763042947826,1.9437525589984712,0.5654144214883957,0.5823382728257072,0.2826799999999998,0.295,0.492,1.972,0.58,0.273832884142458,0.3148167478407792,0.47625788976640426,0.5088447942277886,1.9382565606816724,2.005466428775959,0.5714693723508631,0.5880915022223788,0.3155199999999998,2040.7497344017029,109.5834448337555,969.556348323822,-0.045999999999999985,-0.1533333333333333,-0.0050000000000000044,-0.016666666666666684,0.0050000000000000044,0.010000000000000009,-0.008000000000000007,-0.016000000000000014,-0.09000000000000008,-0.04500000000000004,-0.028000000000000025,-0.014000000000000012,-0.010654182244719257,-0.036320970720796604,0.022185817755280723,0.07563325073643079
178,0.3,0.5,2.0,1.0,0.0,0.4496143173079825,0.255,0.503,1.924,0.602,0.23143899483706062,0.2768802542787815,0.4861490394017839,0.5225682258091218,1.8914758747290137,1.9562493095271343,0.5931392623068873,0.6093484591473693,0.39249599999999996,0.295,0.49,1.983,0.607,0.27562256919959033,0.3179727913985608,0.4731948714020252,0.5051613566496451,1.9522018050148437,2.018501642303543,0.5993336780387194,0.6161306420271326,0.4243619999999999,1493.1308271884918,81.49056673049927,843.8957085609436,-0.044999999999999984,-0.14999999999999997,-0.0050000000000000044,-0.016666666666666684,0.0030000000000000027,0.006000000000000005,-0.010000000000000009,-0.020000000000000018,-0.07600000000000007,-0.038000000000000034,-0.016999999999999904,-0.008499999999999952,-0.05711831730798256,-0.12703847522021175,-0.025252317307982608,-0.056164397653478096
179,0.3,0.5,2.0,1.0,0.0,-1.455917445507036,0.318,0.483,1.912,0.144,0.28793159867754275,0.34635504096280934,0.46026356521354855,0.5038497304656305,1.8628696466388017,1.955295218390889,0.13916392428302285,0.14812614396490245,-1.3613439999999999,0.315,0.51,2.009,0.135,0.2917727682287253,0.3392243686166336,0.48850007338176743,0.5289845778695558,1.9632675335632228,2.0565994623793413,0.130502335405404,0.13908287195998723,-1.46657,893.131805896759,98.38972163200378,608.3199701309204,0.018000000000000016,0.06000000000000005,0.015000000000000013,0.050000000000000044,-0.017000000000000015,-0.03400000000000003,0.010000000000000009,0.020000000000000018,-0.08800000000000008,-0.04400000000000004,0.008999999999999897,0.0044999999999999485,0.09457344550703617,-0.06495797258209247,-0.010652554492963873,0.007316729754037687
180,0.3,0.5,2.0,1.0,0.0,1.7193891753468806,0.345,0.443,1.887,0.923,0.3128954040965676,0.38179675000385216,0.4153585221997476,0.4691006406084564,1.8327488492573818,1.942129782637499,0.9201457927349239,0.9257975616235983,1.5964020000000003,0.296,0.514,2.023,0.929,0.2703506957476837,0.3271195939817079,0.49062729556450485,0.5393841798786762,1.9689304020928613,2.0842393020414325,0.9264262639531392,0.9316439521099086,1.7357340000000003,554.0805397033691,74.44764757156372,1841.7671356201172,0.044999999999999984,0.14999999999999997,-0.0040000000000000036,-0.013333333333333346,-0.056999999999999995,-0.11399999999999999,0.014000000000000012,0.028000000000000025,-0.11299999999999999,-0.056499999999999995,0.02300000000000013,0.011500000000000066,-0.1229871753468803,-0.07152957405473259,0.016344824653119705,0.009506180966750703
181,0.3,0.5,2.0,1.0,0.0,-0.04224247935251757,0.247,0.514,1.941,0.496,0.22592502674955864,0.26866224788660964,0.4984922435237664,0.5331100967087936,1.910077483395024,1.9760390617659063,0.4875143309810608,0.505231570338802,-0.015527999999999986,0.291,0.5,2.007,0.493,0.27244333760742084,0.3104717755218697,0.48357919235805674,0.5177414948197226,1.9707954755774315,2.0365847803805415,0.48378792115716185,0.5006425383800919,-0.028097999999999956,1482.8683497905731,75.66075158119202,769.7701101303101,-0.05299999999999999,-0.17666666666666664,-0.009000000000000008,-0.030000000000000027,0.014000000000000012,0.028000000000000025,0.0,0.0,-0.05899999999999994,-0.02949999999999997,0.007000000000000117,0.0035000000000000586,0.026714479352517584,-0.6324079401112486,0.014144479352517614,-0.33484017911166075
182,0.3,0.5,2.0,1.0,0.0,1.339153992564794,0.291,0.467,1.903,0.824,0.26323449517386815,0.31603648497948034,0.44698123769471887,0.48684695297047786,1.8624985709741324,1.9439213098303647,0.8188407582246002,0.8289730296738842,1.2331439999999998,0.295,0.489,1.998,0.835,0.269351558953597,0.31776680104616545,0.4695315002569561,0.5089230672699255,1.9522501505536187,2.041253824523131,0.8294717989242979,0.8395636524348126,1.3386599999999997,1009.4927353858948,79.76532077789307,707.1913225650787,-0.009000000000000008,-0.030000000000000027,-0.0050000000000000044,-0.016666666666666684,-0.032999999999999974,-0.06599999999999995,-0.01100000000000001,-0.02200000000000002,-0.09699999999999998,-0.04849999999999999,-0.0020000000000000018,-0.0010000000000000009,-0.10600999256479415,-0.07916191353151265,-0.00049399256479421,-0.00036888406227882607
183,0.3,0.5,2.0,1.0,0.0,1.6426509952157162,0.331,0.425,1.829,0.899,0.2949488544596693,0.36704013897560583,0.4023706208298908,0.44787504381245624,1.7809402134181904,1.878187966770531,0.8956462986643162,0.902734624082054,1.4595420000000001,0.288,0.478,1.948,0.907,0.25608437913392995,0.31706876689487024,0.4533620279568831,0.50057609637463,1.897471275261442,1.9998050713182451,0.9033281944298388,0.91005113323181,1.5856720000000002,632.0947196483612,90.31215524673462,683.2153227329254,0.031000000000000028,0.10333333333333343,-0.01200000000000001,-0.040000000000000036,-0.07500000000000001,-0.15000000000000002,-0.02200000000000002,-0.04400000000000004,-0.17100000000000004,-0.08550000000000002,-0.052000000000000046,-0.026000000000000023,-0.1831089952157161,-0.11147163685349357,-0.05697899521571603,-0.034687219246005103
184,0.3,0.5,2.0,1.0,0.0,-0.817708014996084,0.273,0.526,1.939,0.305,0.24919186361478252,0.2959879811157885,0.5069122129537954,0.5451630526630141,1.9020451942628471,1.9744349421050733,0.29747547274782493,0.3121890139810418,-0.75621,0.31,0.516,2.004,0.297,0.2896511394998533,0.32992316418557355,0.4975649190692452,0.5324648369962139,1.9639494825701418,2.039607216860164,0.2901224627698218,0.30374155791606094,-0.8136240000000001,1332.396977186203,70.52901196479797,571.2684316635132,-0.02699999999999997,-0.0899999999999999,0.010000000000000009,0.03333333333333337,0.026000000000000023,0.052000000000000046,0.016000000000000014,0.03200000000000003,-0.06099999999999994,-0.03049999999999997,0.0040000000000000036,0.0020000000000000018,0.06149801499608398,-0.07520779284079598,0.004084014996083907,-0.004994466143398955
185,0.3,0.5,2.0,1.0,0.0,-0.9400628739962296,0.254,0.5,1.947,0.278,0.23121337831941097,0.27694865541010855,0.48154258422999896,0.5196034201523508,1.911209640728131,1.9862469237175877,0.2710031386522612,0.2858622840906411,-0.864468,0.294,0.488,2.008,0.271,0.27394676856574246,0.31656569422714986,0.4711897485180997,0.5054433926532177,1.9744613402170124,2.048406476669076,0.26362324880676546,0.2772183393417382,-0.919664,1288.9577283859253,74.72048687934875,718.924914598465,-0.045999999999999985,-0.1533333333333333,-0.006000000000000005,-0.020000000000000018,0.0,0.0,-0.01200000000000001,-0.02400000000000002,-0.052999999999999936,-0.026499999999999968,0.008000000000000007,0.0040000000000000036,0.07559487399622955,-0.08041470000285614,0.020398873996229527,-0.021699478365221923
186,0.3,0.5,2.0,1.0,0.0,-1.558674582319701,0.342,0.436,1.866,0.125,0.306223790262569,0.3762687187005011,0.41549748943199816,0.46297148845004527,1.8183788818806395,1.9165007043398288,0.12026740766689331,0.12881897044267757,-1.3995000000000002,0.311,0.482,1.971,0.117,0.25448998446823107,0.34938490943399253,0.4564784787251617,0.5143576839347003,1.9147877396899717,2.0489065798289676,0.11066363234067214,0.11992146840225755,-1.509786,793.3241925239563,87.20199704170227,27877.801950454712,0.04200000000000004,0.14000000000000012,0.01100000000000001,0.0366666666666667,-0.064,-0.128,-0.018000000000000016,-0.03600000000000003,-0.1339999999999999,-0.06699999999999995,-0.028999999999999915,-0.014499999999999957,0.15917458231970083,-0.10212175403720826,0.048888582319700946,-0.03136548377336237
187,0.3,0.5,2.0,1.0,0.0,-0.07036676831201705,0.24,0.513,1.954,0.488,0.21908723222837168,0.2620956920807343,0.49650595336532594,0.5317858477261176,1.9216015831081805,1.9863802916013138,0.4788087788199185,0.4962806807691063,-0.04689600000000005,0.281,0.501,2.025,0.491,0.25885245722750877,0.3017763360061873,0.4837388458146086,0.5188381791043566,1.988427474492952,2.05718716284183,0.48245581243171426,0.4989628779409684,-0.03645000000000009,1576.0761785507202,78.41415405273438,893.895405292511,-0.06,-0.2,-0.01899999999999996,-0.06333333333333321,0.013000000000000012,0.026000000000000023,0.0010000000000000009,0.0020000000000000018,-0.04600000000000004,-0.02300000000000002,0.02499999999999991,0.012499999999999956,0.023470768312017,-0.3335490441730109,0.033916768312016954,-0.481999800838157
188,0.3,0.5,2.0,1.0,0.0,0.14868777488396967,0.268,0.515,1.934,0.532,0.24284470403058417,0.28853313043757306,0.4990178486336313,0.5322152836968055,1.901428577603197,1.9643763684598818,0.523570818882559,0.5412099601088047,0.12377600000000011,0.305,0.509,2.005,0.535,0.2850496791526075,0.32538298094988877,0.4908902066429528,0.5264062820504148,1.9736284419899621,2.0422699397145934,0.5275550962445973,0.5439218205980683,0.1403500000000002,1753.9433662891388,85.52626824378967,908.4619011878967,-0.03199999999999997,-0.10666666666666658,0.0050000000000000044,0.016666666666666684,0.015000000000000013,0.030000000000000027,0.009000000000000008,0.018000000000000016,-0.06600000000000006,-0.03300000000000003,0.004999999999999893,0.0024999999999999467,-0.024911774883969562,-0.16754420397648542,-0.008337774883969473,-0.056075725731156836
189,0.3,0.5,2.0,1.0,0.0,1.113447545883961,0.268,0.48,1.91,0.768,0.24265566938045358,0.2987579211890949,0.4594674294027159,0.4992314646154802,1.867627076119868,1.9478058525765012,0.760684413549038,0.774045503216197,1.02376,0.29,0.486,1.987,0.779,0.2671404252662567,0.3132034533234273,0.46722367742638693,0.5044998427278375,1.9439919101919014,2.0267486723737322,0.7725105998875199,0.7848539272777513,1.108746,1212.2849378585815,101.98417091369629,888.1842651367188,-0.03199999999999997,-0.10666666666666658,-0.010000000000000009,-0.03333333333333337,-0.020000000000000018,-0.040000000000000036,-0.014000000000000012,-0.028000000000000025,-0.09000000000000008,-0.04500000000000004,-0.0129999999999999,-0.00649999999999995,-0.089687545883961,-0.08054941269169394,-0.004701545883960989,-0.004222512233594671
190,0.3,0.5,2.0,1.0,0.0,0.7424745820901988,0.249,0.515,1.96,0.675,0.2285326674705761,0.27100389787055934,0.4976069439767076,0.5333268133576177,1.9262123908808388,1.9967977285897014,0.6677040845141768,0.6828000568154035,0.6859999999999999,0.29,0.503,2.025,0.682,0.26932904204457775,0.30890449516064755,0.4860472757866929,0.520173885059243,1.99171739346058,2.0620280549952406,0.6750120471414558,0.6893969226543097,0.7371000000000003,1411.8955204486847,80.28360748291016,770.5452382564545,-0.05099999999999999,-0.16999999999999998,-0.010000000000000009,-0.03333333333333337,0.015000000000000013,0.030000000000000027,0.0030000000000000027,0.006000000000000005,-0.040000000000000036,-0.020000000000000018,0.02499999999999991,0.012499999999999956,-0.056474582090198844,-0.07606264706222372,-0.0053745820901984764,-0.007238742200531723
191,0.3,0.5,2.0,1.0,0.0,-1.6271852283582198,0.317,0.437,1.845,0.106,0.2808473062580529,0.3520997963128917,0.413397639898644,0.45865335359061216,1.7964309751915517,1.8895277687789258,0.10293660183212508,0.11000568646553696,-1.45386,0.276,0.495,1.977,0.098,0.24829869099410656,0.301004945233252,0.47326025638936736,0.5162740513780295,1.931598913151346,2.026813356958356,0.09428006991541825,0.10065175021569013,-1.589508,720.8516733646393,97.71701335906982,2048.6641631126404,0.017000000000000015,0.05666666666666672,-0.023999999999999966,-0.07999999999999989,-0.063,-0.126,-0.0050000000000000044,-0.010000000000000009,-0.15500000000000003,-0.07750000000000001,-0.02299999999999991,-0.011499999999999955,0.17332522835821984,-0.10651843769077213,0.03767722835821985,-0.023154849061796746
192,0.3,0.5,2.0,1.0,0.0,-0.5021469541433512,0.253,0.508,1.915,0.387,0.22785182326502607,0.2751017639615552,0.4897518255274173,0.5267576707619325,1.883694360211452,1.9496499698639131,0.3795368539880126,0.39565082093004683,-0.43279,0.293,0.499,1.98,0.382,0.27204467196859555,0.3145535384020093,0.48124720423690476,0.5162423443159971,1.9489784279035158,2.0162525636387394,0.3749070973415152,0.3897509744016282,-0.4672799999999999,1418.5249564647675,82.2156069278717,777.5808103084564,-0.046999999999999986,-0.15666666666666662,-0.007000000000000006,-0.023333333333333355,0.008000000000000007,0.016000000000000014,-0.0010000000000000009,-0.0020000000000000018,-0.08499999999999996,-0.04249999999999998,-0.020000000000000018,-0.010000000000000009,0.06935695414335119,-0.138120830109728,0.03486695414335128,-0.06943575751212777
193,0.3,0.5,2.0,1.0,0.0,1.7787885558243048,0.403,0.396,1.789,0.936,0.3589880238375485,0.4511621612235675,0.3677889185245764,0.42568092428624243,1.7231332838970514,1.844556054965691,0.9331026931083108,0.9383902710412346,1.560008,0.303,0.484,1.941,0.941,0.2630477974919594,0.3358742895772347,0.45849776476988646,0.5121874387784755,1.8792869587495433,2.008509074647531,0.9387693766369247,0.9436367280545603,1.711962,442.72526812553406,81.58795595169067,890.0023798942566,0.10300000000000004,0.3433333333333335,0.0030000000000000027,0.010000000000000009,-0.10399999999999998,-0.20799999999999996,-0.016000000000000014,-0.03200000000000003,-0.21100000000000008,-0.10550000000000004,-0.05899999999999994,-0.02949999999999997,-0.21878055582430478,-0.12299413278095896,-0.06682655582430486,-0.03756857756111259
194,0.3,0.5,2.0,1.0,0.0,0.448518969785173,0.263,0.521,1.96,0.605,0.23965015206779666,0.2854640838368161,0.502242587622473,0.5394389909921383,1.928164220023747,1.9972953599877152,0.5962486609132734,0.6124226211299739,0.41159999999999997,0.302,0.512,2.026,0.61,0.2811385311832695,0.32266157316645244,0.4947294920660623,0.5283985936067592,1.9958097949270739,2.0641020514484048,0.6024251661652725,0.617171855964488,0.4457200000000001,1477.8332583904266,73.53574109077454,776.4672355651855,-0.03699999999999998,-0.12333333333333327,0.0020000000000000018,0.006666666666666673,0.02100000000000002,0.04200000000000004,0.01200000000000001,0.02400000000000002,-0.040000000000000036,-0.020000000000000018,0.0259999999999998,0.0129999999999999,-0.03691896978517306,-0.08231306203805856,-0.002798969785172911,-0.006240471359580471
195,0.3,0.5,2.0,1.0,0.0,1.4284770031312415,0.322,0.472,1.924,0.849,0.2915713578200609,0.34800188997341974,0.4515717748264092,0.49482536075188877,1.877967146443651,1.9780868786842765,0.8441341179179249,0.8541108750988555,1.342952,0.313,0.508,2.036,0.86,0.2912251892525396,0.3352446756193306,0.48730862829662713,0.5266498138854613,1.9917628877912446,2.082916265623801,0.8552973516428505,0.8640394978300354,1.4659200000000001,923.6033577919006,79.4418568611145,1593.1119945049286,0.02200000000000002,0.0733333333333334,0.013000000000000012,0.043333333333333376,-0.028000000000000025,-0.05600000000000005,0.008000000000000007,0.016000000000000014,-0.07600000000000007,-0.038000000000000034,0.03600000000000003,0.018000000000000016,-0.08552500313124156,-0.05987145956411588,0.03744299686875863,0.02621183035266445
196,0.3,0.5,2.0,1.0,0.0,0.9578044766043394,0.253,0.505,1.928,0.726,0.22688453375645082,0.2752705228051038,0.4843656908231386,0.5228212069502934,1.8879489811588435,1.9641503822955828,0.7184898790149276,0.7331860750188126,0.8714559999999998,0.29,0.5,1.998,0.736,0.26799094694528386,0.31410701806260477,0.4831173683425212,0.5199614185297049,1.9626156679462134,2.038197325342845,0.7297321183049303,0.7427468710792904,0.9430560000000001,1232.8924396038055,74.74192643165588,733.2999682426453,-0.046999999999999986,-0.15666666666666662,-0.010000000000000009,-0.03333333333333337,0.0050000000000000044,0.010000000000000009,0.0,0.0,-0.07200000000000006,-0.03600000000000003,-0.0020000000000000018,-0.0010000000000000009,-0.08634847660433964,-0.09015250890293075,-0.014748476604339311,-0.015398212228686186
197,0.3,0.5,2.0,1.0,0.0,-0.45440718190659535,0.254,0.525,1.932,0.399,0.23442646994444716,0.27629068551905045,0.5062803763647165,0.5408167426762591,1.9000761109426403,1.9655173059755542,0.39147887467570036,0.40845004319532974,-0.39026399999999994,0.299,0.508,1.993,0.395,0.28007633524939035,0.32021771195069537,0.48961042337196875,0.5253665137827953,1.9594241337323564,2.0270101106702096,0.38732509925380904,0.4022132854447744,-0.41852999999999985,1484.6553213596344,77.70537257194519,752.737044095993,-0.045999999999999985,-0.1533333333333333,-0.0010000000000000009,-0.0033333333333333366,0.025000000000000022,0.050000000000000044,0.008000000000000007,0.016000000000000014,-0.06800000000000006,-0.03400000000000003,-0.006999999999999895,-0.0034999999999999476,0.0641431819065954,-0.14115794041252677,0.0358771819065955,-0.0789538179305673
198,0.3,0.5,2.0,1.0,0.0,-0.06429270669364917,0.251,0.508,1.93,0.479,0.22842837809344962,0.27241108632456407,0.48877025506716576,0.524075889390517,1.8956923176954565,1.9638841467174477,0.4691259821808594,0.48734217140325503,-0.08106000000000013,0.294,0.5,2.003,0.479,0.2749351241357398,0.31374008162053635,0.4860975307150496,0.5173857464164142,1.96975244070546,2.0351997906310757,0.4710405224206403,0.48746634591224886,-0.08412600000000015,1498.7328457832336,74.60638284683228,830.6632182598114,-0.04899999999999999,-0.1633333333333333,-0.006000000000000005,-0.020000000000000018,0.008000000000000007,0.016000000000000014,0.0,0.0,-0.07000000000000006,-0.03500000000000003,0.0030000000000001137,0.0015000000000000568,-0.01676729330635096,0.2607961955349942,-0.019833293306350974,0.30848434179098116
199,0.3,0.5,2.0,1.0,0.0,-1.4779086236055918,0.323,0.482,1.918,0.14,0.29725221488314724,0.35481642117529516,0.45852078178358885,0.5038536305093967,1.8698027588840704,1.9615745974386793,0.13575110478957259,0.14429250331397514,-1.38096,0.319,0.509,2.016,0.131,0.29516345409995615,0.3421963429676186,0.48814603209748375,0.5282235913262012,1.9706247655520643,2.0644743892390838,0.1272010054091845,0.13584848840750852,-1.487808,1038.0588009357452,93.50483202934265,3348.9545707702637,0.02300000000000002,0.07666666666666674,0.019000000000000017,0.0633333333333334,-0.018000000000000016,-0.03600000000000003,0.009000000000000008,0.018000000000000016,-0.08200000000000007,-0.041000000000000036,0.016000000000000014,0.008000000000000007,0.09694862360559187,-0.06559852351972233,-0.009899376394408188,0.00669823305466416
200,0.3,0.5,2.0,1.0,0.0,1.0374044127621778,0.266,0.506,1.939,0.754,0.23937795372487758,0.29023027719893946,0.4869886373292123,0.5261002321876846,1.9055103039003254,1.981707620368717,0.7470989994233669,0.7601925434131345,0.9850120000000002,0.299,0.499,2.005,0.762,0.2755648453270663,0.32054826387986307,0.4808602634573534,0.5180714104869004,1.9656545049931162,2.04364394344915,0.7559594924418795,0.76866865958611,1.0506199999999999,1196.9747521877289,85.93953537940979,854.8965606689453,-0.033999999999999975,-0.11333333333333326,-0.0010000000000000009,-0.0033333333333333366,0.006000000000000005,0.01200000000000001,-0.0010000000000000009,-0.0020000000000000018,-0.06099999999999994,-0.03049999999999997,0.004999999999999893,0.0024999999999999467,-0.05239241276217754,-0.05050336408602531,0.013215587237822124,0.012739089091239254
201,0.3,0.5,2.0,1.0,0.0,0.09353517009538503,0.251,0.499,1.932,0.52,0.22974545513758587,0.2759863704969084,0.4819659544915347,0.5180943846379175,1.899236583674446,1.9650261607764459,0.5124107068478191,0.5285323157775538,0.07728000000000002,0.293,0.49,1.997,0.521,0.27213446270654446,0.31356178380067934,0.4752794851665965,0.5080587340651668,1.9690244551321854,2.033134381254172,0.5136551852916457,0.5308396536797807,0.083874,1524.772043466568,76.02850818634033,569.3077175617218,-0.04899999999999999,-0.1633333333333333,-0.007000000000000006,-0.023333333333333355,-0.0010000000000000009,-0.0020000000000000018,-0.010000000000000009,-0.020000000000000018,-0.06800000000000006,-0.03400000000000003,-0.0029999999999998916,-0.0014999999999999458,-0.01625517009538502,-0.173786716577394,-0.00966117009538503,-0.10328917011144352
202,0.3,0.5,2.0,1.0,0.0,0.17788177621048362,0.25,0.517,1.963,0.537,0.229688881818913,0.27079567386607206,0.49854235993878215,0.5340899021225729,1.9289137055061243,1.9966260663246327,0.5282408564272005,0.5460546270401921,0.14526200000000022,0.29,0.507,2.032,0.539,0.27263923205119134,0.31135241463571517,0.4925903761039535,0.5249809220077052,2.0022334302744915,2.067883920393593,0.5311135840342137,0.5473497832822878,0.15849599999999997,1518.1434280872345,74.77949547767639,838.1335787773132,-0.04999999999999999,-0.16666666666666663,-0.010000000000000009,-0.03333333333333337,0.017000000000000015,0.03400000000000003,0.007000000000000006,0.014000000000000012,-0.03699999999999992,-0.01849999999999996,0.03200000000000003,0.016000000000000014,-0.0326197762104834,-0.1833789661054718,-0.019385776210483652,-0.1089812381204519
203,0.3,0.5,2.0,1.0,0.0,1.1634740423544643,0.269,0.486,1.923,0.78,0.24388356681814705,0.29413086349028733,0.4644707000400247,0.5029269013695585,1.883922841437905,1.9660139883464003,0.7736860282241489,0.7866052074666311,1.07688,0.288,0.492,2.002,0.792,0.2659148744890235,0.3120289776356591,0.47310351355855434,0.5109163165678214,1.9655366841590238,2.0429554958127687,0.7855229914045442,0.7971906825764077,1.169168,1111.1235873699188,77.51513957977295,1566.1164045333862,-0.030999999999999972,-0.10333333333333325,-0.01200000000000001,-0.040000000000000036,-0.014000000000000012,-0.028000000000000025,-0.008000000000000007,-0.016000000000000014,-0.07699999999999996,-0.03849999999999998,0.0019999999999997797,0.0009999999999998899,-0.08659404235446422,-0.07442713735084985,0.005693957645535708,0.004893927529326852
204,0.3,0.5,2.0,1.0,0.0,-1.712903546449185,0.367,0.427,1.871,0.079,0.3303149366234209,0.40291268916484185,0.3959045841991178,0.44978090613794125,1.8162901975835517,1.928830951212352,0.07611192887212895,0.08233600210310968,-1.575382,0.315,0.493,1.998,0.074,0.284618884572755,0.34534308042919915,0.4674085435777781,0.5148405869083924,1.9408376752194316,2.057284198527301,0.07090918248815224,0.07588187150559798,-1.702296,671.9512877464294,87.45583963394165,947.4391543865204,0.067,0.22333333333333336,0.015000000000000013,0.050000000000000044,-0.07300000000000001,-0.14600000000000002,-0.007000000000000006,-0.014000000000000012,-0.129,-0.0645,-0.0020000000000000018,-0.0010000000000000009,0.13752154644918502,-0.08028563355728023,0.010607546449185046,-0.006192728406204937
205,0.3,0.5,2.0,1.0,0.0,-0.020780191776359924,0.267,0.509,1.957,0.501,0.2465703016616266,0.28827060636570684,0.4905330365859827,0.5264230191113369,1.925114791111455,1.988442284955305,0.4926599963143659,0.5086883963296213,0.003913999999999973,0.305,0.494,2.017,0.5,0.2845251632124147,0.3228994576646136,0.4791382613280417,0.5119070840299856,1.9854901400575538,2.0512297176948384,0.49197284182480244,0.5080112131826594,0.0,1548.6668334007263,74.69519448280334,670.1054995059967,-0.032999999999999974,-0.10999999999999992,0.0050000000000000044,0.016666666666666684,0.009000000000000008,0.018000000000000016,-0.006000000000000005,-0.01200000000000001,-0.04299999999999993,-0.021499999999999964,0.016999999999999904,0.008499999999999952,0.024694191776359897,-1.1883524484337358,0.020780191776359924,-1.0
206,0.3,0.5,2.0,1.0,0.0,0.7897856619759573,0.261,0.503,1.927,0.69,0.23891421023023707,0.2868589139926198,0.4852438302923096,0.5216617891906594,1.8905769804521129,1.9640221516469663,0.6817742902347029,0.697370843769005,0.7322599999999997,0.297,0.495,1.997,0.699,0.2742845491181365,0.3172917890859084,0.4784317643716225,0.5136379431994572,1.960349037077389,2.034245262642678,0.6913935217629561,0.7073032998570219,0.7948059999999997,1366.6878328323364,78.61037707328796,741.3292939662933,-0.03899999999999998,-0.12999999999999995,-0.0030000000000000027,-0.010000000000000009,0.0030000000000000027,0.006000000000000005,-0.0050000000000000044,-0.010000000000000009,-0.07299999999999995,-0.03649999999999998,-0.0029999999999998916,-0.0014999999999999458,-0.057525661975957654,-0.07283705534997273,0.005020338024042337,0.006356582887921769
207,0.3,0.5,2.0,1.0,0.0,-0.42827185209994445,0.264,0.525,1.93,0.396,0.24321637138440713,0.2872338046146889,0.5065659568762219,0.5421330643369647,1.8959389143615066,1.9624614670319322,0.3880240476375936,0.40433406994830096,-0.40144,0.306,0.511,1.993,0.392,0.2878332346766439,0.3282636215387064,0.49152296752509206,0.526653049906415,1.9620983718761906,2.027259096741697,0.3845974235623808,0.3994720423642298,-0.430488,1471.5331077575684,72.51509761810303,751.8655431270599,-0.035999999999999976,-0.11999999999999993,0.006000000000000005,0.020000000000000018,0.025000000000000022,0.050000000000000044,0.01100000000000001,0.02200000000000002,-0.07000000000000006,-0.03500000000000003,-0.006999999999999895,-0.0034999999999999476,0.02683185209994443,-0.06265144899992812,-0.0022161479000555317,0.0051746288932814485
208,0.3,0.5,2.0,1.0,0.0,0.2181319233358363,0.268,0.514,1.941,0.559,0.24690350078234818,0.2903511146300053,0.49512825643203345,0.5314790604747299,1.908220086917741,1.9774159948643542,0.5503508961407112,0.5687868119348649,0.2290380000000003,0.313,0.5,1.999,0.56,0.29339695997579046,0.3323343071641353,0.4829920776796961,0.5169295887646345,1.965080476600128,2.030112481385739,0.5526838459110235,0.5678191506903568,0.23988000000000032,1520.0201086997986,78.88683605194092,734.9080967903137,-0.03199999999999997,-0.10666666666666658,0.013000000000000012,0.043333333333333376,0.014000000000000012,0.028000000000000025,0.0,0.0,-0.05899999999999994,-0.02949999999999997,-0.0009999999999998899,-0.0004999999999999449,0.010906076664163988,0.049997618401653995,0.021748076664164007,0.09970148491599108
209,0.3,0.5,2.0,1.0,0.0,0.4382623007444941,0.253,0.512,1.923,0.596,0.2326512063024777,0.2756949651928618,0.49551966753377885,0.5298340169906042,1.8886828916949716,1.9555967586581022,0.5882761647673624,0.6052293769746758,0.36921599999999977,0.3,0.496,1.982,0.601,0.2779889114441163,0.3189458912069766,0.47927498025862025,0.513596592380176,1.9503155904581102,2.017426733033134,0.5924842254005719,0.6085200578454812,0.40036399999999994,1696.3374092578888,85.84779477119446,1025.8100988864899,-0.046999999999999986,-0.15666666666666662,0.0,0.0,0.01200000000000001,0.02400000000000002,-0.0040000000000000036,-0.008000000000000007,-0.07699999999999996,-0.03849999999999998,-0.018000000000000016,-0.009000000000000008,-0.06904630074449436,-0.15754560825150277,-0.037898300744494184,-0.0864740149451933
210,0.3,0.5,2.0,1.0,0.0,-0.21137123606334574,0.269,0.512,1.943,0.455,0.24936560071915578,0.29107016572961586,0.49349638345205366,0.527500727407826,1.9117341250444928,1.9726830486651488,0.4458197842665078,0.4639010602721303,-0.17486999999999986,0.304,0.502,2.013,0.453,0.2828751212311965,0.3225780203649317,0.4865107184781496,0.5198919122177063,1.981453195837484,2.0457857359221125,0.44435532686523366,0.46074549426543127,-0.189222,1822.1657128334045,104.99359917640686,1184.6043350696564,-0.030999999999999972,-0.10333333333333325,0.0040000000000000036,0.013333333333333346,0.01200000000000001,0.02400000000000002,0.0020000000000000018,0.0040000000000000036,-0.05699999999999994,-0.02849999999999997,0.0129999999999999,0.00649999999999995,0.03650123606334588,-0.17268781099622676,0.022149236063345734,-0.10478831687726821
211,0.3,0.5,2.0,1.0,0.0,-0.4271994823166756,0.263,0.491,1.915,0.404,0.23970522941537395,0.286091112546217,0.4724716546867967,0.5077618756209107,1.8814086342014407,1.947938617628958,0.39513452622998735,0.4118385868967282,-0.36768,0.302,0.48,1.975,0.402,0.2803387178673984,0.32522050824738996,0.4631870674935044,0.495791681105336,1.9404010524205237,2.008311418617294,0.3945415588606242,0.4102904562233338,-0.3871,1754.2007339000702,105.34083652496338,1074.6157813072205,-0.03699999999999998,-0.12333333333333327,0.0020000000000000018,0.006666666666666673,-0.009000000000000008,-0.018000000000000016,-0.020000000000000018,-0.040000000000000036,-0.08499999999999996,-0.04249999999999998,-0.02499999999999991,-0.012499999999999956,0.05951948231667559,-0.13932479972565795,0.040099482316675594,-0.09386594314023664
212,0.3,0.5,2.0,1.0,0.0,0.1292203150655724,0.248,0.509,1.954,0.54,0.22708290605032655,0.26917468321669646,0.4924077785112611,0.5298917464987979,1.9239896635494997,1.9900592344264771,0.5315693125850105,0.5476523939738434,0.15632000000000024,0.283,0.501,2.026,0.542,0.2640278556492782,0.30470404247128946,0.4848316420761544,0.5188980732265039,1.993235304647109,2.062295631076585,0.5331321296658478,0.550913376777948,0.17018400000000034,1862.2956557273865,83.61280941963196,921.6261692047119,-0.05199999999999999,-0.1733333333333333,-0.017000000000000015,-0.05666666666666672,0.009000000000000008,0.018000000000000016,0.0010000000000000009,0.0020000000000000018,-0.04600000000000004,-0.02300000000000002,0.0259999999999998,0.0129999999999999,0.027099684934427826,0.2097169080626075,0.040963684934427924,0.31700653967327846
213,0.3,0.5,2.0,1.0,0.0,-0.2770661382052637,0.273,0.496,1.936,0.427,0.25059624852366874,0.2958551890756848,0.4802251898148687,0.5153384776609617,1.901841460050152,1.968448241818125,0.41776254387873113,0.4351013637585889,-0.282656,0.311,0.486,2.002,0.422,0.2911422965485374,0.33044336085251064,0.47031644930015787,0.5035884063970797,1.9686009336075803,2.0293498929059686,0.4136979530882278,0.43032359541005405,-0.3123119999999999,1576.3261315822601,72.17627596855164,590.6379930973053,-0.02699999999999997,-0.0899999999999999,0.01100000000000001,0.0366666666666667,-0.0040000000000000036,-0.008000000000000007,-0.014000000000000012,-0.028000000000000025,-0.06400000000000006,-0.03200000000000003,0.0019999999999997797,0.0009999999999998899,-0.005589861794736306,0.02017518932824289,-0.03524586179473621,0.12721100464692806
214,0.3,0.5,2.0,1.0,0.0,0.3711842975428077,0.247,0.503,1.937,0.595,0.22695275221422254,0.27018706052842845,0.48451205201366576,0.5223254329058677,1.8995832550306686,1.965198949057029,0.5866679470972354,0.6022057172356786,0.36802999999999986,0.287,0.491,2.002,0.597,0.2663786345370719,0.30601418010984377,0.47582588770252016,0.5069020735819051,1.9686365248781044,2.035501551409255,0.5881938293126943,0.6038298398307123,0.38838799999999996,1527.3618235588074,77.28020930290222,584.349319934845,-0.05299999999999999,-0.17666666666666664,-0.013000000000000012,-0.043333333333333376,0.0030000000000000027,0.006000000000000005,-0.009000000000000008,-0.018000000000000016,-0.06299999999999994,-0.03149999999999997,0.0019999999999997797,0.0009999999999998899,-0.003154297542807827,-0.008497928289771068,0.01720370245719227,0.04634814180200663
215,0.3,0.5,2.0,1.0,0.0,-0.18474083555105136,0.259,0.509,1.899,0.46,0.23551541824642047,0.28098267909171964,0.4906200971457723,0.5266497544850395,1.8653589158371746,1.9294793092758844,0.45097387916551057,0.4687799612467936,-0.15191999999999983,0.299,0.497,1.965,0.455,0.27675538077245837,0.3173666408389947,0.480455401416058,0.5143982750205113,1.9312010901559014,1.9967080610854704,0.446825189441921,0.4622577627063569,-0.17684999999999995,1748.1362116336823,90.11313676834106,828.1482615470886,-0.04099999999999998,-0.1366666666666666,-0.0010000000000000009,-0.0033333333333333366,0.009000000000000008,0.018000000000000016,-0.0030000000000000027,-0.006000000000000005,-0.10099999999999998,-0.05049999999999999,-0.03499999999999992,-0.01749999999999996,0.03282083555105153,-0.17765880214383792,0.007890835551051412,-0.04271300131080578
216,0.3,0.5,2.0,1.0,0.0,-0.37839700130204257,0.282,0.518,1.943,0.412,0.2608083697889073,0.30324198312106293,0.50043924112159,0.5347815003737982,1.9131174768092432,1.9772664136443001,0.40320820317241324,0.4206544515655417,-0.34196800000000005,0.316,0.51,2.01,0.408,0.29668894535094487,0.3349029517777166,0.4923995311579858,0.526397350186136,1.9771638603835553,2.043509950936094,0.40004841756007303,0.4156643800415251,-0.36984000000000017,1802.966980934143,96.74755358695984,1122.9127190113068,-0.018000000000000016,-0.06000000000000005,0.016000000000000014,0.053333333333333385,0.018000000000000016,0.03600000000000003,0.010000000000000009,0.020000000000000018,-0.05699999999999994,-0.02849999999999997,0.009999999999999787,0.004999999999999893,0.03642900130204252,-0.09627190801378552,0.0085570013020424,-0.022613819011773995
217,0.3,0.5,2.0,1.0,0.0,-1.3760461442361194,0.301,0.482,1.914,0.166,0.27300947713979673,0.3278049173680244,0.4602981218242889,0.5027952761257356,1.869174864123756,1.9612043286930616,0.16000427351760335,0.17094437671265125,-1.278552,0.299,0.512,2.027,0.154,0.2771680746429421,0.32340177015378685,0.4919231668096906,0.5303364749340753,1.9775904260206918,2.068756621434059,0.1494706886291797,0.15883561523490153,-1.4026840000000003,1100.0295073986053,100.68021059036255,953.0805459022522,0.0010000000000000009,0.0033333333333333366,-0.0010000000000000009,-0.0033333333333333366,-0.018000000000000016,-0.03600000000000003,0.01200000000000001,0.02400000000000002,-0.08600000000000008,-0.04300000000000004,0.027000000000000135,0.013500000000000068,0.09749414423611946,-0.07085092650743999,-0.02663785576388089,0.01935825762490566
218,0.3,0.5,2.0,1.0,0.0,0.8418612328689079,0.244,0.498,1.928,0.698,0.22330966277100617,0.26697983135280956,0.47876669894020335,0.5147237130043042,1.8941564368553747,1.96464143217523,0.6910479824708347,0.7051094767116642,0.7634879999999997,0.28,0.485,1.988,0.708,0.25923908794432193,0.30096530140373434,0.46572968215321137,0.5003454224244213,1.9553777342036867,2.023340284990625,0.7000211112016691,0.7146177799949586,0.8270079999999997,1341.3664779663086,84.70489382743835,622.6709365844727,-0.055999999999999994,-0.18666666666666665,-0.019999999999999962,-0.06666666666666654,-0.0020000000000000018,-0.0040000000000000036,-0.015000000000000013,-0.030000000000000027,-0.07200000000000006,-0.03600000000000003,-0.01200000000000001,-0.006000000000000005,-0.07837323286890818,-0.0930951917120909,-0.014853232868908162,-0.017643326820372857
219,0.3,0.5,2.0,1.0,0.0,-0.602994034494085,0.28,0.513,1.955,0.352,0.25578042811977986,0.29892767293248684,0.494568071341153,0.5310585304775152,1.9195144622093583,1.9935896874646448,0.34442123827525445,0.3599654680865215,-0.5786800000000001,0.319,0.503,2.017,0.348,0.2984531679746394,0.34010845197333167,0.4865724899303516,0.5199477139842322,1.980032682854036,2.050425323531564,0.3401313433911512,0.3559680140082473,-0.6131680000000002,1448.351516008377,76.94332981109619,715.494856595993,-0.019999999999999962,-0.06666666666666654,0.019000000000000017,0.0633333333333334,0.013000000000000012,0.026000000000000023,0.0030000000000000027,0.006000000000000005,-0.04499999999999993,-0.022499999999999964,0.016999999999999904,0.008499999999999952,0.02431403449408487,-0.04032218082303993,-0.010173965505915206,0.016872414856394416
220,0.3,0.5,2.0,1.0,0.0,0.5572989802111503,0.246,0.5,1.926,0.64,0.22360561046242441,0.2680377398389813,0.4813815809272874,0.5180547125387769,1.8931747821726723,1.9616471882615185,0.6328420946319318,0.6488104350379995,0.53928,0.286,0.492,1.999,0.647,0.26571536284362085,0.30669093401931374,0.4744075131052307,0.507871361118231,1.963585764417914,2.0293056129913634,0.6401071095852328,0.6548161586171798,0.5877060000000003,1708.6146619319916,86.76167416572571,1094.411663532257,-0.05399999999999999,-0.18,-0.014000000000000012,-0.04666666666666671,0.0,0.0,-0.008000000000000007,-0.016000000000000014,-0.07400000000000007,-0.03700000000000003,-0.0009999999999998899,-0.0004999999999999449,-0.018018980211150337,-0.032332699055582836,0.030407019788849965,0.05456141293732371
221,0.3,0.5,2.0,1.0,0.0,0.38231663590612497,0.271,0.497,1.915,0.595,0.249735075353436,0.293371121572919,0.48174462713749794,0.5153351615151737,1.8834341489809046,1.9474441124890511,0.5873979544018569,0.6051137709903567,0.3638499999999998,0.305,0.49,1.977,0.597,0.2857400382153126,0.32596462958491473,0.4721307863393977,0.5048530080356199,1.945175634795713,2.0090939174462843,0.5892399742941922,0.6042627982412532,0.38353799999999993,1659.973794221878,89.47063064575195,1031.8534483909607,-0.02899999999999997,-0.09666666666666657,0.0050000000000000044,0.016666666666666684,-0.0030000000000000027,-0.006000000000000005,-0.010000000000000009,-0.020000000000000018,-0.08499999999999996,-0.04249999999999998,-0.02299999999999991,-0.011499999999999955,-0.018466635906125184,-0.04830194182462814,0.001221364093874966,0.003194640199164294
222,0.3,0.5,2.0,1.0,0.0,0.3150293852579331,0.255,0.504,1.929,0.567,0.2352828654338379,0.27856529038524735,0.4870280292440935,0.5234408957843176,1.8979078499994342,1.9662607375693961,0.5582258786068489,0.5753148679124573,0.25848599999999977,0.292,0.495,1.996,0.572,0.2725343252940137,0.3128321457633933,0.479731548426231,0.5114511876200771,1.966319249275546,2.027522335269067,0.5638625824017419,0.5802753740683007,0.2874239999999997,2135.897170305252,101.23544764518738,757.8855557441711,-0.044999999999999984,-0.14999999999999997,-0.008000000000000007,-0.026666666666666693,0.0040000000000000036,0.008000000000000007,-0.0050000000000000044,-0.010000000000000009,-0.07099999999999995,-0.035499999999999976,-0.0040000000000000036,-0.0020000000000000018,-0.05654338525793334,-0.17948606670973866,-0.027605385257933435,-0.08762796916653118
223,0.3,0.5,2.0,1.0,0.0,0.2360025077474046,0.257,0.522,1.956,0.554,0.23260042331143088,0.27759625015492434,0.5034449486999434,0.5380959200977342,1.9218620466393492,1.9924389258696638,0.5458877390685128,0.5619565706748789,0.21124800000000032,0.299,0.508,2.015,0.556,0.2791385476325456,0.318031185937106,0.49059224184734174,0.5231676650291647,1.9806311731442705,2.046884368364727,0.5464853785434044,0.5631234050093472,0.2256800000000001,1520.248101234436,81.72944808006287,719.6102030277252,-0.04299999999999998,-0.14333333333333328,-0.0010000000000000009,-0.0033333333333333366,0.02200000000000002,0.04400000000000004,0.008000000000000007,0.016000000000000014,-0.04400000000000004,-0.02200000000000002,0.015000000000000124,0.007500000000000062,-0.024754507747404286,-0.10489086740510078,-0.010322507747404508,-0.043738974835185955
224,0.3,0.5,2.0,1.0,0.0,-0.35908722755953737,0.259,0.52,1.956,0.418,0.23909003125950648,0.27878371817182357,0.5014426926564994,0.5381501598312688,1.9204840011958064,1.9883877506754728,0.4094940670029431,0.4260332003521929,-0.32078399999999996,0.295,0.508,2.022,0.412,0.27693844498350123,0.3155343705232679,0.4915696061599127,0.5248887348615571,1.9893833472466191,2.054483295443004,0.40453447203328,0.4204435512875382,-0.35587199999999997,1771.260770559311,115.30594992637634,908.4128472805023,-0.04099999999999998,-0.1366666666666666,-0.0050000000000000044,-0.016666666666666684,0.020000000000000018,0.040000000000000036,0.008000000000000007,0.016000000000000014,-0.04400000000000004,-0.02200000000000002,0.021999999999999797,0.010999999999999899,0.03830322755953741,-0.10666830959111923,0.0032152275595374036,-0.008953890065622878
225,0.3,0.5,2.0,1.0,0.0,-0.22603529818842727,0.252,0.506,1.945,0.453,0.22802795524920627,0.27308215655894763,0.48827457051523737,0.5245870129690732,1.913958475498655,1.9770287588162114,0.4448698324807054,0.4625305957462082,-0.18283000000000005,0.29,0.497,2.012,0.451,0.26845240381990176,0.31031702261531713,0.48126602638989663,0.5124991329252565,1.9819660597408841,2.047612801220071,0.44249439825296755,0.4589323274483977,-0.19717600000000002,1744.9834806919098,127.45592164993286,1004.2344818115234,-0.04799999999999999,-0.15999999999999998,-0.010000000000000009,-0.03333333333333337,0.006000000000000005,0.01200000000000001,-0.0030000000000000027,-0.006000000000000005,-0.05499999999999994,-0.02749999999999997,0.01200000000000001,0.006000000000000005,0.04320529818842722,-0.19114403163885701,0.02885929818842725,-0.12767606838277798
226,0.3,0.5,2.0,1.0,0.0,0.4910294101882924,0.26,0.516,1.926,0.62,0.24032586053614663,0.28131257132129633,0.49877679768020805,0.5334249910154576,1.8925734554165552,1.9627110307870683,0.6114570178944344,0.6278492123578099,0.46223999999999976,0.301,0.504,1.99,0.625,0.28192895264675644,0.31916008795177114,0.4872464434947841,0.5210138253649823,1.9601023380053086,2.0243411919625767,0.6174478827657588,0.6325122105812782,0.49749999999999983,1718.4979093074799,109.20063090324402,865.9135763645172,-0.03999999999999998,-0.13333333333333328,0.0010000000000000009,0.0033333333333333366,0.016000000000000014,0.03200000000000003,0.0040000000000000036,0.008000000000000007,-0.07400000000000007,-0.03700000000000003,-0.010000000000000009,-0.0050000000000000044,-0.02878941018829262,-0.058630724740607494,0.00647058981170745,0.013177601335989646
227,0.3,0.5,2.0,1.0,0.0,-0.8881355761906007,0.28,0.498,1.944,0.288,0.25578898780894965,0.30423453412114565,0.479128377304895,0.5148094198264977,1.904615009323753,1.9792317774712005,0.2801419341663858,0.2947212978878323,-0.8242560000000001,0.309,0.496,2.019,0.278,0.2885607252870976,0.33125290468807417,0.4755761256370625,0.5120440116252807,1.986089636657797,2.057096888767657,0.2711352111230765,0.28417986662538564,-0.896436,1599.8118243217468,92.22327589988708,1189.8726997375488,-0.019999999999999962,-0.06666666666666654,0.009000000000000008,0.030000000000000027,-0.0020000000000000018,-0.0040000000000000036,-0.0040000000000000036,-0.008000000000000007,-0.05600000000000005,-0.028000000000000025,0.019000000000000128,0.009500000000000064,0.06387957619060058,-0.07192547838765051,-0.008300423809399327,0.009345897216505594
228,0.3,0.5,2.0,1.0,0.0,0.2164355962411295,0.262,0.531,1.971,0.552,0.2443341323367517,0.2829793206064095,0.513723818015371,0.5493957940196204,1.9379707333361331,2.006779811530105,0.5439340701652116,0.5609684575256473,0.20498400000000006,0.303,0.514,2.035,0.555,0.284967584516127,0.32347942935618557,0.49735217388957975,0.5333753905313462,2.0041118937119804,2.070305085179444,0.547031723722757,0.5629533102843584,0.2238500000000001,1839.7675344944,89.25831365585327,1048.5038907527924,-0.03799999999999998,-0.1266666666666666,0.0030000000000000027,0.010000000000000009,0.031000000000000028,0.062000000000000055,0.014000000000000012,0.028000000000000025,-0.028999999999999915,-0.014499999999999957,0.03500000000000014,0.01750000000000007,-0.011451596241129458,-0.05290994845585062,0.007414403758870591,0.0342568592580781
229,0.3,0.5,2.0,1.0,0.0,0.6983004843055314,0.245,0.49,1.921,0.665,0.22077399021578106,0.2684605003801896,0.4740593678105697,0.5070704651277207,1.8900583843906729,1.954699115585174,0.6563464157130323,0.6721143579584523,0.6339300000000001,0.277,0.483,1.984,0.672,0.2512893036907524,0.2963179658803472,0.4669781596832815,0.4990776001422718,1.9495731324226588,2.0199363506063848,0.6631021706944257,0.6795230193930203,0.682496,1417.2382287979126,77.43016505241394,885.5070767402649,-0.05499999999999999,-0.18333333333333332,-0.022999999999999965,-0.07666666666666655,-0.010000000000000009,-0.020000000000000018,-0.017000000000000015,-0.03400000000000003,-0.07899999999999996,-0.03949999999999998,-0.016000000000000014,-0.008000000000000007,-0.06437048430553127,-0.09218164064363858,-0.015804484305531386,-0.022632784396890607
230,0.3,0.5,2.0,1.0,0.0,0.467187578739118,0.288,0.507,1.936,0.606,0.2668470458541215,0.30957336701752974,0.48855757497067515,0.5231511816308515,1.9025215292247994,1.9680062217795222,0.596542118217371,0.6140635873209873,0.41043200000000013,0.32,0.5,2.004,0.612,0.301308570848895,0.3423676004481885,0.4843457598008016,0.5163166017478206,1.9705279453252482,2.0363834324535883,0.6037027218565957,0.620282150719242,0.44889599999999996,1514.4567205905914,78.22835326194763,606.0190923213959,-0.01200000000000001,-0.040000000000000036,0.020000000000000018,0.06666666666666674,0.007000000000000006,0.014000000000000012,0.0,0.0,-0.06400000000000006,-0.03200000000000003,0.0040000000000000036,0.0020000000000000018,-0.05675557873911785,-0.12148349254553001,-0.01829157873911802,-0.03915253652180726
231,0.3,0.5,2.0,1.0,0.0,-0.9883814540538671,0.284,0.49,1.926,0.271,0.2577010017713745,0.3082309492027853,0.47441320249517793,0.5117997171711598,1.8855147936265912,1.9563359241996525,0.2638482521194507,0.27771039226048816,-0.8821079999999999,0.299,0.503,2.009,0.261,0.2756854216140153,0.32304993635346396,0.48447675430552545,0.5211089021567605,1.9688819782299034,2.045846577360016,0.253895435216594,0.26734218052448616,-0.960302,1473.5206031799316,85.33948612213135,850.6758053302765,-0.016000000000000014,-0.053333333333333385,-0.0010000000000000009,-0.0033333333333333366,-0.010000000000000009,-0.020000000000000018,0.0030000000000000027,0.006000000000000005,-0.07400000000000007,-0.03700000000000003,0.008999999999999897,0.0044999999999999485,0.10627345405386723,-0.10752271161906615,0.028079454053867137,-0.02840953150091867
232,0.3,0.5,2.0,1.0,0.0,-0.2811487460707687,0.258,0.524,1.969,0.43,0.2368704317931483,0.2780004130729703,0.5055392436530783,0.539921977048935,1.936351724224748,2.0019601958147164,0.4209946612378833,0.4380571585730975,-0.27566,0.302,0.503,2.022,0.427,0.2823822529109809,0.32093302095335563,0.48841990153529347,0.5200297985166392,1.99127793773952,2.055660110005493,0.4182762058612348,0.4346265435008638,-0.29521200000000003,1834.74218583107,84.39315676689148,855.2114446163177,-0.04199999999999998,-0.13999999999999996,0.0020000000000000018,0.006666666666666673,0.02400000000000002,0.04800000000000004,0.0030000000000000027,0.006000000000000005,-0.030999999999999917,-0.015499999999999958,0.021999999999999797,0.010999999999999899,0.0054887460707686575,-0.019522569982891088,-0.014063253929231356,0.05002068878404835
233,0.3,0.5,2.0,1.0,0.0,0.28983823094450445,0.269,0.528,1.941,0.571,0.24839561408524066,0.2890907383559567,0.5085885911282124,0.545308885898337,1.9097844338726724,1.972534749310025,0.5625356588523761,0.5800659944954262,0.27562200000000003,0.309,0.512,2.005,0.574,0.28981994666065614,0.32836114661750715,0.49671695944521094,0.5303060737732578,1.9732282220598905,2.0370917953634198,0.5663257899348327,0.5828111650854624,0.2967399999999998,1816.3594007492065,88.41976308822632,1040.320718050003,-0.030999999999999972,-0.10333333333333325,0.009000000000000008,0.030000000000000027,0.028000000000000025,0.05600000000000005,0.01200000000000001,0.02400000000000002,-0.05899999999999994,-0.02949999999999997,0.004999999999999893,0.0024999999999999467,-0.014216230944504415,-0.04904884665552078,0.006901769055495333,0.023812486824130594
234,0.3,0.5,2.0,1.0,0.0,1.06404742042695,0.289,0.503,1.971,0.762,0.2618838514098966,0.31146093023153065,0.4859041608221026,0.5235835375078693,1.9342379102477982,2.0148714233361202,0.7558378828722202,0.7688181422462756,1.032804,0.306,0.512,2.048,0.773,0.28514493451440576,0.3269290993327161,0.4929496899497041,0.5304794778844834,2.0061964483067305,2.091771957200458,0.7663298082512046,0.7793168757403544,1.118208,1168.910487651825,86.78944635391235,841.397608757019,-0.01100000000000001,-0.0366666666666667,0.006000000000000005,0.020000000000000018,0.0030000000000000027,0.006000000000000005,0.01200000000000001,0.02400000000000002,-0.028999999999999915,-0.014499999999999957,0.04800000000000004,0.02400000000000002,-0.031243420426950053,-0.029362808298913592,0.05416057957304998,0.050900531812123555
235,0.3,0.5,2.0,1.0,0.0,0.4206681155873504,0.273,0.512,1.962,0.595,0.25177651621619207,0.2929882578001453,0.4944404682591978,0.5300153022000277,1.935226588088368,1.9980775084848044,0.5878995373317073,0.6033518171889826,0.3727799999999999,0.307,0.503,2.027,0.6,0.28804761050232974,0.3259580422673252,0.48776801135202463,0.5235394118791478,1.9924920961503259,2.062681878136221,0.5918221888491596,0.6076252160582246,0.40539999999999976,1740.0895159244537,105.11817073822021,962.002982378006,-0.02699999999999997,-0.0899999999999999,0.007000000000000006,0.023333333333333355,0.01200000000000001,0.02400000000000002,0.0030000000000000027,0.006000000000000005,-0.038000000000000034,-0.019000000000000017,0.027000000000000135,0.013500000000000068,-0.04788811558735051,-0.11383823449630258,-0.015268115587350639,-0.03629491996566653
236,0.3,0.5,2.0,1.0,0.0,-0.8484618889609716,0.265,0.52,1.968,0.296,0.24193247886336797,0.2861198224425832,0.5018644813996415,0.537949477634935,1.9316083976891347,2.0048106587175525,0.2885914670730578,0.3031581668893555,-0.8029440000000001,0.308,0.504,2.023,0.289,0.28815527567437255,0.32943052726738314,0.48828766763993164,0.5198459639601373,1.9861611262979186,2.0575678508693502,0.28209264233441983,0.2961536193258427,-0.8537060000000001,1326.5356242656708,77.55900835990906,676.505532503128,-0.034999999999999976,-0.11666666666666659,0.008000000000000007,0.026666666666666693,0.020000000000000018,0.040000000000000036,0.0040000000000000036,0.008000000000000007,-0.03200000000000003,-0.016000000000000014,0.02300000000000013,0.011500000000000066,0.04551788896097153,-0.053647535090483374,-0.005244111039028443,0.006180726685850785
237,0.3,0.5,2.0,1.0,0.0,0.6510585389657346,0.263,0.501,1.959,0.658,0.24045873188167022,0.28331370361397185,0.4854125804953949,0.5179027595029844,1.9253012522982513,1.99500680247516,0.650294093305423,0.6661895736255449,0.6190440000000001,0.298,0.493,2.023,0.665,0.27624218080229496,0.3176055805542969,0.4767640272299627,0.5089722988548994,1.9898394071837582,2.057109002892239,0.6570128842079072,0.6721429462772449,0.6675900000000001,1426.792153120041,81.71431803703308,841.040785074234,-0.03699999999999998,-0.12333333333333327,-0.0020000000000000018,-0.006666666666666673,0.0010000000000000009,0.0020000000000000018,-0.007000000000000006,-0.014000000000000012,-0.040999999999999925,-0.020499999999999963,0.02300000000000013,0.011500000000000066,-0.032014538965734474,-0.04917305748971892,0.016531461034265504,0.02539166610198712
238,0.3,0.5,2.0,1.0,0.0,-1.1258151150067819,0.259,0.51,1.943,0.231,0.23536537002759778,0.2858382771651534,0.49100665648112946,0.5282322817035837,1.9005015729785442,1.9847342121159712,0.22517187229457525,0.23774559126222083,-1.045334,0.287,0.51,2.023,0.22,0.2660485466576281,0.30933783814094046,0.49301569498582726,0.5272855786721623,1.9876147487137341,2.0644118471143265,0.21432953238105437,0.22560333874859723,-1.13288,1401.6373624801636,105.38233494758606,1075.9645943641663,-0.04099999999999998,-0.1366666666666666,-0.013000000000000012,-0.043333333333333376,0.010000000000000009,0.020000000000000018,0.010000000000000009,0.020000000000000018,-0.05699999999999994,-0.02849999999999997,0.02300000000000013,0.011500000000000066,0.0804811150067819,-0.07148697324631059,-0.007064884993218223,0.0062753509870718555
239,0.3,0.5,2.0,1.0,0.0,0.09398974008177197,0.23,0.51,1.956,0.52,0.20833909079239218,0.25317946352117926,0.4927392873328403,0.527837239361099,1.9249504726508817,1.988166421074456,0.5115206431371645,0.5285439597141749,0.07824000000000009,0.273,0.497,2.023,0.52,0.2548651626716354,0.29407540779528446,0.4802117348544414,0.5130994807492214,1.9899104705097932,2.0553984402277083,0.511063730539413,0.5275880918519466,0.08091999999999988,1765.097380399704,94.06174302101135,948.0351350307465,-0.06999999999999998,-0.23333333333333328,-0.02699999999999997,-0.0899999999999999,0.010000000000000009,0.020000000000000018,-0.0030000000000000027,-0.006000000000000005,-0.04400000000000004,-0.02200000000000002,0.02300000000000013,0.011500000000000066,-0.01574974008177188,-0.16756871620316702,-0.013069740081772085,-0.13905496568456607
241,0.3,0.5,2.0,1.0,0.0,-0.6036187036754077,0.261,0.509,1.942,0.355,0.23863465785856575,0.28454358820990405,0.49106591580774733,0.5261526829118317,1.9128193914130425,1.9781592350473463,0.3477813574504426,0.36395260575441346,-0.56318,0.3,0.497,2.007,0.349,0.2790291577174102,0.31916644554100726,0.4803180247055185,0.5140226435834363,1.9699365755323544,2.039101437626777,0.3407518289673222,0.3570953536429997,-0.606114,2157.5407848358154,103.97173237800598,1125.0623829364777,-0.03899999999999998,-0.12999999999999995,0.0,0.0,0.009000000000000008,0.018000000000000016,-0.0030000000000000027,-0.006000000000000005,-0.05800000000000005,-0.029000000000000026,0.007000000000000117,0.0035000000000000586,0.040438703675407695,-0.06699378834548732,-0.002495296324592333,0.004133894972767715
242,0.3,0.5,2.0,1.0,0.0,-1.4840262805530244,0.29,0.464,1.897,0.142,0.2599504950685349,0.32369313263784427,0.439956457705315,0.48371680842635595,1.849906418688297,1.9492388689135824,0.13706157303892755,0.14652452760108098,-1.358252,0.284,0.493,2.002,0.132,0.2573494070665807,0.3103909735755503,0.4711917997433463,0.5126848440971097,1.9527082244524157,2.0502987158654533,0.12778812979944693,0.13652299944764393,-1.4734719999999997,942.0269601345062,98.70554828643799,1391.1075294017792,-0.010000000000000009,-0.03333333333333337,-0.016000000000000014,-0.053333333333333385,-0.035999999999999976,-0.07199999999999995,-0.007000000000000006,-0.014000000000000012,-0.10299999999999998,-0.05149999999999999,0.0019999999999997797,0.0009999999999998899,0.12577428055302442,-0.08475205742728117,0.010554280553024764,-0.0071119229432323105
243,0.3,0.5,2.0,1.0,0.0,0.9333628238726606,0.284,0.54,1.928,0.725,0.2598511008053126,0.30610827599720425,0.5196504710931101,0.5573810642916279,1.889590874086698,1.962394043405173,0.7175253272940693,0.7314960770451033,0.8675999999999999,0.322,0.529,1.996,0.735,0.3022439750286326,0.3433190055829468,0.5101595097950593,0.5459003855224723,1.9553712620136172,2.0311533353140794,0.7281892682584175,0.741555448125893,0.9381200000000001,1474.2026307582855,105.88633918762207,1028.1916635036469,-0.016000000000000014,-0.053333333333333385,0.02200000000000002,0.0733333333333334,0.040000000000000036,0.08000000000000007,0.029000000000000026,0.05800000000000005,-0.07200000000000006,-0.03600000000000003,-0.0040000000000000036,-0.0020000000000000018,-0.06576282387266064,-0.07045794217494215,0.004757176127339502,0.005096813378104427
244,0.3,0.5,2.0,1.0,0.0,-0.1701783575385607,0.256,0.516,1.939,0.454,0.23040166288107516,0.2784729876040965,0.5000361028690115,0.5330137217780028,1.9051035171841786,1.9689341337192454,0.4450487536361934,0.46322731220171,-0.178388,0.295,0.509,2.006,0.453,0.2753243923881905,0.31564394883552865,0.49177750352686844,0.5254523919481839,1.972749497496936,2.0375656901889174,0.4442347268583303,0.4604836726530975,-0.18856399999999995,1761.6072483062744,88.87204313278198,1014.4703471660614,-0.043999999999999984,-0.1466666666666666,-0.0050000000000000044,-0.016666666666666684,0.016000000000000014,0.03200000000000003,0.009000000000000008,0.018000000000000016,-0.06099999999999994,-0.03049999999999997,0.005999999999999783,0.0029999999999998916,-0.008209642461439293,0.048241401434251534,-0.018385642461439256,0.10803748918115663
245,0.3,0.5,2.0,1.0,0.0,0.30158467935163724,0.258,0.521,1.97,0.58,0.23700098383781976,0.28123873010939754,0.5026848536171313,0.5386673295567631,1.9387403816456348,2.004301585890513,0.5714903930331312,0.5882822027990869,0.3151999999999997,0.299,0.505,2.033,0.582,0.2816859317795843,0.3183018999398103,0.4897653554331772,0.52256844955521,1.9969544903194838,2.066128064218807,0.5743383225047782,0.5914514049196891,0.33341200000000004,1891.1587731838226,93.35241484642029,1052.7044506072998,-0.04199999999999998,-0.13999999999999996,-0.0010000000000000009,-0.0033333333333333366,0.02100000000000002,0.04200000000000004,0.0050000000000000044,0.010000000000000009,-0.030000000000000027,-0.015000000000000013,0.03299999999999992,0.01649999999999996,0.013615320648362461,0.04514592942066355,0.0318273206483628,0.10553361237310484
246,0.3,0.5,2.0,1.0,0.0,0.592875307598407,0.255,0.506,1.957,0.639,0.2328392655217138,0.2790693902925058,0.4876720227571689,0.5254845234293075,1.9178751086665147,1.9892707254011461,0.6308715322588959,0.646853206285593,0.544046,0.295,0.49,2.019,0.647,0.27403267421981536,0.3177449541668739,0.47461462191210213,0.5097476604582406,1.9869574852561538,2.0556189211371767,0.6389180938715233,0.6550271123014544,0.5935860000000002,1462.7117381095886,79.86797785758972,583.9234013557434,-0.044999999999999984,-0.14999999999999997,-0.0050000000000000044,-0.016666666666666684,0.006000000000000005,0.01200000000000001,-0.010000000000000009,-0.020000000000000018,-0.04299999999999993,-0.021499999999999964,0.019000000000000128,0.009500000000000064,-0.04882930759840698,-0.0823601640557482,0.0007106924015931604,0.001198721539731519
247,0.3,0.5,2.0,1.0,0.0,0.4417815343663247,0.252,0.507,1.923,0.601,0.22884194543113207,0.27427467253187526,0.48962789308564203,0.523530623466516,1.8905101830407864,1.9535427584192422,0.5923773632377757,0.6091381219590405,0.38844600000000007,0.296,0.493,1.981,0.604,0.2753196221523117,0.31514491689963553,0.47805490886748503,0.5092660961351474,1.9464260026767362,2.009641176704074,0.59525507261017,0.6113625397001378,0.41204799999999975,1462.0222640037537,75.64417362213135,596.4241178035736,-0.04799999999999999,-0.15999999999999998,-0.0040000000000000036,-0.013333333333333346,0.007000000000000006,0.014000000000000012,-0.007000000000000006,-0.014000000000000012,-0.07699999999999996,-0.03849999999999998,-0.018999999999999906,-0.009499999999999953,-0.053335534366324655,-0.12072830169967877,-0.029733534366324976,-0.06730370568560243
248,0.3,0.5,2.0,1.0,0.0,0.9588580304294871,0.274,0.51,1.952,0.735,0.24978805461860126,0.2995454013011503,0.489042504853828,0.5258174639767657,1.9168422020202665,1.9891922566668185,0.7283548603509281,0.7418559949986675,0.91744,0.308,0.505,2.024,0.747,0.2867581540888656,0.3284646672792033,0.4890858335793375,0.522479089110798,1.9847481971788152,2.0582225227784705,0.7402484175184402,0.7535509440119227,0.9998559999999999,1488.7930808067322,99.18979263305664,992.8972496986389,-0.025999999999999968,-0.08666666666666656,0.008000000000000007,0.026666666666666693,0.010000000000000009,0.020000000000000018,0.0050000000000000044,0.010000000000000009,-0.04800000000000004,-0.02400000000000002,0.02400000000000002,0.01200000000000001,-0.04141803042948711,-0.043195164576069034,0.040997969570512716,0.04275708005714787
249,0.3,0.5,2.0,1.0,0.0,0.7420272098125889,0.275,0.496,1.924,0.677,0.2507877673487778,0.3018041364159097,0.4792092041735855,0.5150892309358733,1.886408202150829,1.9565966196387834,0.6689171831690263,0.6846617166375581,0.6810960000000001,0.313,0.486,1.988,0.684,0.2929945622725474,0.3323256308248595,0.4689940822444792,0.5025077932762967,1.9499322841535511,2.0207733087523456,0.676388989700499,0.6913456533477879,0.7315840000000002,1372.6345973014832,74.42085695266724,719.7310020923615,-0.024999999999999967,-0.08333333333333323,0.013000000000000012,0.043333333333333376,-0.0040000000000000036,-0.008000000000000007,-0.014000000000000012,-0.028000000000000025,-0.07600000000000007,-0.038000000000000034,-0.01200000000000001,-0.006000000000000005,-0.060931209812588705,-0.08211452222618343,-0.010443209812588616,-0.014073890653182678
250,0.3,0.5,2.0,1.0,0.0,-1.200820274575297,0.293,0.49,1.914,0.213,0.26390815577591964,0.321099267893794,0.4700712004674166,0.5106489985359063,1.8635157682146744,1.954704386728799,0.20666761308855136,0.21959896547684668,-1.098636,0.314,0.498,1.998,0.202,0.29160147699982986,0.335960634536143,0.48022343470750006,0.516716188985629,1.9578335477502353,2.0423186325822726,0.19624495172596404,0.207600988487802,-1.190808,1216.9628114700317,84.90522384643555,790.3793413639069,-0.007000000000000006,-0.023333333333333355,0.014000000000000012,0.04666666666666671,-0.010000000000000009,-0.020000000000000018,-0.0020000000000000018,-0.0040000000000000036,-0.08600000000000008,-0.04300000000000004,-0.0020000000000000018,-0.0010000000000000009,0.102184274575297,-0.08509539415583008,0.010012274575296853,-0.00833786269876062
251,0.3,0.5,2.0,1.0,0.0,0.6782086834258765,0.248,0.519,1.972,0.663,0.22616958228340928,0.27069045239818257,0.5007231348821826,0.536836664733392,1.9378096630265456,2.0111662234857395,0.6556135772123574,0.6710932663176081,0.6428720000000001,0.289,0.503,2.035,0.67,0.26775268089028237,0.3085025475310521,0.4871928623137303,0.5223751256028776,1.9986809841829183,2.073469244381977,0.6622447572906306,0.6773484537063872,0.6919000000000004,1696.4971418380737,94.56657385826111,899.9334816932678,-0.05199999999999999,-0.1733333333333333,-0.01100000000000001,-0.0366666666666667,0.019000000000000017,0.038000000000000034,0.0030000000000000027,0.006000000000000005,-0.028000000000000025,-0.014000000000000012,0.03500000000000014,0.01750000000000007,-0.03533668342587637,-0.052102965192627804,0.013691316574123924,0.020187468707956006
252,0.3,0.5,2.0,1.0,0.0,0.8691413804190544,0.265,0.508,1.952,0.702,0.23986938044881445,0.28881877552259355,0.4909794977866982,0.5258821943643271,1.9129077806484827,1.9869570794896614,0.6944342317072301,0.7091052441751903,0.788608,0.295,0.508,2.029,0.711,0.27276946132827234,0.3160107202539965,0.49162375051283214,0.5257251928739536,1.9922646038085638,2.0640991274038623,0.7034687516902778,0.7181111173072307,0.8562379999999998,1310.3001170158386,79.48370051383972,785.3870644569397,-0.034999999999999976,-0.11666666666666659,-0.0050000000000000044,-0.016666666666666684,0.008000000000000007,0.016000000000000014,0.008000000000000007,0.016000000000000014,-0.04800000000000004,-0.02400000000000002,0.028999999999999915,0.014499999999999957,-0.08053338041905445,-0.09265855041929481,-0.012903380419054589,-0.014846123668433846
253,0.3,0.5,2.0,1.0,0.0,-0.5830022599675895,0.269,0.494,1.914,0.36,0.24402842497081104,0.28973850356611003,0.47724736810903984,0.5142604801256642,1.8791788146031831,1.9455566134779,0.3526051984825802,0.3673415309022518,-0.53592,0.302,0.485,1.974,0.354,0.2805676038119673,0.32325534447736726,0.46812507303300804,0.5017639068798159,1.938000296609326,2.005395473370815,0.3461479171778059,0.36052719239782133,-0.576408,1441.7647128105164,80.23785066604614,676.3288543224335,-0.030999999999999972,-0.10333333333333325,0.0020000000000000018,0.006666666666666673,-0.006000000000000005,-0.01200000000000001,-0.015000000000000013,-0.030000000000000027,-0.08600000000000008,-0.04300000000000004,-0.026000000000000023,-0.013000000000000012,0.047082259967589524,-0.08075828037134357,0.006594259967589444,-0.011310865189366566
254,0.3,0.5,2.0,1.0,0.0,1.1282488474667711,0.263,0.496,1.93,0.767,0.2391640566959481,0.28808352792282377,0.4747700995412616,0.5141166213561651,1.8942644677830476,1.972048020297166,0.7602728755322405,0.7730729142281466,1.03062,0.283,0.502,2.017,0.779,0.25751944121647374,0.30294547772674585,0.4827963740661946,0.5179877296845634,1.9765101195604682,2.0553051167986163,0.7726530233659313,0.7845779815873193,1.125486,1309.5737218856812,93.53671622276306,973.3057489395142,-0.03699999999999998,-0.12333333333333327,-0.017000000000000015,-0.05666666666666672,-0.0040000000000000036,-0.008000000000000007,0.0020000000000000018,0.0040000000000000036,-0.07000000000000006,-0.03500000000000003,0.016999999999999904,0.008499999999999952,-0.09762884746677103,-0.08653130706579017,-0.0027628474667711345,-0.002448792633801033
255,0.3,0.5,2.0,1.0,0.0,0.8957740799824201,0.28,0.501,1.932,0.711,0.25728223009333434,0.30718061082203296,0.4834199725539723,0.5193795284620691,1.8971771401368296,1.9759701187747654,0.7025001858024376,0.717587796102777,0.8153039999999998,0.307,0.503,2.011,0.722,0.2852071869866242,0.32795338910324695,0.485287545334803,0.5209569580122833,1.9739855140454896,2.0459971231437923,0.7151363997432665,0.7282740724994968,0.892884,1506.405040025711,87.01571083068848,1176.2557616233826,-0.019999999999999962,-0.06666666666666654,0.007000000000000006,0.023333333333333355,0.0010000000000000009,0.0020000000000000018,0.0030000000000000027,0.006000000000000005,-0.06800000000000006,-0.03400000000000003,0.01100000000000012,0.00550000000000006,-0.08047007998242028,-0.08983300787627115,-0.0028900799824200796,-0.0032263491956328974
256,0.3,0.5,2.0,1.0,0.0,-1.559555951320651,0.307,0.448,1.871,0.119,0.27774914469266154,0.3445027175264985,0.42719733856426795,0.4707399399865516,1.823089794654798,1.9210615291943285,0.11574121418267376,0.12334524971826175,-1.425702,0.281,0.497,1.992,0.11,0.2530617988865708,0.30943576589528454,0.47319745289359993,0.518934569015134,1.9334828959388262,2.0378287983436842,0.10633840604857796,0.11394683692781434,-1.55376,853.7401690483093,95.20341610908508,4903.789734840393,0.007000000000000006,0.023333333333333355,-0.01899999999999996,-0.06333333333333321,-0.05199999999999999,-0.10399999999999998,-0.0030000000000000027,-0.006000000000000005,-0.129,-0.0645,-0.008000000000000007,-0.0040000000000000036,0.13385395132065092,-0.08582824566653205,0.005795951320650916,-0.0037164112744674754
257,0.3,0.5,2.0,1.0,0.0,0.10731297381641447,0.262,0.499,1.923,0.522,0.23860237145037086,0.2824362049149243,0.4816224232424797,0.5187152357448083,1.8887320363597002,1.9561632264600906,0.5140114936162675,0.5307605235534797,0.08461199999999991,0.303,0.487,1.985,0.525,0.2832855665806267,0.32563920366713106,0.4703713663370656,0.5043062651332417,1.954599091784943,2.018118853695664,0.5155708366121731,0.5333132352723927,0.09925000000000028,1788.616227388382,102.91629314422607,969.6385159492493,-0.03799999999999998,-0.1266666666666666,0.0030000000000000027,0.010000000000000009,-0.0010000000000000009,-0.0020000000000000018,-0.013000000000000012,-0.026000000000000023,-0.07699999999999996,-0.03849999999999998,-0.014999999999999902,-0.007499999999999951,-0.02270097381641456,-0.21153988198342374,-0.008062973816414187,-0.07513512606786864
258,0.3,0.5,2.0,1.0,0.0,0.2534438440160849,0.261,0.508,1.95,0.556,0.24036784365588934,0.2849237425204186,0.491791295080203,0.5258175923620906,1.9190399900437254,1.9841000130548276,0.5477776144508917,0.5642486336121165,0.21840000000000015,0.305,0.492,2.008,0.558,0.28151416528252154,0.3246236756665895,0.47289075203582615,0.5054743151009232,1.9724043722323057,2.037421131465896,0.5506994937240837,0.56650943012143,0.23292800000000025,1538.6063613891602,81.72241711616516,728.232106924057,-0.03899999999999998,-0.12999999999999995,0.0050000000000000044,0.016666666666666684,0.008000000000000007,0.016000000000000014,-0.008000000000000007,-0.016000000000000014,-0.050000000000000044,-0.025000000000000022,0.008000000000000007,0.0040000000000000036,-0.035043844016084735,-0.1382706459181572,-0.02051584401608464,-0.08094828302392144
259,0.3,0.5,2.0,1.0,0.0,0.917542355872782,0.264,0.501,1.924,0.718,0.23974188858425138,0.2880283040763951,0.48276569028532573,0.5195937149668964,1.886468994834652,1.955315221398966,0.7108551701087609,0.7253467929728442,0.838864,0.299,0.496,1.995,0.727,0.27604824089625796,0.32082700166571093,0.4768122544270517,0.5103104694301582,1.960532779303306,2.0353158844412342,0.7200254436780645,0.7337733672552476,0.9057300000000001,1555.583102941513,84.43216514587402,1053.0504248142242,-0.035999999999999976,-0.11999999999999993,-0.0010000000000000009,-0.0033333333333333366,0.0010000000000000009,0.0020000000000000018,-0.0040000000000000036,-0.008000000000000007,-0.07600000000000007,-0.038000000000000034,-0.004999999999999893,-0.0024999999999999467,-0.07867835587278194,-0.08574901787279535,-0.011812355872781843,-0.012873907996918278
260,0.3,0.5,2.0,1.0,0.0,-0.37724483837814793,0.258,0.506,1.939,0.417,0.23778975041229716,0.279089430884651,0.4885915693432934,0.5250367326363169,1.908510270962601,1.9729380310740496,0.4082439227955559,0.4246712888268256,-0.321874,0.297,0.495,2.005,0.412,0.2756197525491323,0.3167504252809193,0.4779729180986353,0.5115699820669238,1.9750120706119167,2.0374883606878558,0.4039183679905206,0.4202210155222802,-0.3528800000000001,1516.7713782787323,79.59237670898438,664.0613718032837,-0.04199999999999998,-0.13999999999999996,-0.0030000000000000027,-0.010000000000000009,0.006000000000000005,0.01200000000000001,-0.0050000000000000044,-0.010000000000000009,-0.06099999999999994,-0.03049999999999997,0.004999999999999893,0.0024999999999999467,0.055370838378147935,-0.14677692772735712,0.024364838378147846,-0.06458627368606878
261,0.3,0.5,2.0,1.0,0.0,-1.0357915793747035,0.283,0.495,1.893,0.258,0.25819147790220714,0.3097893503391694,0.47461354578522585,0.5143062905580951,1.8489695083288271,1.926924200242325,0.2507951927657969,0.2641132640098273,-0.916212,0.308,0.498,1.969,0.246,0.2865144510074834,0.33051812315413115,0.4802774073150763,0.5172491100615675,1.9265161979373393,2.0016515419660847,0.239135254718195,0.2519387008830754,-1.0002520000000001,1742.291443824768,89.07738876342773,888.9152939319611,-0.017000000000000015,-0.05666666666666672,0.008000000000000007,0.026666666666666693,-0.0050000000000000044,-0.010000000000000009,-0.0020000000000000018,-0.0040000000000000036,-0.10699999999999998,-0.05349999999999999,-0.030999999999999917,-0.015499999999999958,0.11957957937470343,-0.11544752994313041,0.03553957937470331,-0.034311516025413324
262,0.3,0.5,2.0,1.0,0.0,-1.7701193506931263,0.387,0.422,1.883,0.062,0.3433196924313618,0.42651188812118196,0.39339153597251136,0.4528254496426701,1.8221481523813117,1.940499667719872,0.05970033161148822,0.06462201483584915,-1.649508,0.31,0.512,2.043,0.057,0.2841705048098285,0.3440218338978861,0.48290042655653936,0.5352387194121108,1.9751813227126127,2.10018542618655,0.05456838620526496,0.05881808572044544,-1.8100980000000002,573.0105032920837,421.7081696987152,3652.5445749759674,0.08700000000000002,0.2900000000000001,0.010000000000000009,0.03333333333333337,-0.07800000000000001,-0.15600000000000003,0.01200000000000001,0.02400000000000002,-0.11699999999999999,-0.058499999999999996,0.04300000000000015,0.021500000000000075,0.12061135069312634,-0.06813741155131631,-0.03997864930687389,0.02258528459745917
263,0.3,0.5,2.0,1.0,0.0,1.3481574897302062,0.298,0.474,1.963,0.83,0.26838327429558784,0.3245807965606719,0.45488080087796134,0.49551663461017553,1.919736600462388,2.0064779728565147,0.8246199653049898,0.8351724527451766,1.2955799999999997,0.296,0.5,2.067,0.841,0.2725017960495736,0.32186035857058554,0.48056599398110794,0.5182280794502349,2.0208423435411227,2.1122408612512324,0.836199678894325,0.845790614234446,1.409694,1148.9062900543213,97.10674238204956,1177.8554298877716,-0.0020000000000000018,-0.006666666666666673,-0.0040000000000000036,-0.013333333333333346,-0.026000000000000023,-0.052000000000000046,0.0,0.0,-0.03699999999999992,-0.01849999999999996,0.06700000000000017,0.033500000000000085,-0.052577489730206484,-0.03899951610306917,0.06153651026979379,0.0456448973792435
264,0.3,0.5,2.0,1.0,0.0,-0.924753006947072,0.266,0.517,1.943,0.273,0.2417165165597126,0.288727317432446,0.49992497435329947,0.5355786719004009,1.9055621808069816,1.978261266099638,0.26616218544847103,0.28052275821221395,-0.8821219999999999,0.305,0.501,2.001,0.264,0.2820540038129685,0.32280993898777055,0.48544471063260186,0.5192772037019122,1.964332894815097,2.0359627402641056,0.25762537326547513,0.2705239173339139,-0.944472,1285.709793329239,75.62251234054565,727.5978705883026,-0.033999999999999975,-0.11333333333333326,0.0050000000000000044,0.016666666666666684,0.017000000000000015,0.03400000000000003,0.0010000000000000009,0.0020000000000000018,-0.05699999999999994,-0.02849999999999997,0.0009999999999998899,0.0004999999999999449,0.042631006947072114,-0.04609988464683315,-0.019718993052928013,0.021323524124595386
265,0.3,0.5,2.0,1.0,0.0,1.1435719077087483,0.265,0.501,1.901,0.771,0.2407701863861702,0.28937307654393485,0.4822359891189406,0.5212827426953459,1.8591097900631741,1.9398821765343912,0.7649182956935798,0.7777314312352603,1.0303419999999999,0.288,0.508,1.992,0.784,0.26706665996596074,0.3084157847208658,0.49037460303854324,0.5250762506277193,1.9531964528601526,2.0316921994570705,0.7774107577750273,0.7892547881460158,1.131456,1066.1758737564087,79.87319207191467,777.5385117530823,-0.034999999999999976,-0.11666666666666659,-0.01200000000000001,-0.040000000000000036,0.0010000000000000009,0.0020000000000000018,0.008000000000000007,0.016000000000000014,-0.09899999999999998,-0.04949999999999999,-0.008000000000000007,-0.0040000000000000036,-0.11322990770874841,-0.09901424383151819,-0.012115907708748264,-0.010594793057678027
266,0.3,0.5,2.0,1.0,0.0,-0.4993144944811818,0.249,0.507,1.929,0.383,0.22385809831686243,0.27251981866527025,0.4899383492678243,0.5250175011880268,1.895099794733246,1.9623689165659688,0.37420763182300104,0.3912689198680205,-0.45138600000000006,0.292,0.499,2.002,0.373,0.2697809954973539,0.31420662683849204,0.4820807212486642,0.515849775222098,1.968922975253707,2.03863422254712,0.3648600084524898,0.3807792142207432,-0.508508,1447.4998695850372,77.4906394481659,644.1450932025909,-0.05099999999999999,-0.16999999999999998,-0.008000000000000007,-0.026666666666666693,0.007000000000000006,0.014000000000000012,-0.0010000000000000009,-0.0020000000000000018,-0.07099999999999995,-0.035499999999999976,0.0019999999999997797,0.0009999999999998899,0.04792849448118175,-0.09598859037926062,-0.009193505518818146,0.018412254441703635
267,0.3,0.5,2.0,1.0,0.0,1.210555355534436,0.276,0.494,1.933,0.788,0.25145719981231235,0.30290348628947245,0.47254409538263376,0.5139194818141829,1.8889964641888637,1.9772229595169775,0.7814937887176284,0.7943620897512376,1.113408,0.3,0.501,2.02,0.799,0.2783261983921803,0.3209952535958292,0.4821772690010558,0.5206924633511574,1.9697989384036918,2.059632576169888,0.7930854048840188,0.804914919747087,1.2079600000000004,1113.0260589122772,81.8409173488617,763.9784705638885,-0.023999999999999966,-0.07999999999999989,0.0,0.0,-0.006000000000000005,-0.01200000000000001,0.0010000000000000009,0.0020000000000000018,-0.06699999999999995,-0.033499999999999974,0.020000000000000018,0.010000000000000009,-0.09714735553443599,-0.08025023811616394,-0.0025953555344355728,-0.002143937922846804
268,0.3,0.5,2.0,1.0,0.0,1.753794220288679,0.352,0.424,1.871,0.932,0.3113952826558452,0.3875789289449478,0.3967188840493175,0.4511874093822029,1.8104760609231731,1.92648572401562,0.9292918616570366,0.9344903846804804,1.6165440000000002,0.306,0.486,2.0,0.937,0.27526033779015024,0.33627010729799267,0.4625305511411059,0.5119764774482369,1.9391817046835502,2.0584117677825686,0.93464417677948,0.9392600403927724,1.7480000000000002,512.9884603023529,84.51860308647156,2362.405964612961,0.05199999999999999,0.1733333333333333,0.006000000000000005,0.020000000000000018,-0.07600000000000001,-0.15200000000000002,-0.014000000000000012,-0.028000000000000025,-0.129,-0.0645,0.0,0.0,-0.13725022028867873,-0.07825902189715678,-0.005794220288678709,-0.0033038199246231783
269,0.3,0.5,2.0,1.0,0.0,-0.8547925812724506,0.26,0.525,1.964,0.292,0.23343197863094708,0.2827052005626244,0.504414512875418,0.5448357320385389,1.9265721642433997,2.0034432883626163,0.28397288405383553,0.2993772552929898,-0.817024,0.296,0.514,2.033,0.283,0.27597608647874283,0.31909363492300025,0.4943705037608515,0.5318568411745693,1.993763042690594,2.0734455311109956,0.27589425624338076,0.2901775214429642,-0.882322,1382.4180047512054,83.16681480407715,785.5930423736572,-0.03999999999999998,-0.13333333333333328,-0.0040000000000000036,-0.013333333333333346,0.025000000000000022,0.050000000000000044,0.014000000000000012,0.028000000000000025,-0.03600000000000003,-0.018000000000000016,0.03299999999999992,0.01649999999999996,0.03776858127245064,-0.04418449820449781,-0.027529418727549437,0.03220596356436428
270,0.3,0.5,2.0,1.0,0.0,-0.40836489719656854,0.272,0.518,1.948,0.402,0.24921037311886554,0.2916733423920825,0.49951140166562774,0.5355549488198887,1.915304205517842,1.9810805480961642,0.3932074448779018,0.4100753714596812,-0.3818079999999999,0.313,0.508,2.016,0.394,0.2919215580784611,0.332190370844929,0.49163049983341595,0.5258895358593457,1.9804480550157866,2.047496516496857,0.3863905993329411,0.40162684740961035,-0.427392,1486.4025695323944,81.93999791145325,560.3868582248688,-0.02799999999999997,-0.09333333333333324,0.013000000000000012,0.043333333333333376,0.018000000000000016,0.03600000000000003,0.008000000000000007,0.016000000000000014,-0.052000000000000046,-0.026000000000000023,0.016000000000000014,0.008000000000000007,0.02655689719656862,-0.06503227231057844,-0.01902710280343145,0.04659338482335972
271,0.3,0.5,2.0,1.0,0.0,0.6721575632643839,0.258,0.524,1.962,0.664,0.23279836576870602,0.27777984570486575,0.5045681326765789,0.5453040783584815,1.923079964368365,1.9958247669573166,0.6562468335158398,0.6710828563793889,0.6435360000000003,0.302,0.505,2.016,0.669,0.27932654305268007,0.3208543786800132,0.4873020267214701,0.521539198997986,1.9844585272805386,2.0514917168185414,0.6614303379731522,0.6765930522939453,0.6814080000000002,1405.2569744586945,79.6695647239685,629.2091906070709,-0.04199999999999998,-0.13999999999999996,0.0020000000000000018,0.006666666666666673,0.02400000000000002,0.04800000000000004,0.0050000000000000044,0.010000000000000009,-0.038000000000000034,-0.019000000000000017,0.016000000000000014,0.008000000000000007,-0.028621563264383587,-0.04258162792274598,0.009250436735616319,0.013762304020936512
272,0.3,0.5,2.0,1.0,0.0,0.8471648660321542,0.283,0.504,1.947,0.705,0.259928786798624,0.30511841764261577,0.48663950317650323,0.5233653821115044,1.9054367012517883,1.9828365014745517,0.6974978276555167,0.7131899782656862,0.79827,0.319,0.497,2.013,0.713,0.29659809140499505,0.3401027606518933,0.47674687090873086,0.5122695599040586,1.9748331241462722,2.0500672512592484,0.7053849231202478,0.719665223378113,0.8575379999999999,1868.9831442832947,110.32178497314453,988.0938272476196,-0.017000000000000015,-0.05666666666666672,0.019000000000000017,0.0633333333333334,0.0040000000000000036,0.008000000000000007,-0.0030000000000000027,-0.006000000000000005,-0.052999999999999936,-0.026499999999999968,0.0129999999999999,0.00649999999999995,-0.048894866032154205,-0.057715880335266874,0.010373133967845671,0.012244528053234867
273,0.3,0.5,2.0,1.0,0.0,-0.9951069286751251,0.271,0.487,1.923,0.266,0.2430989988011446,0.2933577441004122,0.46806993830564914,0.5061914538033663,1.8862861618794076,1.9606265806601406,0.2587239433202074,0.27269870106555955,-0.899964,0.3,0.488,1.997,0.257,0.2764917785930935,0.3217239118911637,0.4709567218608533,0.5058112921364786,1.9616975546579594,2.0361208982185848,0.2501115277155839,0.2637470160076325,-0.970542,1240.3513996601105,80.83213424682617,779.3943769931793,-0.02899999999999997,-0.09666666666666657,0.0,0.0,-0.013000000000000012,-0.026000000000000023,-0.01200000000000001,-0.02400000000000002,-0.07699999999999996,-0.03849999999999998,-0.0029999999999998916,-0.0014999999999999458,0.09514292867512508,-0.09561075893803431,0.024564928675125053,-0.0246857176523035
274,0.3,0.5,2.0,1.0,0.0,-1.2269228504623593,0.276,0.485,1.967,0.197,0.2520369826066937,0.30160994919973627,0.46283244282989616,0.5053074793895048,1.9252145897864783,2.010674643366447,0.19071694417694263,0.20262111266615868,-1.192002,0.293,0.494,2.049,0.187,0.2683815727552033,0.31413613217085395,0.4770523218358844,0.5138574004770883,2.006653194074671,2.092208824316321,0.18204061712817957,0.1926350033972871,-1.282674,1092.8265702724457,83.02205491065979,850.5596039295197,-0.023999999999999966,-0.07999999999999989,-0.007000000000000006,-0.023333333333333355,-0.015000000000000013,-0.030000000000000027,-0.006000000000000005,-0.01200000000000001,-0.03299999999999992,-0.01649999999999996,0.04899999999999993,0.024499999999999966,0.034920850462359265,-0.02846214042651462,-0.05575114953764082,0.045439816787690684
275,0.3,0.5,2.0,1.0,0.0,-0.9428796103703996,0.263,0.502,1.92,0.275,0.23845561769227447,0.2848782948219813,0.48311988518860044,0.5213380735500615,1.8794994555543072,1.9540070881664355,0.2680208552060248,0.28222519550986386,-0.8639999999999999,0.293,0.497,1.992,0.264,0.2708490267578271,0.31511888280492273,0.4803353583115842,0.514961290221284,1.955826354908753,2.0285935117420237,0.2579697303219501,0.27094729314858634,-0.940224,1278.9012446403503,80.89899444580078,660.9382662773132,-0.03699999999999998,-0.12333333333333327,-0.007000000000000006,-0.023333333333333355,0.0020000000000000018,0.0040000000000000036,-0.0030000000000000027,-0.006000000000000005,-0.08000000000000007,-0.040000000000000036,-0.008000000000000007,-0.0040000000000000036,0.0788796103703997,-0.08365819931073994,0.0026556103703996303,-0.0028164893388206835
276,0.3,0.5,2.0,1.0,0.0,-0.29193421429912014,0.243,0.499,1.927,0.433,0.22251324827013635,0.26617207683177424,0.4807955473273117,0.5154698323456249,1.89052406534576,1.9577821384293796,0.4250715196231955,0.44318198127187947,-0.25821800000000006,0.282,0.489,1.995,0.43,0.26194842696758425,0.3050777639811653,0.4708773608844856,0.5038272146242968,1.9605853908922053,2.0282612382000895,0.4208647875989518,0.4368584202115782,-0.2793000000000001,1668.3868086338043,80.9173948764801,951.788259267807,-0.056999999999999995,-0.19,-0.018000000000000016,-0.06000000000000005,-0.0010000000000000009,-0.0020000000000000018,-0.01100000000000001,-0.02200000000000002,-0.07299999999999995,-0.03649999999999998,-0.004999999999999893,-0.0024999999999999467,0.033716214299120084,-0.11549250703644469,0.012634214299120039,-0.04327760735223325
277,0.3,0.5,2.0,1.0,0.0,-1.1011510896151284,0.289,0.498,1.937,0.237,0.2624624307157206,0.3150274968009076,0.48034758959388635,0.5179831044033794,1.9003821858638157,1.9764758607577084,0.23112095174146047,0.2436022580100517,-1.018862,0.312,0.503,2.017,0.226,0.2902747372762876,0.33615968693822335,0.4851537462359399,0.5205548054845397,1.980532728878077,2.058504996788147,0.2191818515973354,0.23175937104291322,-1.105316,1420.1127812862396,96.76695609092712,1020.8213419914246,-0.01100000000000001,-0.0366666666666667,0.01200000000000001,0.040000000000000036,-0.0020000000000000018,-0.0040000000000000036,0.0030000000000000027,0.006000000000000005,-0.06299999999999994,-0.03149999999999997,0.016999999999999904,0.008499999999999952,0.08228908961512849,-0.07473006237853333,-0.004164910384871545,0.0037823241734494892
278,0.3,0.5,2.0,1.0,0.0,-1.1395919605848337,0.272,0.487,1.916,0.228,0.2449651907344405,0.29991168021583187,0.465905907055132,0.5039630436840633,1.876949824955025,1.9551437872216721,0.22169078431211592,0.23465034029943732,-1.042304,0.292,0.495,2.0,0.216,0.27056201431531174,0.3132571997910369,0.47507189025244634,0.5123639086883969,1.9569307457230243,2.035372878143084,0.20999410069723493,0.22170502681943047,-1.1360000000000001,1350.115998506546,112.84988474845886,1039.5181727409363,-0.02799999999999997,-0.09333333333333324,-0.008000000000000007,-0.026666666666666693,-0.013000000000000012,-0.026000000000000023,-0.0050000000000000044,-0.010000000000000009,-0.08400000000000007,-0.04200000000000004,0.0,0.0,0.0972879605848338,-0.08537087304029947,0.0035919605848335756,-0.003151970801013897
279,0.3,0.5,2.0,1.0,0.0,0.2958248861752186,0.245,0.506,1.964,0.57,0.22516083512287197,0.26684817963227664,0.4901182712411217,0.5253143207513652,1.9283646577570615,1.9952619848332331,0.5606707787890324,0.5775996626406728,0.27495999999999965,0.288,0.491,2.029,0.573,0.2659194473447162,0.30580796112929404,0.4745229131250418,0.5061051062051454,1.9927963591056694,2.0607318706671083,0.5658387076103925,0.5818114444123474,0.29623399999999966,1829.3540921211243,89.2938003540039,882.6572880744934,-0.05499999999999999,-0.18333333333333332,-0.01200000000000001,-0.040000000000000036,0.006000000000000005,0.01200000000000001,-0.009000000000000008,-0.018000000000000016,-0.03600000000000003,-0.018000000000000016,0.028999999999999915,0.014499999999999957,-0.020864886175218977,-0.07053120663709339,0.00040911382478103775,0.0013829594598025721
280,0.3,0.5,2.0,1.0,0.0,1.2755065085883763,0.281,0.481,1.939,0.803,0.2532362395178001,0.3051997584116792,0.46278864965104227,0.5006685802927431,1.901179886659688,1.9802216713164231,0.7974508523686883,0.8085708205032732,1.1750340000000001,0.295,0.492,2.03,0.816,0.269934301962177,0.314669659776941,0.47533301378319603,0.5137751853923453,1.98634449951738,2.0728205719620596,0.8100184738790642,0.8206568663817174,1.2829599999999997,1075.3577256202698,92.97931361198425,860.98388671875,-0.01899999999999996,-0.06333333333333321,-0.0050000000000000044,-0.016666666666666684,-0.019000000000000017,-0.038000000000000034,-0.008000000000000007,-0.016000000000000014,-0.06099999999999994,-0.03049999999999997,0.029999999999999805,0.014999999999999902,-0.1004725085883762,-0.07877067495294143,0.007453491411623325,0.005843554197047748
281,0.3,0.5,2.0,1.0,0.0,-1.4276184496881097,0.3,0.481,1.916,0.153,0.2749688744929631,0.3300451505050521,0.4617276338886635,0.5061485845773666,1.8694329103729388,1.961159894400894,0.1475754883663765,0.15729791423845085,-1.329704,0.299,0.509,2.021,0.143,0.272255875746107,0.3222840734334349,0.48719209388488005,0.5281146826081038,1.970846869200183,2.0638401530483796,0.13794861935018649,0.14676628982405934,-1.442994,931.9194865226746,86.2566819190979,638.2237286567688,0.0,0.0,-0.0010000000000000009,-0.0033333333333333366,-0.019000000000000017,-0.038000000000000034,0.009000000000000008,0.018000000000000016,-0.08400000000000007,-0.04200000000000004,0.020999999999999908,0.010499999999999954,0.0979144496881097,-0.0685858674000052,-0.015375550311890418,0.01077006977266895
282,0.3,0.5,2.0,1.0,0.0,-0.06937385909039251,0.28,0.509,1.917,0.485,0.25571580199383237,0.30176568727641884,0.49309309728888906,0.5275021085866585,1.8837883924518044,1.9493221678036499,0.47659079624317097,0.4938871452493939,-0.05750999999999995,0.321,0.503,1.984,0.485,0.29858128892380426,0.33914669390834545,0.4863949323924276,0.520427032267204,1.9506445450438212,2.018165810149632,0.47519270880390385,0.4925034232649386,-0.05952000000000002,1521.4441301822662,102.02899026870728,805.8861970901489,-0.019999999999999962,-0.06666666666666654,0.02100000000000002,0.07000000000000006,0.009000000000000008,0.018000000000000016,0.0030000000000000027,0.006000000000000005,-0.08299999999999996,-0.04149999999999998,-0.016000000000000014,-0.008000000000000007,0.011863859090392559,-0.1710133938914113,0.009853859090392492,-0.14203994443430262
283,0.3,0.5,2.0,1.0,0.0,1.2170632088820517,0.28,0.487,1.904,0.791,0.25083884760078934,0.30474602152792124,0.4671664408692206,0.5060886167788723,1.864263154377771,1.9476850618501227,0.7857721291075362,0.7980279227674515,1.1081280000000002,0.31,0.489,1.981,0.803,0.2858604901436645,0.33451011873897085,0.4688131691508459,0.5069259517131638,1.933760610967115,2.0200390762690983,0.7976356888291255,0.8082927126713513,1.2004860000000004,1039.274652004242,77.99095177650452,722.7310585975647,-0.019999999999999962,-0.06666666666666654,0.010000000000000009,0.03333333333333337,-0.013000000000000012,-0.026000000000000023,-0.01100000000000001,-0.02200000000000002,-0.09600000000000009,-0.04800000000000004,-0.018999999999999906,-0.009499999999999953,-0.10893520888205144,-0.08950661566880755,-0.016577208882051275,-0.013620663874375492
284,0.3,0.5,2.0,1.0,0.0,0.9721986194543915,0.259,0.503,1.917,0.73,0.23426014671042003,0.2844190426322913,0.48388255592030605,0.5214449427357039,1.8844859473856703,1.9538258526494618,0.7229935714742768,0.7368218915331658,0.88182,0.292,0.5,1.991,0.741,0.2712314560624311,0.3149672657222905,0.48313914601749997,0.5193673967451861,1.952399416743935,2.0281089794498146,0.7337661030755348,0.7473897334168418,0.9596620000000002,1233.4146111011505,111.10069561004639,722.7061789035797,-0.04099999999999998,-0.1366666666666666,-0.008000000000000007,-0.026666666666666693,0.0030000000000000027,0.006000000000000005,0.0,0.0,-0.08299999999999996,-0.04149999999999998,-0.008999999999999897,-0.0044999999999999485,-0.0903786194543914,-0.09296312260257363,-0.012536619454391218,-0.012895121638237778
285,0.3,0.5,2.0,1.0,0.0,0.3423400624575934,0.277,0.525,1.952,0.576,0.256404451181084,0.2976797485512993,0.5081413338763935,0.5443311351834973,1.9182927865823265,1.9859501391324035,0.5660149418649705,0.58328940542372,0.29670399999999963,0.314,0.518,2.022,0.58,0.2961987696174034,0.3336736696590231,0.5038294566485174,0.5357571565672674,1.9877462356160183,2.0517534203356353,0.5726043328990108,0.5889075126074379,0.3235199999999998,1486.4294881820679,81.23134231567383,892.9706511497498,-0.022999999999999965,-0.07666666666666655,0.014000000000000012,0.04666666666666671,0.025000000000000022,0.050000000000000044,0.018000000000000016,0.03600000000000003,-0.04800000000000004,-0.02400000000000002,0.021999999999999797,0.010999999999999899,-0.04563606245759377,-0.13330622811125659,-0.0188200624575936,-0.05497475908162192
286,0.3,0.5,2.0,1.0,0.0,-0.7877574585173821,0.271,0.507,1.941,0.313,0.24629545651144474,0.29460511381266274,0.4883893849517413,0.5260141523606738,1.9064269242126712,1.978856089445899,0.3052849925970054,0.31978524133084696,-0.7259340000000001,0.3,0.503,2.009,0.304,0.28051780554027766,0.3222010946940801,0.48555187331408783,0.5198297611337618,1.9761961555506442,2.044724970434069,0.29636233110177046,0.31058262679127735,-0.787528,1381.4367275238037,78.5480842590332,925.8695499897003,-0.02899999999999997,-0.09666666666666657,0.0,0.0,0.007000000000000006,0.014000000000000012,0.0030000000000000027,0.006000000000000005,-0.05899999999999994,-0.02949999999999997,0.008999999999999897,0.0044999999999999485,0.061823458517382024,-0.07848032138437426,0.00022945851738209733,-0.00029128066627760686
287,0.3,0.5,2.0,1.0,0.0,1.5707549338716733,0.361,0.447,1.887,0.886,0.3307186939658511,0.39104399909701765,0.42425212157371794,0.47025380395265576,1.8392498438102087,1.9453938135417954,0.8815067792031752,0.8895263032605965,1.4567640000000002,0.324,0.503,2.016,0.895,0.298761667121049,0.35242605736316923,0.4811260185086683,0.5251925563368816,1.9598135015543316,2.065703901379298,0.8908305229756748,0.8979504150216642,1.5926400000000003,745.3701946735382,117.43378567695618,2371.4445328712463,0.061,0.20333333333333334,0.02400000000000002,0.08000000000000007,-0.05299999999999999,-0.10599999999999998,0.0030000000000000027,0.006000000000000005,-0.11299999999999999,-0.056499999999999995,0.016000000000000014,0.008000000000000007,-0.11399093387167314,-0.07257079472652218,0.02188506612832697,0.01393283296865641
288,0.3,0.5,2.0,1.0,0.0,-0.40666916256476515,0.257,0.505,1.924,0.406,0.23614169409792837,0.27839436849511123,0.4878968963007049,0.5229754723697083,1.893442360847666,1.9577143068590077,0.3974451118431114,0.41400806183222444,-0.3617119999999998,0.298,0.493,1.987,0.4,0.277026132255163,0.3203660201407019,0.47525358728069195,0.5084141523508012,1.9566783079222179,2.019826288637246,0.3921853976149262,0.4077192153951327,-0.3974,1673.663292646408,111.77009534835815,1035.0462815761566,-0.04299999999999998,-0.14333333333333328,-0.0020000000000000018,-0.006666666666666673,0.0050000000000000044,0.010000000000000009,-0.007000000000000006,-0.014000000000000012,-0.07600000000000007,-0.038000000000000034,-0.0129999999999999,-0.00649999999999995,0.04495716256476534,-0.1105497212555564,0.009269162564765177,-0.022792882809964703
289,0.3,0.5,2.0,1.0,0.0,0.17791416976872476,0.232,0.508,1.961,0.548,0.20876225529134132,0.2541361213389223,0.49042107475941243,0.523449872882173,1.9287060949010264,1.9911861483784108,0.539242047417831,0.5565567794350275,0.1882560000000002,0.272,0.495,2.028,0.55,0.24863065780906496,0.2920175654503227,0.4772200980543745,0.5111110742997601,1.9964383988520906,2.0625777294984724,0.5431737680134103,0.5592988813702812,0.2028000000000003,1790.6079847812653,96.46415781974792,1151.9774272441864,-0.06799999999999998,-0.2266666666666666,-0.02799999999999997,-0.09333333333333324,0.008000000000000007,0.016000000000000014,-0.0050000000000000044,-0.010000000000000009,-0.038999999999999924,-0.019499999999999962,0.028000000000000025,0.014000000000000012,0.01034183023127544,0.05812819880911707,0.024885830231275552,0.13987548188896526
290,0.3,0.5,2.0,1.0,0.0,-0.5948926194733075,0.289,0.516,1.939,0.355,0.2652225290802311,0.3072530802254737,0.4982691248125325,0.5358296032330866,1.9074529702628755,1.976034628844825,0.34658548639046244,0.3630315515938036,-0.5623100000000001,0.329,0.504,1.995,0.35,0.30841245806104894,0.35000717269792414,0.48756158631465574,0.5211639272959333,1.9627364536420424,2.0299992920044474,0.34178793312675865,0.3574691897921737,-0.5985,1717.60888838768,95.52287197113037,874.8239891529083,-0.01100000000000001,-0.0366666666666667,0.029000000000000026,0.09666666666666676,0.016000000000000014,0.03200000000000003,0.0040000000000000036,0.008000000000000007,-0.06099999999999994,-0.03049999999999997,-0.004999999999999893,-0.0024999999999999467,0.03258261947330743,-0.054770589526147904,-0.0036073805266925163,0.0060639187789660876
291,0.3,0.5,2.0,1.0,0.0,0.3786503474042924,0.261,0.531,1.955,0.595,0.24045617612557862,0.28220817511693386,0.5119952906720131,0.5487760099155132,1.920382142146827,1.9860555925428136,0.5871267593844938,0.6028499162066624,0.37144999999999984,0.307,0.514,2.018,0.6,0.28709925613374565,0.3248727344974354,0.4967325136631061,0.5300458302458302,1.9799971022557148,2.0503958959142254,0.5905783580207731,0.6082110947415815,0.40359999999999996,2010.8952794075012,124.3275511264801,817.1944777965546,-0.03899999999999998,-0.12999999999999995,0.007000000000000006,0.023333333333333355,0.031000000000000028,0.062000000000000055,0.014000000000000012,0.028000000000000025,-0.04499999999999993,-0.022499999999999964,0.017999999999999794,0.008999999999999897,-0.00720034740429254,-0.01901582146603602,0.024949652595707583,0.06589100674736302
292,0.3,0.5,2.0,1.0,0.0,1.1821631140125919,0.287,0.499,1.95,0.789,0.26210533976335115,0.31322987334089386,0.4779583198744108,0.5185173110588464,1.9067034680518178,1.986743354742234,0.7831996662924547,0.7945589013232477,1.1271000000000002,0.303,0.507,2.034,0.8,0.2800064276280217,0.3252503418919999,0.4892459562335578,0.5264030738367086,1.9823965185886854,2.0727467177475005,0.7939079289238132,0.8057887983133848,1.2204000000000002,1485.0443241596222,109.62151193618774,744.4278662204742,-0.013000000000000012,-0.043333333333333376,0.0030000000000000027,0.010000000000000009,-0.0010000000000000009,-0.0020000000000000018,0.007000000000000006,0.014000000000000012,-0.050000000000000044,-0.025000000000000022,0.03399999999999981,0.016999999999999904,-0.055063114012591674,-0.0465782711031239,0.038236885987408264,0.032344847791453746
293,0.3,0.5,2.0,1.0,0.0,-1.4491321911243018,0.298,0.444,1.886,0.152,0.26823191076241226,0.3307114854929292,0.42250424694126304,0.4653008277846442,1.8401427262823205,1.930333397012073,0.14689413250715097,0.15668761229930064,-1.312656,0.276,0.485,1.998,0.141,0.24907950361027578,0.3019612885021981,0.4646006291530233,0.5049148495294302,1.9525813727849928,2.042901774170856,0.13657699375372823,0.1457926987497207,-1.434564,1236.800984621048,108.62370276451111,823.6722586154938,-0.0020000000000000018,-0.006666666666666673,-0.023999999999999966,-0.07999999999999989,-0.055999999999999994,-0.11199999999999999,-0.015000000000000013,-0.030000000000000027,-0.1140000000000001,-0.05700000000000005,-0.0020000000000000018,-0.0010000000000000009,0.13647619112430176,-0.0941778755314361,0.014568191124301855,-0.010053044997226373
294,0.3,0.5,2.0,1.0,0.0,-0.18627650159633724,0.257,0.509,1.937,0.456,0.23489589348422577,0.28022791241361966,0.49276142119182603,0.5265318582696034,1.9006060250048076,1.9658246352620075,0.44682251934351586,0.4645790342435672,-0.17045599999999994,0.297,0.5,2.009,0.453,0.2766301539097232,0.31606852730290547,0.4850494595500124,0.5184934162945256,1.975893687795883,2.0435009031600133,0.4443643123236224,0.46093124217456327,-0.18884599999999985,2114.0081701278687,110.75385594367981,868.524471282959,-0.04299999999999998,-0.14333333333333328,-0.0030000000000000027,-0.010000000000000009,0.009000000000000008,0.018000000000000016,0.0,0.0,-0.06299999999999994,-0.03149999999999997,0.008999999999999897,0.0044999999999999485,0.0158205015963373,-0.08493020569293523,-0.0025694984036626067,0.013794001828694055
295,0.3,0.5,2.0,1.0,0.0,-1.595666924409343,0.316,0.448,1.892,0.112,0.28427257047095694,0.34764793015206774,0.4234279108959169,0.47225929115046905,1.8426468859917384,1.9480217158550828,0.10777086409568455,0.1156386983906119,-1.468192,0.286,0.501,2.022,0.103,0.2594149979117878,0.3138626883949263,0.47763478894646155,0.5202354871817806,1.9767050013951062,2.076377661188614,0.09990041805580563,0.10685171197781304,-1.605468,849.1464066505432,90.52305817604065,864.2817559242249,0.016000000000000014,0.053333333333333385,-0.014000000000000012,-0.04666666666666671,-0.05199999999999999,-0.10399999999999998,0.0010000000000000009,0.0020000000000000018,-0.1080000000000001,-0.05400000000000005,0.021999999999999797,0.010999999999999899,0.12747492440934316,-0.0798881787040423,-0.009801075590656794,0.006142306668595509
296,0.3,0.5,2.0,1.0,0.0,0.4124251161825483,0.271,0.511,1.942,0.595,0.24734992953121215,0.2929042840316884,0.49336312227370277,0.5294703952135866,1.9020287353685197,1.9724397448579778,0.586001437416789,0.6027539448565763,0.36897999999999986,0.303,0.506,2.011,0.602,0.2803826960099033,0.323455240488857,0.4898001187986443,0.5236182308967847,1.9775202666138485,2.0432572116289136,0.5933377721209764,0.6095930937890676,0.41024400000000005,1517.9751162528992,104.62441039085388,697.2237305641174,-0.02899999999999997,-0.09666666666666657,0.0030000000000000027,0.010000000000000009,0.01100000000000001,0.02200000000000002,0.006000000000000005,0.01200000000000001,-0.05800000000000005,-0.029000000000000026,0.01100000000000012,0.00550000000000006,-0.04344511618254843,-0.10534061694564371,-0.0021811161825482372,-0.005288514440480458
297,0.3,0.5,2.0,1.0,0.0,-1.9057602124142625,0.415,0.395,1.79,0.029,0.35071585035745334,0.47328782338999403,0.35965445481051944,0.4320006815951213,1.7049699218079355,1.866339490357436,0.027435346683491138,0.030421132681069316,-1.68618,-0.18,0.422,1.468,0.169,-0.6789663925994044,0.3408488273747376,0.3559876419783135,0.5050038623867172,1.002512217396652,1.9843406314473637,0.02422578731841984,0.4119246325329223,-0.971816,239.1565191745758,153.20972895622253,9930.645448207855,0.11499999999999999,0.3833333333333333,-0.48,-1.6,-0.10499999999999998,-0.20999999999999996,-0.07800000000000001,-0.15600000000000003,-0.20999999999999996,-0.10499999999999998,-0.532,-0.266,0.2195802124142625,-0.11521922379526071,0.9339442124142625,-0.49006386340237407
298,0.3,0.5,2.0,1.0,0.0,-0.4069275447840617,0.265,0.517,1.928,0.407,0.24286661342420623,0.28687204839534375,0.49830584326236965,0.5343752062075471,1.8960400721855397,1.9618369954763275,0.3988687783530334,0.4158159449459609,-0.35860800000000004,0.312,0.505,1.994,0.403,0.29029097022205747,0.3315798683962836,0.48768598475134517,0.5214082726716018,1.9628280637093136,2.0277693239955927,0.3945051895760738,0.4100024069470878,-0.38683599999999996,1471.7285854816437,81.44370579719543,743.5189805030823,-0.034999999999999976,-0.11666666666666659,0.01200000000000001,0.040000000000000036,0.017000000000000015,0.03400000000000003,0.0050000000000000044,0.010000000000000009,-0.07200000000000006,-0.03600000000000003,-0.006000000000000005,-0.0030000000000000027,0.04831954478406164,-0.11874237908791029,0.02009154478406172,-0.049373764547502946
299,0.3,0.5,2.0,1.0,0.0,0.89346866906412,0.276,0.509,1.934,0.718,0.2526760056359305,0.2997707643240097,0.490197893005984,0.5288101317158408,1.8979612152610636,1.9720229026614815,0.7111168724436905,0.7263900699661676,0.843224,0.306,0.506,2.01,0.73,0.28556279394883205,0.32623110558696383,0.4905439688779213,0.5241435636626938,1.9714989869616746,2.0432468204850087,0.7235255976128753,0.7367465686044247,0.9245999999999999,1305.4988691806793,88.31258988380432,1711.488198518753,-0.023999999999999966,-0.07999999999999989,0.006000000000000005,0.020000000000000018,0.009000000000000008,0.018000000000000016,0.006000000000000005,0.01200000000000001,-0.06600000000000006,-0.03300000000000003,0.009999999999999787,0.004999999999999893,-0.05024466906412006,-0.05623551312297246,0.03113133093587983,0.03484322619671589
300,0.3,0.5,2.0,1.0,0.0,0.5724619901853911,0.26,0.495,1.902,0.637,0.2378717697467589,0.2866117625347335,0.4778933727750581,0.5134767914700834,1.8680018513236856,1.9352741641863886,0.6293145879694555,0.646333278741193,0.521148,0.304,0.483,1.963,0.643,0.28289203750722514,0.32504420065510375,0.4656837390366851,0.4999199044073458,1.9327856274799609,1.9984476881463953,0.6355628809054128,0.6509089405791322,0.5614180000000002,1666.3196866512299,91.80139064788818,821.260852098465,-0.03999999999999998,-0.13333333333333328,0.0040000000000000036,0.013333333333333346,-0.0050000000000000044,-0.010000000000000009,-0.017000000000000015,-0.03400000000000003,-0.09800000000000009,-0.049000000000000044,-0.03699999999999992,-0.01849999999999996,-0.05131399018539118,-0.0896373751710104,-0.011043990185390928,-0.01929209340486404
