sim_id,true_eta,true_kappa,true_a,true_sigma,true_b,true_x0,tada_eta,tada_kappa,tada_a,tada_z,tada_x0,addm_eta,addm_kappa,addm_a,addm_x0_raw,addm_x0,time_data_simulation,time_tada_inference,time_addm_inference,tada_eta_error,tada_eta_rel_error,addm_eta_error,addm_eta_rel_error,tada_kappa_error,tada_kappa_rel_error,addm_kappa_error,addm_kappa_rel_error,tada_a_error,tada_a_rel_error,addm_a_error,addm_a_rel_error,tada_x0_error,tada_x0_rel_error,addm_x0_error,addm_x0_rel_error
0,0.42454802688998333,0.45930389507678443,1.8172944503135793,1.0,0.0,0.49859355651831594,0.399,0.456,1.806,0.639,0.502068,0.451,0.436,1.837,0.644,0.529056,229.96885657310486,18.96703004837036,117.03484678268433,-0.02554802688998331,-0.060177000649690414,0.02645197311001668,0.06230619726062559,-0.0033038950767844133,-0.007193265966603838,-0.02330389507678443,-0.05073742096806862,-0.01129445031357923,-0.006214980908366468,0.019705549686420687,0.010843344447026974,0.0034744434816840197,0.006968488533919482,0.03046244348168403,0.06109674520144944
1,0.6701272062593124,0.7433213271637947,1.4937396611134868,1.0,0.0,-0.22434381430784334,0.608,0.773,1.478,0.414,-0.254216,0.652,0.755,1.493,0.413,-0.2597820000000002,123.08310842514038,17.929875135421753,79.74204087257385,-0.06212720625931245,-0.09270957167387665,-0.01812720625931241,-0.02705039593974925,0.02967867283620529,0.039927110593539365,0.011678672836205273,0.01571147283068849,-0.01573966111348679,-0.010537084555787913,-0.0007396611134866671,-0.0004951740472200472,-0.02987218569215666,0.1331535963419353,-0.03543818569215684,0.1579637299182618
2,0.4502758669708769,0.14174791807751333,1.8111414894710778,1.0,0.0,-0.0163536938745652,0.443,0.151,1.818,0.486,-0.05090400000000006,0.46,0.149,1.824,0.486,-0.051072000000000006,317.3487482070923,17.41173481941223,112.87886595726013,-0.007275866970876899,-0.016158687383855484,0.009724133029123117,0.02159594538019524,0.009252081922486666,0.06527137786550956,0.007252081922486664,0.05116182319179419,0.006858510528922279,0.0037868441360289443,0.012858510528922285,0.007099672004464686,-0.03455030612543486,2.1126912604846257,-0.034718306125434806,2.122964168935067
3,0.4027438417385661,0.47124160738783333,2.7867080552044623,1.0,0.0,-0.3001230413319771,0.419,0.447,2.715,0.448,-0.2823599999999997,0.424,0.454,2.786,0.446,-0.30088800000000004,501.45575857162476,18.08083438873291,157.82428431510925,0.016256158261433895,0.04036351789082423,0.0212561582614339,0.052778357006466534,-0.02424160738783332,-0.05144199282870708,-0.017241607387833313,-0.03658761687747877,-0.07170805520446244,-0.025732173512234377,-0.0007080552044622657,-0.00025408302213068216,0.01776304133197737,-0.059185863415028565,-0.0007649586680229525,0.0025488168606714995
4,0.4692048775241952,1.2187532979717564,2.393997054866691,1.0,0.0,1.4913184440129372,0.466,1.144,2.214,0.8,1.3284000000000002,0.478,1.209,2.357,0.813,1.475482,157.61738085746765,19.09185028076172,133.82743000984192,-0.003204877524195182,-0.00683044375221764,0.008795122475804773,0.01874473795373374,-0.07475329797175645,-0.061335873384843795,-0.00975329797175628,-0.008002684372618868,-0.17999705486669093,-0.075186832206322,-0.03699705486669069,-0.015454093726423094,-0.16291844401293698,-0.10924457124968251,-0.015836444012937267,-0.01061908948857598
5,0.338564215473836,0.5300215471399147,2.0208084848244408,1.0,0.0,-0.7500874024218989,0.353,0.538,1.993,0.328,-0.685592,0.374,0.544,2.07,0.32,-0.7451999999999999,239.01025915145874,18.487078189849854,119.85126566886902,0.014435784526163953,0.04263824664978375,0.03543578452616397,0.10466488455246216,0.007978452860085361,0.015053072659287972,0.013978452860085366,0.02637336714991201,-0.02780848482444065,-0.013761068915373507,0.049191515175559086,0.024342492395974195,0.06449540242189888,-0.08598384963359562,0.004887402421899001,-0.006515777236250665
6,0.15415992171034418,0.27131345309123306,1.342454159977296,1.0,0.0,-0.45150201992221684,0.026,0.275,1.264,0.357,-0.36150400000000005,0.117,0.253,1.287,0.347,-0.393822,123.62399458885193,18.154924154281616,94.5542950630188,-0.12815992171034418,-0.8313439724700159,-0.03715992171034417,-0.24104787611507153,0.0036865469087669633,0.013587777777931671,-0.018313453091233056,-0.06749924444430293,-0.07845415997729588,-0.05844084834794115,-0.05545415997729597,-0.041308047328955974,0.08999801992221679,-0.19933027085398494,0.05768001992221683,-0.12775141057431755
7,0.13209579190161191,0.5484725075936137,2.623211287779385,1.0,0.0,-1.788613589912362,0.121,0.521,2.375,0.176,-1.5390000000000001,0.143,0.537,2.541,0.162,-1.7177159999999998,241.06212329864502,21.191773414611816,176.02061486244202,-0.011095791901611918,-0.08399807247362072,0.010904208098388074,0.08254773253117546,-0.027472507593613638,-0.05008912427378981,-0.011472507593613623,-0.02091719718814801,-0.24821128777938517,-0.0946211572570284,-0.08221128777938524,-0.031339941301098614,0.24961358991236193,-0.1395570241220142,0.07089758991236228,-0.039638293207777814
8,0.8678252480166252,0.21708658904620473,2.6343802264161655,1.0,0.0,-0.23207414276994198,0.925,0.206,2.601,0.444,-0.291312,0.901,0.209,2.603,0.445,-0.28633,598.4610526561737,18.548765897750854,157.87660217285156,0.05717475198337485,0.06588279393120346,0.03317475198337483,0.03822745657515059,-0.011086589046204742,-0.051069893791758234,-0.00808658904620474,-0.03725052331299742,-0.03338022641616556,-0.012670997937748842,-0.031380226416165335,-0.011911806086874284,-0.05923785723005803,0.2552540171990693,-0.05425585723005799,0.23378673979997205
9,0.17934872129263923,0.12563509234620082,3.2112840956272386,1.0,0.0,-0.8298705188152962,0.217,0.115,3.139,0.375,-0.7847499999999998,0.175,0.123,3.174,0.377,-0.7808039999999998,968.2970278263092,20.283281564712524,183.24844789505005,0.037651278707360764,0.20993335461771165,-0.004348721292639246,-0.024247294663135827,-0.010635092346200817,-0.08465065092557653,-0.0026350923462008236,-0.020974174468225384,-0.07228409562723881,-0.0225094054199898,-0.03728409562723867,-0.011610338580136185,0.04512051881529633,-0.05437055274563715,0.049066518815296334,-0.0591255113934431
10,0.3700933882908645,0.1851206362006205,1.6073263941968363,1.0,0.0,-0.15224029825718488,0.26,0.18,1.646,0.473,-0.08888399999999996,0.307,0.173,1.657,0.474,-0.08616400000000013,247.95023345947266,18.381592750549316,103.3534026145935,-0.11009338829086451,-0.29747461525667596,-0.06309338829086453,-0.17047964186076744,-0.005120636200620504,-0.027661077153338674,-0.01212063620062051,-0.06547425748626443,0.03867360580316359,0.02406082917744182,0.04967360580316371,0.030904492069879233,0.06335629825718492,-0.4161598406103678,0.06607629825718475,-0.43402633214472386
11,0.7222545135329691,1.0215167565801244,1.0327252561558449,1.0,0.0,-0.22143961433680193,0.68,0.983,1.026,0.385,-0.23597999999999997,0.699,0.977,1.034,0.384,-0.239888,59.070459842681885,18.661515474319458,84.09251499176025,-0.04225451353296905,-0.05850363374854872,-0.023254513532969145,-0.03219711763269948,-0.038516756580124434,-0.03770545743084275,-0.04451675658012444,-0.0435790762054256,-0.00672525615584485,-0.006512144557090182,0.0012747438441551573,0.0012343494424646765,-0.014540385663198041,0.06566298314213383,-0.018448385663198064,0.08331113526570143
12,0.6900793200429938,0.7747347509510185,0.7128294413825607,1.0,0.0,0.19071210517929582,0.695,0.777,0.714,0.623,0.17564400000000002,0.702,0.778,0.718,0.624,0.178064,33.811920166015625,18.476758241653442,47.32845735549927,0.00492067995700618,0.007130600518067414,0.011920679957006186,0.01727436196213429,0.0022652490489815102,0.0029239027243851195,0.003265249048981511,0.004214667077955758,0.0011705586174393101,0.0016421300096260976,0.005170558617439314,0.0072535705138817115,-0.015068105179295799,-0.07900969456097026,-0.012648105179295821,-0.06632041090105344
13,0.6626854870021712,1.0053208202170136,1.8721980345071056,1.0,0.0,-1.3577151014828215,0.672,0.996,1.892,0.138,-1.369808,0.684,1.01,1.937,0.134,-1.417884,116.5793821811676,22.504732131958008,145.21774673461914,0.009314512997828817,0.014055706938694883,0.021314512997828827,0.032163844562600165,-0.009320820217013637,-0.009271488294653638,0.004679179782986376,0.004654414480321122,0.019801965492894258,0.0105768541190182,0.06480196549289441,0.03461277295377294,-0.01209289851717843,0.008906801216228083,-0.06016889851717844,0.044316291725315045
14,0.3326955511725962,1.0540904665245856,2.3130080517318445,1.0,0.0,0.35448309007312906,0.285,1.077,2.282,0.557,0.26014800000000005,0.329,1.072,2.362,0.56,0.28344000000000014,191.04046249389648,22.56971836090088,187.97826623916626,-0.04769555117259622,-0.14336095269230897,-0.0036955511725961787,-0.011107906792174075,0.022909533475414356,0.021733934802530552,0.017909533475414463,0.016990508921367557,-0.03100805173184451,-0.013405941976132553,0.04899194826815556,0.02118105392303899,-0.09433509007312901,-0.26612014145348345,-0.07104309007312892,-0.20041319900047389
15,0.2104893240667567,0.10884482460101236,2.9707771667441136,1.0,0.0,1.0631299408307813,0.2,0.082,3.046,0.684,1.1209280000000006,0.162,0.086,3.07,0.684,1.1297600000000005,849.9724538326263,25.25633955001831,169.44241666793823,-0.010489324066756678,-0.04983304551555303,-0.048489324066756684,-0.23036476686759796,-0.026844824601012354,-0.24663390932381246,-0.022844824601012365,-0.20988434392497415,0.07522283325588619,0.025320927499361472,0.09922283325588621,0.03339962160966505,0.05779805916921932,0.05436594055854839,0.06663005916921927,0.06267348572381595
16,0.4164518597981898,0.19527855010821382,1.8740201227086928,1.0,0.0,0.9784915096813913,0.42,0.165,1.816,0.748,0.900736,0.383,0.169,1.831,0.749,0.9118379999999999,246.2386338710785,19.1008141040802,129.74926161766052,0.003548140201810157,0.00851992881849433,-0.03345185979818982,-0.08032587443456346,-0.030278550108213814,-0.15505312842314184,-0.02627855010821381,-0.13456956790006647,-0.05802012270869272,-0.030960245306667748,-0.04302012270869282,-0.022956062310852832,-0.07775550968139133,-0.07946467487153717,-0.06665350968139139,-0.0681186387637585
17,0.23957323399869268,0.8678195084421285,2.5036251603987307,1.0,0.0,1.7331619993763874,0.258,0.768,2.249,0.827,1.4708459999999999,0.268,0.825,2.461,0.845,1.69809,175.95249676704407,18.872581958770752,164.90698528289795,0.018426766001307326,0.07691496121560841,0.028426766001307335,0.11865585118520568,-0.0998195084421285,-0.11502335159683158,-0.04281950844212856,-0.049341490973159,-0.2546251603987306,-0.10170258888042916,-0.04262516039873088,-0.017025376271559093,-0.2623159993763875,-0.15135111401633083,-0.035071999376387275,-0.020235846036900533
18,0.4341924900745753,0.6903837729990174,1.878129463788245,1.0,0.0,0.9565258385388953,0.388,0.646,1.726,0.739,0.8250280000000001,0.419,0.645,1.789,0.751,0.8980780000000002,182.43374371528625,20.611986875534058,120.74330639839172,-0.046192490074575265,-0.10638712352358148,-0.015192490074575293,-0.03499021844428007,-0.04438377299901741,-0.06428855186762998,-0.04538377299901741,-0.06573702160158101,-0.1521294637882451,-0.08100052031631264,-0.08912946378824516,-0.04745650686320009,-0.13149783853889518,-0.1374744238375826,-0.058447838538895125,-0.061104296595034906
19,0.7602336049198528,0.14046719381298658,1.963699827941309,1.0,0.0,1.2031759775373239,0.734,0.151,1.881,0.8,1.1286000000000003,0.783,0.147,1.879,0.8,1.1274000000000002,262.0654172897339,22.632733583450317,125.58230829238892,-0.026233604919852826,-0.03450729453431421,0.022766395080147217,0.02994657817388558,0.01053280618701341,0.07498410056540634,0.006532806187013407,0.04650770055042867,-0.08269982794130892,-0.042114291993399645,-0.08469982794130893,-0.04313277759468258,-0.07457597753732359,-0.06198260182186039,-0.07577597753732368,-0.0629799621601679
20,0.587050933920313,0.25057130120240084,0.6366076122021667,1.0,0.0,0.23624799912636274,0.431,0.258,0.646,0.681,0.23385200000000006,,,,,,45.728989124298096,41.496384382247925,0.0,-0.15605093392031305,-0.26582179654873966,,,0.007428698797599165,0.02964704561915723,,,0.009392387797833357,0.014753810067308193,,,-0.00239599912636268,-0.010141881138562042,,
21,0.7863582960466995,0.13541478239657126,2.5142552043671746,1.0,0.0,-0.7860609781358978,0.902,0.12,2.492,0.352,-0.7376320000000001,0.894,0.12,2.492,0.352,-0.7376320000000001,665.1769495010376,22.630417108535767,165.68827724456787,0.11564170395330053,0.1470598129817822,0.10764170395330053,0.136886333487487,-0.015414782396571264,-0.1138338231894657,-0.015414782396571264,-0.1138338231894657,-0.022255204367174652,-0.008851609147917097,-0.022255204367174652,-0.008851609147917097,0.04842897813589775,-0.06160969629957273,0.04842897813589775,-0.06160969629957273
22,0.10508944445374485,0.2063582197636347,2.238188757616535,1.0,0.0,0.306787884761067,0.103,0.199,2.135,0.565,0.27754999999999974,0.1,0.203,2.183,0.569,0.3012539999999997,467.1627662181854,25.603850841522217,173.46651792526245,-0.002089444453744857,-0.019882534012866788,-0.005089444453744846,-0.048429644672686095,-0.0073582197636346824,-0.035657507474443614,-0.003358219763634679,-0.01627373878046257,-0.10318875761653512,-0.04610368864796804,-0.05518875761653508,-0.024657776261599144,-0.029237884761067257,-0.09530325744068528,-0.005533884761067309,-0.018038146341330323
23,0.5816791132181484,0.3016006442231789,2.9069717515150777,1.0,0.0,2.448727463437604,0.611,0.281,2.918,0.916,2.4277760000000006,0.578,0.297,2.979,0.918,2.490444,291.62009477615356,24.08220386505127,272.1700601577759,0.02932088678185163,0.05040732272409334,-0.0036791132181484,-0.006324987668533689,-0.020600644223178866,-0.06830437738698851,-0.004600644223178907,-0.015254092825393686,0.011028248484922454,0.003793723994453908,0.0720282484849224,0.024777760034091205,-0.020951463437603568,-0.008556061771035644,0.041716536562395934,0.01703600632788791
24,0.7753162303053635,0.32351177691825495,4.082458465398942,1.0,0.0,0.7560903591764765,0.806,0.337,4.055,0.596,0.7785599999999997,0.808,0.338,4.063,0.594,0.7638439999999997,1451.776037454605,24.609435558319092,246.0315637588501,0.030683769694636598,0.03957581241727855,0.0326837696946366,0.042155405003921925,0.013488223081745077,0.041693143941258386,0.014488223081745077,0.0447842215197191,-0.0274584653989427,-0.006725963198809771,-0.019458465398942693,-0.0047663596736779515,0.022469640823523207,0.029718195121541873,0.007753640823523256,0.010254912960361533
25,0.15384640047052434,0.29643307241539435,1.2093641573554077,1.0,0.0,0.07279230761777788,0.177,0.378,1.216,0.529,0.07052800000000015,0.263,0.346,1.227,0.529,0.07116600000000006,141.36902809143066,22.479326963424683,80.26866888999939,0.023153599529475655,0.15049815568425787,0.10915359952947568,0.7094972595760444,0.08156692758460565,0.2751613607752416,0.049566927584605625,0.16721119266728457,0.006635842644592271,0.0054870508640699955,0.017635842644592392,0.01458273964655757,-0.002264307617777739,-0.031106413464281116,-0.0016263076177778224,-0.02234175108608088
26,0.779036840335671,0.5061917767910805,2.3776156438908953,1.0,0.0,1.5222400428267417,0.745,0.547,2.483,0.829,1.6338139999999997,0.762,0.545,2.5,0.83,1.6499999999999995,288.42315554618835,27.77606439590454,331.22841715812683,-0.034036840335671004,-0.043690925221206774,-0.01703684033567099,-0.02186910740746248,0.040808223208919525,0.08061810776069209,0.03880822320891952,0.07666703606869686,0.1053843561091048,0.04432354589350132,0.1223843561091047,0.051473566143275556,0.11157395717325791,0.07329590211414314,0.12775995717325772,0.08392891631993359
27,0.4784375860577247,0.2967018780164048,1.122375041271627,1.0,0.0,-0.4807240872434313,0.332,0.326,1.132,0.298,-0.45732799999999996,0.445,0.292,1.129,0.299,-0.453858,107.01876449584961,22.42538547515869,83.62557911872864,-0.14643758605772467,-0.3060745859545755,-0.03343758605772468,-0.069889128764416,0.029298121983595216,0.09874599439500449,-0.004701878016404815,-0.015847146124719998,0.00962495872837299,0.00857552812067891,0.006624958728373098,0.005902624777603003,0.02339608724343134,-0.04866843136067763,0.026866087243431314,-0.05588670914637722
28,0.1987048964478455,0.570683399900849,1.5547348127921048,1.0,0.0,0.5154132921075647,0.096,0.593,1.544,0.649,0.4601120000000001,0.156,0.556,1.601,0.663,0.5219260000000001,169.1973478794098,27.496240854263306,107.65755081176758,-0.1027048964478455,-0.5168714927707012,-0.0427048964478455,-0.21491617575238942,0.02231660009915093,0.039105045114380815,-0.014683399900848992,-0.025729502388539945,-0.010734812792104753,-0.006904594084972217,0.046265187207895186,0.0297576067810618,-0.055301292107564626,-0.10729504449028347,0.00651270789243541,0.012635894324347835
29,0.1657266527408708,0.17703018258690595,2.5902705547318674,1.0,0.0,-1.0311976500435653,0.211,0.195,2.526,0.311,-0.954828,0.205,0.199,2.566,0.312,-0.9648159999999999,603.6416325569153,21.440781593322754,159.0562825202942,0.04527334725912918,0.27318084635377454,0.03927334725912918,0.23697665167072882,0.017969817413094058,0.10150708286296033,0.02196981741309406,0.12410209994732876,-0.0642705547318676,-0.024812294072701833,-0.024270554731867566,-0.009369891761897413,0.07636965004356533,-0.07405917773410259,0.06638165004356544,-0.06437335271347931
30,0.4471361742016616,0.25292897390273766,1.79159021085669,1.0,0.0,-1.6614034093317682,0.628,0.276,1.804,0.037,-1.670504,0.542,0.294,1.821,0.037,-1.686246,61.06203293800354,25.45584464073181,167.4049108028412,0.18086382579833843,0.40449383483960205,0.09486382579833846,0.2121586918520133,0.02307102609726236,0.09121543388751573,0.04107102609726232,0.1623816578367014,0.012409789143310146,0.006926689523144984,0.02940978914331005,0.01641546653084641,-0.009100590668231767,0.0054776525780045856,-0.02484259066823169,0.014952774581234072
31,0.7175212889724174,0.4168403075228916,4.817770096055736,1.0,0.0,-2.123117992714901,0.721,0.401,4.472,0.294,-1.842464,0.719,0.406,4.527,0.293,-1.8741780000000001,1239.5201661586761,21.115501165390015,238.6556887626648,0.0034787110275825706,0.004848233886641233,0.0014787110275825688,0.002060860144930714,-0.01584030752289156,-0.03800090163310721,-0.010840307522891557,-0.02600590040658734,-0.3457700960557357,-0.07176973769230177,-0.290770096055736,-0.0603536678293941,0.280653992714901,-0.13218954089123397,0.24893999271490097,-0.11725207622425789
32,0.5639089436107102,0.8084078582897342,3.1417739435596603,1.0,0.0,1.9884486186837416,0.574,0.796,3.106,0.814,1.9505679999999996,0.583,0.804,3.174,0.819,2.025012,360.6159589290619,25.61588144302368,209.86587190628052,0.010091056389289754,0.01789483302867427,0.019091056389289762,0.03385485654306117,-0.01240785828973412,-0.015348512712362984,-0.004407858289734112,-0.0054525178652510475,-0.03577394355966046,-0.011386542826543477,0.0322260564403396,0.010257280447054432,-0.03788061868374193,-0.01905033820225996,0.03656338131625825,0.018387893442507693
33,0.6063275267926709,0.6764954943501665,0.5455811509717432,1.0,0.0,0.2014462813771669,0.592,0.73,0.555,0.709,0.23199000000000003,0.594,0.734,0.557,0.709,0.23282599999999998,19.272298574447632,20.788659811019897,51.17088842391968,-0.014327526792670908,-0.02363001209669654,-0.012327526792670906,-0.020331464840266458,0.053504505649833445,0.07909070510695601,0.05750450564983345,0.08500353088836399,0.009418849028256848,0.017263882763326386,0.01141884902825685,0.020929698557068107,0.030543718622833116,0.15162215164273127,0.031379718622833064,0.1557721413783805
34,0.34447173287132066,0.11961888628179793,2.377810509551964,1.0,0.0,1.620330207156373,0.306,0.094,2.321,0.837,1.5643539999999998,0.273,0.1,2.337,0.838,1.579812,377.0507481098175,30.714930057525635,184.95483374595642,-0.03847173287132066,-0.1116832796428379,-0.07147173287132064,-0.20748214164213963,-0.025618886281797926,-0.21417091462835564,-0.01961888628179792,-0.16401161130676128,-0.05681050955196376,-0.023891941483036094,-0.04081050955196375,-0.017163062148149652,-0.05597620715637319,-0.03454617269316334,-0.040518207156373,-0.025006141944043086
35,0.31462928453892386,0.1800137998782129,1.0539525608611366,1.0,0.0,-0.25197303174213226,0.038,0.202,1.072,0.386,-0.24441599999999997,0.119,0.18,1.078,0.381,-0.256564,112.38015413284302,26.865946531295776,93.74980092048645,-0.2766292845389239,-0.8792229399253556,-0.19562928453892386,-0.6217771013451925,0.02198620012178712,0.122136192540026,-1.3799878212900074e-05,-7.666011284821657e-05,0.01804743913886342,0.01712357824162188,0.024047439138863425,0.022816434089989172,0.007557031742132292,-0.029991430788776294,-0.004590968257867756,0.018220077863595047
36,0.5101731163860946,0.9344662094170036,1.4927634321112089,1.0,0.0,0.10227607129352267,0.468,0.993,1.476,0.532,0.0944640000000001,0.521,0.941,1.484,0.54,0.11872000000000016,108.14201498031616,20.798039197921753,107.26737475395203,-0.04217311638609461,-0.08266432517031799,0.01082688361390538,0.021221979885180167,0.05853379058299635,0.06263874497882005,0.006533790582996302,0.006992003046394384,-0.016763432111208898,-0.011229798205533778,-0.008763432111208891,-0.0058706101199269105,-0.007812071293522571,-0.07638219961639574,0.016443928706477484,0.16077982365283625
37,0.22851027405691587,0.383514670085194,2.3517294259008086,1.0,0.0,-1.5721085902366392,0.217,0.372,2.222,0.174,-1.448744,0.222,0.393,2.341,0.162,-1.582516,282.39369344711304,26.803036212921143,185.43972277641296,-0.011510274056915876,-0.05037092579062318,-0.006510274056915871,-0.028490071546167478,-0.011514670085194023,-0.030024066830705985,0.009485329914805996,0.024732639074012273,-0.1297294259008086,-0.05516341483507055,-0.010729425900808387,-0.004562355593564331,0.12336459023663915,-0.07847078185487803,-0.010407409763360853,0.0066200323743503585
38,0.3696685178110136,0.5459170733899671,1.3821968133523916,1.0,0.0,1.0326389990683844,0.361,0.464,1.242,0.853,0.876852,0.346,0.494,1.303,0.861,0.940766,72.65335321426392,28.198272943496704,113.96202516555786,-0.008668517811013632,-0.02344943481350299,-0.023668517811013645,-0.06402632810380068,-0.08191707338996707,-0.1500540601913927,-0.051917073389967094,-0.09510065891066383,-0.14019681335239165,-0.10143042727204465,-0.0791968133523917,-0.05729778320086493,-0.15578699906838445,-0.15086298232870418,-0.09187299906838442,-0.08896913553649383
39,0.363610077253448,1.2787470807530885,1.4606694861117047,1.0,0.0,-0.1384868839725133,0.335,1.284,1.383,0.46,-0.11063999999999985,0.372,1.255,1.419,0.459,-0.11635799999999996,81.47570300102234,21.21338176727295,114.53050923347473,-0.028610077253447996,-0.07868340027745117,0.008389922746551981,0.023073955512800413,0.005252919246911514,0.004107864116348894,-0.023747080753088623,-0.018570584528023577,-0.07766948611170466,-0.053173895155748385,-0.04166948611170462,-0.028527662491689754,0.027846883972513448,-0.2010795764459576,0.022128883972513336,-0.1597904677883102
40,0.13174737405417958,0.1669203927643886,1.6448112982445906,1.0,0.0,-0.5610271683791583,0.107,0.166,1.669,0.321,-0.597502,0.103,0.168,1.692,0.317,-0.619272,258.85974311828613,32.53438758850098,105.50749397277832,-0.02474737405417958,-0.1878396000819152,-0.028747374054179584,-0.2182007365274511,-0.0009203927643886001,-0.0055139623694017564,0.0010796072356114017,0.0064677971201235335,0.024188701755409436,0.01470606493354259,0.047188701755409346,0.028689431915850192,-0.03647483162084164,0.06501437662318503,-0.05824483162084171,0.10381820151261939
41,0.6838152371481457,0.7372826164973381,1.0149991686076076,1.0,0.0,0.35182673175027945,0.602,0.752,1.021,0.666,0.33897200000000005,0.673,0.723,1.023,0.669,0.345774,64.79379987716675,30.51241183280945,85.87177228927612,-0.08181523714814576,-0.11964523851407076,-0.010815237148145695,-0.015816022458421206,0.01471738350266194,0.019961658085173473,-0.014282616497338085,-0.019371969686728198,0.00600083139239227,0.005912153997745937,0.008000831392392271,0.007882598961502542,-0.012854731750279402,-0.036537109293342356,-0.0060527317502794276,-0.017203729006514356
42,0.6473874369871937,0.7734515940000545,2.446741916499248,1.0,0.0,-0.8503454554359946,0.614,0.771,2.445,0.317,-0.8948699999999998,0.641,0.761,2.474,0.318,-0.900536,295.86386489868164,20.185712814331055,151.76682662963867,-0.03338743698719371,-0.05157257475148404,-0.006387436987193684,-0.00986648276172841,-0.002451594000054458,-0.003169679937403148,-0.012451594000054467,-0.016098737266360318,-0.0017419164992480418,-0.0007119330761866143,0.027258083500752317,0.011140563423114386,-0.04452454456400523,0.052360536861076445,-0.0501905445640054,0.05902371117897182
43,0.7243811817805271,1.1297094529027714,2.684089705509634,1.0,0.0,-1.2423555807862183,0.711,1.085,2.578,0.261,-1.232284,0.729,1.081,2.602,0.26,-1.2489599999999998,221.61411714553833,20.774451732635498,186.97259330749512,-0.013381181780527163,-0.01847256957674722,0.004618818219472853,0.006376226130170596,-0.044709452902771396,-0.03957606337442882,-0.0487094529027714,-0.04311679678134338,-0.10608970550963415,-0.03952539488224394,-0.08208970550963413,-0.03058381593622914,0.010071580786218393,-0.008106842309868037,-0.0066044192137815205,0.005316045837377692
44,0.6939160655412927,0.4370605685530104,1.9528423511392938,1.0,0.0,-0.5607179383065735,0.66,0.423,1.944,0.354,-0.5676480000000002,0.673,0.422,1.962,0.354,-0.5729040000000001,249.59023594856262,18.18997550010681,107.2877779006958,-0.03391606554129267,-0.048876322693056945,-0.02091606554129266,-0.030142068443071685,-0.01406056855301041,-0.032170755187458704,-0.015060568553010412,-0.03445876758654273,-0.00884235113929388,-0.0045279390495270785,0.009157648860706136,0.004689394848162494,-0.006930061693426692,0.01235926518483821,-0.01218606169342662,0.02173296208469769
45,0.8689611279082282,0.8968497503298736,2.5091123321976423,1.0,0.0,-1.8598489189382525,0.865,0.937,2.633,0.127,-1.964218,0.859,0.95,2.652,0.126,-1.9836960000000001,201.50730204582214,20.650978326797485,216.00351119041443,-0.003961127908228224,-0.004558463872559512,-0.009961127908228229,-0.011463260654946388,0.04015024967012648,0.04476808925392316,0.05315024967012638,0.059263270855098076,0.12388766780235771,0.049375098202099586,0.14288766780235784,0.05694749731559751,-0.10436908106174747,0.05611696735094457,-0.12384708106174758,0.0665898610369111
46,0.6031248256487826,0.2624806412193775,1.847395922433292,1.0,0.0,0.5416024939723374,0.585,0.265,1.856,0.64,0.5196799999999999,0.59,0.264,1.869,0.64,0.5233200000000002,324.27126812934875,26.170161485671997,122.94581842422485,-0.018124825648782594,-0.030051533079053217,-0.01312482564878259,-0.02176137524212204,0.002519358780622538,0.009598265109832976,0.0015193587806225373,0.005788460335833604,0.008604077566708002,0.004657408551262345,0.021604077566707902,0.011694340830985571,-0.021922493972337476,-0.040477091993334095,-0.018282493972337166,-0.03375629576268339
47,0.2893336402092237,0.7520997135230024,0.8461605298269076,1.0,0.0,0.024120525605017207,0.217,0.788,0.871,0.522,0.038324000000000025,0.285,0.74,0.874,0.524,0.04195199999999999,51.088706493377686,33.61280870437622,89.25518584251404,-0.0723336402092237,-0.2500007954723744,-0.004333640209223721,-0.014978003270169234,0.03590028647699761,0.047733413311424736,-0.012099713523002431,-0.01608791135729155,0.024839470173092404,0.02935550560148867,0.027839470173092407,0.03290093214202192,0.014203474394982818,0.588854265763944,0.017831474394982783,0.7392655818111084
48,0.4037450960029155,0.11654131604973715,1.4967164786386478,1.0,0.0,-1.1901177987650968,-0.064,0.086,1.588,0.1,-1.2704,-0.243,0.095,1.609,0.099,-1.2904179999999998,102.31942915916443,31.482876300811768,192.41096878051758,-0.46774509600291553,-1.1585158572416143,-0.6467450960029155,-1.601864895464254,-0.030541316049737158,-0.26206427973323065,-0.02154131604973715,-0.18483844854252213,0.09128352136135232,0.06098918710668575,0.11228352136135222,0.07501990053819728,-0.08028220123490315,0.06745735700970648,-0.10030020123490302,0.08427754070981681
49,0.5015222888928625,0.07679007333725,1.130752079686197,1.0,0.0,-0.7324349023330561,0.55,0.043,1.112,0.184,-0.7027840000000001,0.154,0.053,1.112,0.183,-0.7050080000000001,100.4539737701416,38.30004358291626,120.72815537452698,0.0484777111071375,0.09666112988548257,-0.3475222888928625,-0.6929348836320649,-0.03379007333725001,-0.4400317888596002,-0.023790073337250008,-0.30980662347811183,-0.018752079686196854,-0.016583723367018594,-0.018752079686196854,-0.016583723367018594,0.029650902333056006,-0.04048264526800638,0.027426902333056002,-0.03744619794290513
50,0.47992857775722014,0.47550499724354833,0.8501948389328342,1.0,0.0,0.42250341602663055,0.446,0.483,0.852,0.746,0.4191839999999999,0.469,0.483,0.863,0.751,0.4332259999999999,51.7246675491333,23.40607452392578,82.99481534957886,-0.033928577757220135,-0.0706950561597594,-0.01092857775722017,-0.022771258607460074,0.007495002756451652,0.015762195560297752,0.007495002756451652,0.015762195560297752,0.0018051610671657725,0.0021232322104326267,0.012805161067165782,0.01506144295493353,-0.0033194160266306616,-0.007856542457922843,0.010722583973369337,0.025378691784810302
51,0.4262376110569673,0.4737915943467025,1.0879774693351887,1.0,0.0,0.726853297577384,0.366,0.484,1.083,0.822,0.697452,0.408,0.474,1.105,0.826,0.7204599999999999,65.53711342811584,19.81744360923767,84.03366708755493,-0.06023761105696729,-0.14132401621619553,-0.018237611056967307,-0.04278742791313604,0.010208405653297503,0.021546194096950112,0.00020840565329749428,0.0004398677726329417,-0.004977469335188722,-0.004574974643758218,0.017022530664811297,0.015646032334854284,-0.029401297577384078,-0.04045011238908754,-0.0063932975773841605,-0.008795856878813296
52,0.4693471671429416,0.6776431381898683,0.7440935129191651,1.0,0.0,-0.09694818475672551,0.397,0.656,0.745,0.43,-0.10430000000000006,0.43,0.643,0.749,0.43,-0.10486000000000006,45.924511432647705,29.242265939712524,55.23821425437927,-0.07234716714294159,-0.15414425015781114,-0.03934716714294162,-0.08383382258906504,-0.021643138189868294,-0.03193884357433591,-0.034643138189868306,-0.05112298234496646,0.0009064870808348502,0.001218243493722444,0.004906487080834854,0.0065939119151652535,-0.007351815243274551,0.07583241771594429,-0.007911815243274556,0.08160869915334537
53,0.21872851776645746,0.4640897454390684,0.5754646841825529,1.0,0.0,-0.46900405874588075,0.01,0.439,0.596,0.099,-0.477992,0.056,0.408,0.596,0.099,-0.477992,14.196929693222046,22.922069549560547,140.57645440101624,-0.20872851776645746,-0.9542812244963993,-0.16272851776645747,-0.7439748571798362,-0.02508974543906839,-0.05406227068286405,-0.05608974543906842,-0.12085969575992839,0.020535315817447053,0.03568475422017852,0.020535315817447053,0.03568475422017852,-0.008987941254119225,0.019163888001636972,-0.008987941254119225,0.019163888001636972
54,0.4356264740168972,0.20887961338027877,2.6568786279559578,1.0,0.0,2.258443184053887,0.513,0.217,2.771,0.927,2.366434,0.439,0.242,2.843,0.929,2.4392940000000003,234.0421245098114,22.822048902511597,208.7720856666565,0.07737352598310282,0.17761437974520722,0.0033735259831028097,0.007744079353111025,0.008120386619721226,0.03887591751205294,0.03312038661972122,0.15856208312404058,0.11412137204404216,0.042953174768032315,0.18612137204404222,0.0700526437623659,0.10799081594611293,0.04781648558112952,0.1808508159461133,0.08007764694858853
55,0.45393551064827814,0.2447521538885173,1.597233047857159,1.0,0.0,-0.04239410898134022,0.484,0.223,1.558,0.499,-0.0031159999999998966,0.512,0.219,1.568,0.5,0.0,257.86141300201416,24.835503339767456,99.7331895828247,0.030064489351721846,0.06623075006576573,0.05806448935172187,0.12791352073072743,-0.021752153888517284,-0.08887420822627458,-0.025752153888517287,-0.10521727175584814,-0.039233047857158976,-0.024563133044231626,-0.029233047857158967,-0.018302305913578423,0.03927810898134032,-0.9264992218288771,0.04239410898134022,-1.0
56,0.6198499973938184,0.5835781912406867,1.537993098834812,1.0,0.0,-0.521234055125327,0.541,0.632,1.559,0.335,-0.51447,0.581,0.621,1.58,0.331,-0.5340400000000001,172.5311393737793,20.423346281051636,116.74345445632935,-0.07884999739381837,-0.12720819186149232,-0.03884999739381845,-0.06267645003979133,0.048421808759313345,0.08297398615319847,0.037421808759313335,0.06412475538154469,0.021006901165187886,0.013658644620123962,0.042006901165188015,0.027312802116610642,0.006764055125326962,-0.012977001519404932,-0.012805944874673125,0.02456851149450323
57,0.6889735618759827,0.39171690115755176,2.492189638436389,1.0,0.0,2.035175633821619,0.745,0.359,2.547,0.903,2.052882,0.718,0.372,2.567,0.904,2.074136,243.01952266693115,27.6508686542511,724.4470069408417,0.05602643812401731,0.08131870542530663,0.029026438124017284,0.04212997381928877,-0.03271690115755177,-0.08352180123163173,-0.01971690115755176,-0.05033456840715039,0.0548103615636113,0.021992853480443636,0.07481036156361132,0.030017924964389018,0.01770636617838095,0.008700166159680396,0.03896036617838128,0.019143490876618915
58,0.9407970850611816,0.8051463080190615,3.3323482130419837,1.0,0.0,0.10927564174413584,0.921,0.833,3.426,0.526,0.1781520000000003,0.916,0.84,3.442,0.526,0.17898400000000025,587.8798651695251,30.936368703842163,232.73561263084412,-0.019797085061181607,-0.021042885203980163,-0.024797085061181612,-0.026357527521005248,0.027853691980938455,0.03459457207158805,0.03485369198093846,0.04328864410580308,0.09365178695801646,0.028103841786847668,0.10965178695801647,0.032905260779430734,0.06887635825586447,0.6302992794783623,0.06970835825586441,0.63791305311282
59,0.3843488355631864,0.3709840604122203,3.839569728513758,1.0,0.0,0.20974193428432342,0.372,0.366,3.718,0.535,0.26026000000000016,0.364,0.387,3.848,0.539,0.3001440000000004,1048.0509343147278,21.89106822013855,213.30421376228333,-0.012348835563186389,-0.032129238911551894,-0.020348835563186396,-0.05294366388119596,-0.004984060412220326,-0.01343470230683838,0.016015939587779693,0.04317150329850701,-0.12156972851375825,-0.0316623312271024,0.008430271486241647,0.002195629219502385,0.05051806571567674,0.24085820457436571,0.090402065715677,0.4310156956649839
60,0.5411753408668187,0.450475687412572,2.2520906579450077,1.0,0.0,1.6553998560588177,0.611,0.408,2.154,0.863,1.5638039999999997,0.594,0.425,2.195,0.866,1.6067399999999998,186.94497299194336,20.021129369735718,129.80158400535583,0.06982465913318125,0.12902409600064324,0.05282465913318124,0.0976109869466155,-0.042475687412572016,-0.09429074331745299,-0.025475687412572,-0.05655285762234683,-0.09809065794500782,-0.04355537713322508,-0.057090657945007894,-0.025350070941239148,-0.09159585605881793,-0.05533155975794857,-0.04865985605881784,-0.029394623831046726
61,0.936787718222518,0.6305512795187189,1.5400173434031414,1.0,0.0,1.1142786508568518,0.923,0.593,1.555,0.861,1.1227099999999999,0.913,0.596,1.557,0.861,1.1241539999999999,103.90552568435669,22.566156148910522,116.53177237510681,-0.013787718222518008,-0.014718081753547253,-0.023787718222518017,-0.025392858765968203,-0.03755127951871895,-0.05955309383779338,-0.03455127951871895,-0.05479535232263887,0.01498265659685849,0.009728888223914224,0.016982656596858492,0.011027574896871027,0.008431349143148026,0.007566643349636587,0.009875349143148027,0.008862549000247053
62,0.20673623845250835,0.5157768580350879,1.391466810490991,1.0,0.0,-0.3579507888577227,0.178,0.528,1.339,0.372,-0.342784,0.275,0.494,1.361,0.362,-0.3756360000000001,131.67575812339783,27.752136945724487,104.66186046600342,-0.02873623845250836,-0.13899952261688112,0.06826376154749167,0.33019736674358274,0.012223141964912143,0.023698507939029348,-0.021776858035087887,-0.04222147173886275,-0.05246681049099111,-0.03770611709558329,-0.030466810490991092,-0.021895463306265,0.015166788857722713,-0.042371156398683524,-0.01768521114227739,0.04940682264931915
63,0.45397255191159097,0.731334927159311,2.501861027219792,1.0,0.0,-1.646350849518262,0.419,0.712,2.303,0.19,-1.42786,0.432,0.74,2.421,0.179,-1.554282,260.0901458263397,29.435961484909058,176.5048542022705,-0.03497255191159099,-0.07703671018066689,-0.021972551911590976,-0.04840061765643934,-0.019334927159311066,-0.026437855545082184,0.008665072840688959,0.011848296203144957,-0.19886102721979215,-0.07948524120893223,-0.08086102721979227,-0.03232035126653281,0.21849084951826203,-0.1327122038307901,0.092068849518262,-0.05592298236138562
64,0.5897476586464108,1.1183876391104586,2.1545753301112978,1.0,0.0,1.6663502015664524,0.58,1.082,2.104,0.878,1.590624,0.611,1.069,2.132,0.881,1.624584,132.9258816242218,23.839945077896118,139.72556519508362,-0.009747658646410806,-0.016528524536720737,0.02125234135358922,0.036036330186316655,-0.0363876391104585,-0.03253580229069811,-0.049387639110458625,-0.044159678972972634,-0.05057533011129767,-0.0234734564182934,-0.022575330111297642,-0.01047785602842277,-0.07572620156645238,-0.045444349870312956,-0.04176620156645239,-0.025064480159806786
65,0.24072986634184412,1.2102117755386799,2.336357997138066,1.0,0.0,0.7286312898159819,0.208,1.233,2.296,0.653,0.7025760000000001,0.245,1.224,2.374,0.659,0.7549320000000002,191.61997318267822,27.981294870376587,266.4517467021942,-0.03272986634184413,-0.1359609708558832,0.004270133658155872,0.0177382795207145,0.022788224461320228,0.018829947718180907,0.013788224461320109,0.011393232771332772,-0.04035799713806609,-0.017273892608711008,0.0376420028619342,0.016111401980366008,-0.02605528981598182,-0.03575922442551453,0.02630071018401825,0.03609604823677086
66,0.7333046923017866,0.08751252552716064,0.8880366342798689,1.0,0.0,0.09157824404498371,0.752,0.104,0.912,0.555,0.10032000000000008,0.842,0.099,0.912,0.555,0.10032000000000008,85.66206336021423,24.160959005355835,95.65963864326477,0.01869530769821337,0.02549459712241885,0.10869530769821334,0.14822666326738915,0.016487474472839353,0.18840131025269352,0.011487474472839362,0.13126663187516027,0.023963365720131136,0.02698465896011557,0.023963365720131136,0.02698465896011557,0.008741755955016361,0.09545668893500912,0.008741755955016361,0.09545668893500912
67,0.5729698667572662,0.25363940616155245,1.2053038783102987,1.0,0.0,-0.6417436178280871,0.592,0.295,1.181,0.239,-0.6164820000000001,0.602,0.296,1.189,0.237,-0.625414,109.9342873096466,28.166374444961548,77.11370372772217,0.019030133242733727,0.033213148451305345,0.029030133242733736,0.05066607325622606,0.041360593838447535,0.16306848554953413,0.042360593838447536,0.16701109058529526,-0.024303878310298677,-0.02016410860999634,-0.01630387831029867,-0.013526778270351942,0.025261617828087002,-0.03936403436871294,0.016329617828087062,-0.02544570350906319
68,0.47265327308861294,0.5757632527481205,2.288396353799032,1.0,0.0,0.003887564819800904,0.433,0.58,2.252,0.52,0.09007999999999994,0.486,0.548,2.282,0.52,0.09128000000000025,375.0487051010132,20.99195384979248,158.61358833312988,-0.03965327308861294,-0.0838950565802572,0.013346726911387052,0.028237881066963035,0.004236747251879502,0.007358488461459619,-0.027763252748120415,-0.04821991090193112,-0.036396353799032166,-0.01590474208657497,-0.0063963537990319175,-0.002795124974051435,0.08619243518019903,22.171317823740686,0.08739243518019935,22.479994348923814
69,0.7799168403577968,0.22963497540985914,2.3283221086880097,1.0,0.0,-1.9964136514982131,0.782,0.259,2.278,0.074,-1.9408560000000001,0.781,0.257,2.28,0.074,-1.9425599999999998,185.36182284355164,36.78463411331177,232.38190960884094,0.0020831596422031806,0.002671002258711973,0.0010831596422031797,0.0013888142762839514,0.02936502459014087,0.12787696881857533,0.02736502459014087,0.11916749415588362,-0.05032210868800968,-0.02161303562777479,-0.0483221086880099,-0.020754047950538514,0.05555765149821301,-0.027828727506706664,0.053853651498213306,-0.026975196977739913
70,0.17677963240675948,0.23186306203422627,0.9996093607031503,1.0,0.0,0.5154715942156042,-0.147,0.189,1.015,0.769,0.54607,-0.154,0.18,1.029,0.773,0.561834,74.00360012054443,25.577253341674805,104.57955312728882,-0.32377963240675944,-1.831543758738912,-0.33077963240675945,-1.8711410805836222,-0.04286306203422627,-0.18486369350155082,-0.051863062034226276,-0.22367970809671509,0.015390639296849584,0.01539665383487748,0.029390639296849597,0.029402124922255114,0.030598405784395877,0.05936002318606446,0.046362405784395766,0.08994172773951915
71,0.39292943388069956,0.5715451029760192,1.9880926585751755,1.0,0.0,0.8767416437967823,0.402,0.56,1.958,0.708,0.8145279999999999,0.429,0.563,2.027,0.717,0.879718,198.25238966941833,19.352524518966675,94.72345113754272,0.00907056611930046,0.023084465904517723,0.03607056611930043,0.0917990942115375,-0.011545102976019184,-0.020199810856403384,-0.008545102976019292,-0.014950881271705735,-0.030092658575175513,-0.015136446707037433,0.03890734142482466,0.019570185150579823,-0.0622136437967824,-0.07096006473168365,0.0029763562032176782,0.00339479278106192
72,0.230391611572106,0.7397654885434183,1.9268489085082474,1.0,0.0,1.2258594809348318,0.166,0.66,1.836,0.796,1.086912,0.192,0.689,1.982,0.816,1.2526239999999997,143.63828563690186,33.87995171546936,138.72651147842407,-0.06439161157210599,-0.27948765639825934,-0.038391611572105994,-0.1666363254726855,-0.07976548854341825,-0.10782537138962067,-0.050765488543418336,-0.06862375892037685,-0.09084890850824734,-0.04714895293922237,0.05515109149175257,0.028622426620076896,-0.13894748093483167,-0.11334698886439358,0.02676451906516797,0.021833268397742894
73,0.661117643052923,1.3010229358083163,2.185193262190649,1.0,0.0,-1.1055875491728089,0.653,1.266,2.084,0.254,-1.025328,0.666,1.294,2.156,0.246,-1.095248,172.18744921684265,28.873947620391846,137.13600754737854,-0.008117643052922952,-0.012278666494872423,0.00488235694707706,0.007385004769395065,-0.03502293580831628,-0.02691953757645078,-0.007022935808316255,-0.005398010761395959,-0.10119326219064906,-0.0463086098339893,-0.029193262190648994,-0.01335957907969332,0.08025954917280886,-0.07259447633329298,0.010339549172808882,-0.009352085396172237
74,0.5303210395891297,0.13173395168024785,0.8907273724831947,1.0,0.0,-0.705541197581697,0.416,0.195,0.947,0.1,-0.7575999999999999,0.473,0.191,0.945,0.1,-0.756,32.28643727302551,25.247917652130127,94.74122142791748,-0.1143210395891297,-0.21556949669147732,-0.05732103958912971,-0.10808743253622301,0.06326604831975216,0.4802562096771766,0.05926604831975216,0.44989197973508066,0.056272627516805285,0.0631760393305607,0.05427262751680528,0.06093068338688474,-0.05205880241830296,0.07378563094081392,-0.05045880241830303,0.0715178682566729
75,0.36360537892101463,1.2396559807094392,1.5511872618683986,1.0,0.0,0.05591116910376481,0.323,1.23,1.506,0.533,0.09939600000000004,0.357,1.224,1.562,0.535,0.10933999999999999,135.27258825302124,33.54695463180542,159.6399383544922,-0.04060537892101462,-0.11167430757352811,-0.0066053789210146485,-0.01816633994968904,-0.009655980709439183,-0.007789242225018903,-0.015655980709439188,-0.012629294701970035,-0.04518726186839861,-0.02913075872862103,0.01081273813160144,0.006970620760885789,0.04348483089623523,0.7777485535230411,0.05342883089623518,0.9556021051371204
76,0.35963103663099244,0.8816017908711575,1.0242383985172516,1.0,0.0,0.019369908931835322,0.292,0.858,0.973,0.506,0.01167600000000002,0.342,0.823,0.988,0.505,0.00988,65.42075991630554,23.511791706085205,79.80827212333679,-0.06763103663099246,-0.18805672965425066,-0.017631036630992414,-0.04902534774573179,-0.023601790871157546,-0.026771486986018216,-0.05860179087115758,-0.06647195080360492,-0.05123839851725165,-0.050025851980776546,-0.036238398517251635,-0.03538082400514616,-0.007693908931835303,-0.39720934976570876,-0.009489908931835322,-0.4899304878113406
77,0.2737778390826567,0.07737850084950282,0.8290836601344925,1.0,0.0,-0.2434862034604034,-0.124,0.041,0.868,0.361,-0.24130400000000007,-0.154,0.041,0.868,0.361,-0.24130400000000007,71.21274161338806,30.440404891967773,68.92430257797241,-0.3977778390826567,-1.4529219765028643,-0.42777783908265665,-1.5624998740438798,-0.036378500849502816,-0.4701370593914338,-0.036378500849502816,-0.4701370593914338,0.038916339865507465,0.04693897821987533,0.038916339865507465,0.04693897821987533,0.0021822034604033202,-0.008962328991910205,0.0021822034604033202,-0.008962328991910205
78,0.23381610026160332,0.546254508150492,2.2901803575454847,1.0,0.0,0.020528033600716533,0.163,0.544,2.167,0.514,0.06067599999999995,0.199,0.534,2.282,0.514,0.06389600000000017,315.71161437034607,20.8059184551239,127.4983868598938,-0.07081610026160332,-0.3028709322513346,-0.03481610026160331,-0.14890377618414466,-0.002254508150491996,-0.004127211980593639,-0.012254508150492005,-0.0224336970544798,-0.12318035754548484,-0.05378631300353313,-0.008180357545484629,-0.003571927214611158,0.04014796639928342,1.9557628938157063,0.04336796639928364,2.1126215614616823
79,0.6578570167033073,0.8370621170744812,1.5705275936120309,1.0,0.0,-0.9753436422425771,0.602,0.823,1.493,0.197,-0.9047580000000001,0.64,0.802,1.508,0.193,-0.925912,119.58302140235901,22.831536293029785,104.53877139091492,-0.05585701670330734,-0.08490753352943073,-0.017857016703307305,-0.027144221692418,-0.01406211707448124,-0.0167993710235366,-0.03506211707448115,-0.04188711489778404,-0.07752759361203077,-0.04936404424052577,-0.06252759361203086,-0.03981311367361885,0.07058564224257702,-0.07237002343121002,0.04943164224257712,-0.050681257458059084
80,0.8945473372825701,0.14439289450941026,2.811399514256413,1.0,0.0,2.2376289214082803,0.876,0.165,2.798,0.894,2.2048240000000003,0.864,0.165,2.797,0.894,2.204036,375.58926367759705,45.2300078868866,204.69063878059387,-0.018547337282570076,-0.020733768364805196,-0.030547337282570086,-0.0341483742776161,0.02060710549058975,0.14271550937879954,0.02060710549058975,0.14271550937879954,-0.01339951425641317,-0.004766136647767476,-0.01439951425641306,-0.005121831380916912,-0.03280492140827995,-0.014660572668873871,-0.03359292140828041,-0.015012731148978121
81,0.3274355463273482,0.43530746001757603,1.1534477491806707,1.0,0.0,-0.45169535565725405,0.258,0.482,1.154,0.31,-0.43852,0.336,0.456,1.174,0.302,-0.464904,109.5749762058258,23.14958930015564,78.72724461555481,-0.06943554632734822,-0.2120586695799093,0.008564453672651795,0.02615615124476933,0.04669253998242395,0.10726335813436022,0.020692539982423985,0.04753545914785954,0.000552250819329192,0.00047878269277604695,0.02055225081932921,0.017818103016740985,0.013175355657254029,-0.029168676392704544,-0.013208644342745934,0.029242373598298937
82,0.3959652671174582,0.35412194237060063,0.9306430339234318,1.0,0.0,0.1885002236187142,0.189,0.373,0.949,0.589,0.1689219999999999,0.281,0.349,0.959,0.59,0.17261999999999988,84.37296056747437,22.336799383163452,81.80605459213257,-0.20696526711745822,-0.5226854077988222,-0.11496526711745819,-0.2903417967802594,0.01887805762939937,0.053309482894575454,-0.005121942370600652,-0.014463781420357074,0.018356966076568115,0.01972503463457765,0.028356966076568124,0.03047029316602737,-0.019578223618714308,-0.1038631320582189,-0.01588022361871433,-0.0842451181959115
83,0.750851756206578,0.25079828721156044,2.638638064211302,1.0,0.0,-1.230243886177914,0.72,0.212,2.626,0.264,-1.239472,0.689,0.217,2.634,0.263,-1.248516,546.6931655406952,21.99285650253296,182.65562653541565,-0.030851756206577985,-0.04108901118170909,-0.06185175620657801,-0.08237545653360775,-0.03879828721156045,-0.15469917136568093,-0.033798287211560446,-0.13476283106770168,-0.01263806421130198,-0.004789616424744309,-0.004638064211301973,-0.0017577493003718594,-0.009228113822085993,0.007501044244776237,-0.018272113822086045,0.014852432129415671
84,0.20975216314263234,0.33011673307775513,1.9796385052609913,1.0,0.0,0.160987611754432,0.184,0.357,1.859,0.536,0.1338480000000002,0.222,0.335,1.896,0.538,0.14409600000000022,328.6579256057739,45.8715455532074,127.08935165405273,-0.025752163142632345,-0.12277424345378868,0.012247836857367661,0.058391945398146294,0.026883266922244853,0.08143563845311899,0.004883266922244889,0.01479254588738067,-0.12063850526099129,-0.06093966395399375,-0.08363850526099137,-0.04224938292456817,-0.027139611754431803,-0.16858198875470087,-0.016891611754431768,-0.10492491670848544
85,0.24151498730522733,0.9008659293880621,4.046037389728416,1.0,0.0,-3.5631471271104678,0.248,0.756,3.448,0.072,-2.951488,0.238,0.867,3.897,0.061,-3.421566,254.73476457595825,29.769725799560547,522.4411790370941,0.006485012694772668,0.026851388260128513,-0.0035149873052273406,-0.014553909653586381,-0.1448659293880621,-0.16080742390431643,-0.0338659293880621,-0.03759264090614067,-0.5980373897284159,-0.1478081718292174,-0.14903738972841607,-0.036835396061038375,0.6116591271104679,-0.17166260760231153,0.14158112711046789,-0.03973485294312924
86,0.6030857286746306,0.24762430666053742,2.271021664543124,1.0,0.0,0.16082676892300451,0.629,0.244,2.245,0.538,0.17062,0.609,0.25,2.261,0.539,0.17635800000000001,431.13839387893677,19.30900526046753,106.17532467842102,0.025914271325369387,0.042969465356641416,0.005914271325369369,0.009806684264220359,-0.003624306660537424,-0.014636312199778935,0.002375693339462581,0.00959394241825931,-0.026021664543123713,-0.0114581313553249,-0.010021664543123698,-0.004412844095496474,0.009793231076995479,0.06089304126780019,0.0155312310769955,0.09657118140843235
87,0.33644725127976066,0.6427045356738668,2.4578598326717604,1.0,0.0,-1.5510664102602538,0.327,0.602,2.279,0.195,-1.39019,0.337,0.631,2.42,0.182,-1.53912,233.04524278640747,34.66333055496216,167.28400015830994,-0.009447251279760649,-0.028079442598581746,0.00055274872023936,0.0016428986063546157,-0.04070453567386678,-0.06333320120603886,-0.011704535673866756,-0.018211378672774906,-0.17885983267176053,-0.07277055847295207,-0.03785983267176052,-0.015403576790058793,0.1608764102602538,-0.10371987246713717,0.011946410260253781,-0.007702062388321136
88,0.5789584358691732,0.49283876152009726,2.6841555369130847,1.0,0.0,-1.9952838672441762,0.578,0.481,2.826,0.124,-2.125152,0.588,0.483,2.87,0.122,-2.16972,330.69208812713623,30.27770447731018,331.3124806880951,-0.0009584358691732131,-0.0016554484912795885,0.009041564130826796,0.015616948593646388,-0.011838761520097274,-0.024021571443735776,-0.009838761520097272,-0.01996344907967646,0.14184446308691534,0.05284509825762321,0.18584446308691538,0.06923759094103986,-0.12986813275582376,0.06508754713443034,-0.1744361327558237,0.08742421848814397
89,0.3798458274715,1.3350362089653887,3.5521233033406947,1.0,0.0,-3.4549201814502393,0.427,0.963,2.814,0.018,-2.712696,0.291,1.151,3.048,0.024,-2.901696,77.07521605491638,38.478487968444824,19591.255211353302,0.047154172528500016,0.12414029355643776,-0.0888458274715,-0.23389970626481646,-0.3720362089653887,-0.27867124986348135,-0.18403620896538864,-0.13785109926569777,-0.7381233033406946,-0.20779777060286891,-0.5041233033406947,-0.1419216790325318,0.742224181450239,-0.21483106482034053,0.5532241814502394,-0.16012647250739603
90,0.3176504213455994,0.4771173519479282,1.0389917750866497,1.0,0.0,-0.5289624267774627,0.254,0.471,0.984,0.264,-0.46444799999999997,0.276,0.48,1.021,0.251,-0.508458,73.02671122550964,31.275715827941895,85.05947256088257,-0.0636504213455994,-0.20037883493423292,-0.041650421345599375,-0.1311203088261743,-0.006117351947928229,-0.012821482855219793,0.002882648052071779,0.006041800911877937,-0.05499177508664976,-0.05292801772378185,-0.01799177508664984,-0.017316571235753395,0.06451442677746277,-0.12196410087290441,0.02050442677746278,-0.038763484397898645
91,0.5816589457502868,0.6125098067272846,1.8861957562824874,1.0,0.0,-0.2008770281581711,0.524,0.61,1.847,0.442,-0.2142519999999999,0.571,0.593,1.87,0.443,-0.21317999999999993,249.0135736465454,24.66809606552124,124.65873742103577,-0.05765894575028674,-0.09912844317370892,-0.010658945750286808,-0.018325078343869955,-0.0025098067272846247,-0.0040975780301295605,-0.01950980672728464,-0.03185223569158499,-0.03919575628248739,-0.020780322589495432,-0.01619575628248726,-0.008586466292558922,-0.013374971841828787,0.06658288388902936,-0.012302971841828825,0.06124628562376696
92,0.9079391610206559,0.18535114319114343,1.1566646643626448,1.0,0.0,0.00788531840414719,0.758,0.183,1.201,0.511,0.026421999999999946,0.86,0.171,1.199,0.512,0.028776000000000135,154.00654006004333,24.04801321029663,85.01161813735962,-0.14993916102065585,-0.16514229968019267,-0.047939161020655874,-0.052799970613411226,-0.0023511431911434344,-0.012684805449075742,-0.014351143191143417,-0.07742678541962807,0.044335335637355255,0.03833032771151982,0.042335335637355254,0.03660121809001854,0.018536681595852755,2.3507841593439784,0.020890681595852945,2.6493136389858063
93,0.6055197163704262,1.1111289939224098,1.5651703247519462,1.0,0.0,0.953170583318941,0.588,1.044,1.462,0.792,0.8538080000000001,0.597,1.073,1.517,0.8,0.9102000000000001,95.06286764144897,46.462104082107544,106.76966261863708,-0.017519716370426264,-0.028933354103549275,-0.008519716370426256,-0.014070089115338278,-0.06712899392240979,-0.06041512217716227,-0.03812899392240987,-0.03431554223763908,-0.10317032475194621,-0.06591635627151123,-0.04817032475194627,-0.030776410714009977,-0.09936258331894088,-0.10424428224899708,-0.04297058331894088,-0.045081734655844356
94,0.626148621100237,0.30107027034678324,0.4135752126533179,1.0,0.0,-0.3059738850547648,0.462,0.408,0.442,0.125,-0.3315,,,,,,12.094561576843262,40.56781601905823,0.0,-0.16414862110023692,-0.2621560050899788,,,0.10692972965321673,0.3551653556827492,,,0.02842478734668208,0.06872942690235485,,,-0.025526114945235212,0.08342579609585443,,
95,0.8118579020343026,0.04854834961448555,0.9841112814971763,1.0,0.0,0.037090698462542426,0.865,0.031,0.981,0.529,0.056898000000000004,0.936,0.032,0.982,0.529,0.05695600000000001,107.22077345848083,31.346790313720703,121.43205046653748,0.053142097965697355,0.06545738833426049,0.12414209796569742,0.15291111616285305,-0.01754834961448555,-0.3614613010294707,-0.01654834961448555,-0.3408632784820343,-0.0031112814971763214,-0.0031615139016016335,-0.0021112814971763205,-0.0021453686558336425,0.019807301537457578,0.5340234171502809,0.01986530153745758,0.5355871515204648
96,0.5014816131927038,0.410917630213027,0.7842418080478292,1.0,0.0,0.33387340029178836,0.325,0.35,0.775,0.707,0.32084999999999997,0.378,0.339,0.779,0.71,0.3271799999999999,45.10354924201965,31.197423219680786,56.77207946777344,-0.17648161319270378,-0.3519204065511518,-0.12348161319270379,-0.24623358054257044,-0.06091763021302704,-0.1482477891772282,-0.071917630213027,-0.17501714437451518,-0.009241808047829148,-0.01178438582716507,-0.005241808047829144,-0.006683918141111724,-0.01302340029178839,-0.03900700169707021,-0.006693400291788443,-0.020047719542613314
97,0.5605644223143591,0.32930411033349005,0.7146783857898533,1.0,0.0,0.10352344932573598,0.472,0.317,0.698,0.565,0.09073999999999993,0.543,0.299,0.697,0.565,0.09060999999999997,48.235069036483765,25.44165802001953,55.649340867996216,-0.08856442231435913,-0.15799151496042155,-0.017564422314359063,-0.03133345894811195,-0.012304110333490048,-0.03736397435498007,-0.030304110333490064,-0.09202469505406642,-0.016678385789853367,-0.02333691086994415,-0.017678385789853368,-0.024736141656663428,-0.012783449325736052,-0.12348361080505535,-0.012913449325736015,-0.12473936494430277
98,0.4534393783496794,0.08437680913449344,2.25010352698374,1.0,0.0,-0.6819852962103505,0.497,0.065,2.268,0.371,-0.5851439999999999,0.452,0.068,2.274,0.371,-0.586692,575.2974488735199,26.739144802093506,130.3665268421173,0.0435606216503206,0.09606713428565064,-0.0014393783496793877,-0.003174356746249287,-0.01937680913449344,-0.2296461472441739,-0.016376809134493436,-0.19409135404005884,0.01789647301625985,0.007953622045226533,0.023896473016260078,0.010620166018891255,0.09684129621035065,-0.14199909697243834,0.09529329621035054,-0.13972925331363512
99,0.38899665060581173,0.36153989545135484,4.838103869127885,1.0,0.0,0.6495622341372824,0.395,0.354,4.613,0.568,0.6273679999999997,0.381,0.375,4.75,0.572,0.6839999999999993,1466.2205967903137,20.615134716033936,228.04356694221497,0.006003349394188284,0.015432907673726362,-0.007996650605811728,-0.020557119433696883,-0.007539895451354861,-0.02085494725814942,0.013460104548645158,0.03722992875196041,-0.22510386912788416,-0.04652729152101923,-0.0881038691278846,-0.018210412903715972,-0.02219423413728272,-0.03416798725492415,0.03443776586271685,0.05301688437668401
100,0.19621392268167648,0.5805815216197034,0.48291344780906303,1.0,0.0,0.16206674448838615,-0.043,0.482,0.505,0.666,0.16766000000000003,-0.029,0.459,0.504,0.666,0.16732800000000003,19.940468788146973,25.92416477203369,65.48544096946716,-0.23921392268167646,-1.2191485670961286,-0.22521392268167648,-1.147797870832273,-0.09858152161970346,-0.1697978973644928,-0.12158152161970343,-0.20941335039481776,0.02208655219093697,0.045736047093204314,0.02108655219093697,0.0436652826435148,0.005593255511613882,0.03451204952176169,0.005261255511613883,0.03246351080983742
101,0.7940431143988183,0.8822608359284422,3.29205817758087,1.0,0.0,1.2760905756601515,0.786,0.856,3.24,0.693,1.2506399999999998,0.802,0.849,3.255,0.693,1.25643,540.4624028205872,41.34031844139099,220.93258380889893,-0.008043114398818219,-0.010129316976582285,0.007956885601181796,0.010020722372494939,-0.026260835928442194,-0.02976538780711801,-0.0332608359284422,-0.03769954935542429,-0.052058177580869724,-0.01581326172647534,-0.037058177580870044,-0.011256841641875785,-0.025450575660151742,-0.019944176491535928,-0.019660575660151558,-0.01540688101232993
102,0.6299339727085007,0.45926126267979456,3.330230140352892,1.0,0.0,2.510193761306539,0.628,0.439,3.248,0.868,2.3905279999999998,0.631,0.444,3.287,0.87,2.43238,524.2077386379242,24.869649410247803,220.84500074386597,-0.0019339727085007086,-0.003070119714587367,0.001066027291499294,0.0016922841721263915,-0.020261262679794556,-0.04411707306113706,-0.015261262679794552,-0.03323002377937324,-0.082230140352892,-0.02469202934550895,-0.0432301403528923,-0.01298112698851238,-0.11966576130653905,-0.047671922044875865,-0.07781376130653861,-0.030999105529621377
103,0.730476210652457,0.49857755370915563,1.0609517914125492,1.0,0.0,0.8362532450490732,0.677,0.477,1.032,0.886,0.7967040000000001,0.683,0.479,1.044,0.887,0.8080560000000001,43.8173406124115,24.693204641342163,109.23863744735718,-0.053476210652457,-0.07320732677206881,-0.047476210652456996,-0.06499350692071344,-0.02157755370915565,-0.04327822933188621,-0.01957755370915565,-0.03926681729554191,-0.02895179141254922,-0.027288507966985814,-0.01695179141254921,-0.015977909222415872,-0.03954924504907309,-0.04729338305497667,-0.02819724504907306,-0.03371854783943874
104,0.489159045285371,0.5134847241720694,2.4028406744575697,1.0,0.0,0.7946267751939624,0.525,0.496,2.258,0.658,0.7135280000000002,0.542,0.497,2.303,0.662,0.7461720000000001,402.7963626384735,24.043185710906982,145.51807141304016,0.035840954714629,0.07327055496585923,0.05284095471462902,0.10802407769808708,-0.017484724172069366,-0.03405110872628455,-0.016484724172069365,-0.03210363112291012,-0.14484067445756965,-0.060278934012246474,-0.09984067445756972,-0.04155110054482006,-0.08109877519396225,-0.10205895110212797,-0.04845477519396235,-0.0609780298205216
105,0.26642454737817,0.29287392133585216,1.9819295242136798,1.0,0.0,-0.45816241713027783,0.244,0.298,1.913,0.385,-0.4399899999999999,0.267,0.293,1.952,0.38,-0.46848,337.21005725860596,26.085910081863403,118.80588221549988,-0.022424547378170012,-0.08416847320881443,0.0005754526218300082,0.002159908414944947,0.005126078664147826,0.017502680473450258,0.00012607866414782176,0.00043048784805678036,-0.06892952421367982,-0.034778998633176544,-0.029929524213679892,-0.015101205087276892,0.01817241713027795,-0.03966370101699252,-0.010317582869722175,0.022519487596444177
106,0.9650704436546509,0.19361558240982968,1.770008555612839,1.0,0.0,0.40898677489230817,1.11,0.198,1.803,0.632,0.4759920000000002,1.031,0.204,1.8,0.631,0.47160000000000024,326.7616300582886,24.927573442459106,99.1588454246521,0.1449295563453492,0.15017510617827196,0.06592955634534903,0.068315796819638,0.004384417590170331,0.022644962433290897,0.010384417590170308,0.05363420371914808,0.03299144438716084,0.01863914402139036,0.029991444387160948,0.016944236959790773,0.06700522510769202,0.16383225380658192,0.06261322510769207,0.15309352025913062
107,0.2846820883303132,0.33131243960105716,3.649607382951358,1.0,0.0,-0.3234708587383732,0.307,0.325,3.469,0.453,-0.3260860000000001,0.298,0.346,3.6,0.45,-0.3599999999999999,1035.4704501628876,23.698277950286865,214.74424147605896,0.022317911669686774,0.07839591103389536,0.013317911669686766,0.046781698658308814,-0.0063124396010571515,-0.0190528300375867,0.014687560398942812,0.044331448636907585,-0.18060738295135792,-0.049486797893669505,-0.04960738295135769,-0.013592525920210433,-0.0026151412616268743,0.008084627072208781,-0.03652914126162665,0.11292869287855022
108,0.6052708126047124,0.28660157005521447,1.5380685544082033,1.0,0.0,-0.18134569919899057,0.584,0.283,1.575,0.423,-0.24255000000000004,0.643,0.271,1.58,0.422,-0.24648000000000003,210.51759719848633,21.235397815704346,106.16773223876953,-0.02127081260471242,-0.03514263724889683,0.03772918739528763,0.06233439083725923,-0.003601570055214498,-0.012566470080818633,-0.015601570055214453,-0.05443644308092511,0.03693144559179662,0.02401157314213903,0.041931445591796734,0.02726240353306653,-0.06120430080100947,0.3375007020919201,-0.06513430080100946,0.359172018353397
109,0.2761183956135144,0.29505293679239275,1.804724829304717,1.0,0.0,1.6547348617218847,0.505,0.269,1.78,0.955,1.6198,0.406,0.297,1.835,0.956,1.67352,56.201812982559204,56.44073438644409,667.1100528240204,0.22888160438648558,0.828925591422215,0.1298816043864856,0.470383742806771,-0.026052936792392734,-0.08829919497030557,0.0019470632076072358,0.006599030088547271,-0.024724829304716867,-0.013700054935378864,0.03027517069528307,0.01677550516493243,-0.03493486172188476,-0.021112060022432974,0.018785138278115232,0.01135235542119889
110,0.6330856574594552,0.4348377099660025,3.8758964322582927,1.0,0.0,0.5053936103131842,0.643,0.425,3.907,0.559,0.4610260000000004,0.637,0.433,3.956,0.561,0.48263200000000017,1074.9147131443024,22.971127033233643,203.21700167655945,0.009914342540544796,0.01566034931249369,0.003914342540544791,0.006182958805689699,-0.009837709966002528,-0.022623865733198904,-0.001837709966002521,-0.0042261973234708665,0.031103567741707305,0.008024870706770871,0.08010356774170724,0.020667107375476196,-0.044367610313183814,-0.08778822962500442,-0.022761610313184022,-0.04503739233877338
111,0.2931373431022592,0.5726679102991366,0.7568358972534892,1.0,0.0,-0.2255311242599426,0.23,0.602,0.76,0.368,-0.20064000000000004,0.27,0.58,0.77,0.361,-0.21406000000000003,43.30071806907654,23.16535997390747,56.580509185791016,-0.06313734310225919,-0.2153848514627292,-0.023137343102259178,-0.07893004302146471,0.02933208970086343,0.051220068687874674,0.007332089700863409,0.012803388436822744,0.0031641027465107996,0.004180698560933927,0.013164102746510808,0.01739360248936728,0.024891124259942554,-0.11036669258675601,0.011471124259942567,-0.05086271040231761
112,0.7821729426755875,0.2392103733985619,1.1841102068200848,1.0,0.0,0.2403210989210538,0.681,0.23,1.19,0.581,0.19277999999999995,0.757,0.219,1.191,0.58,0.19055999999999984,123.04494762420654,20.737964868545532,96.72518348693848,-0.10117294267558741,-0.12934855855471558,-0.02517294267558745,-0.03218334629356788,-0.0092103733985619,-0.0385032357406005,-0.02021037339856191,-0.08448786359648486,0.005889793179915115,0.004974024500415456,0.006889793179915227,0.00581854048739069,-0.04754109892105385,-0.19782324204780388,-0.04976109892105396,-0.2070608828956821
113,0.800313873962777,0.4209916413866356,3.020463902882438,1.0,0.0,0.4663048799685501,0.789,0.42,3.005,0.569,0.4146899999999998,0.785,0.424,3.019,0.57,0.4226599999999996,688.9335768222809,24.379231214523315,212.85848927497864,-0.011313873962776944,-0.014136795988248928,-0.015313873962776947,-0.019134835045342725,-0.0009916413866356,-0.002355489489932376,0.0030083586133644036,0.007145886800639705,-0.015463902882438152,-0.005119711203196602,-0.0014639028824379174,-0.00048466160480875484,-0.0516148799685503,-0.11068912676194052,-0.04364487996855049,-0.09359730477513792
114,0.5984222797617399,0.35766100759148595,4.08674884452949,1.0,0.0,2.775986436267388,0.602,0.362,3.925,0.836,2.6376,0.599,0.371,4.012,0.838,2.7121119999999994,893.9932017326355,25.721252918243408,258.68551325798035,0.003577720238260085,0.005978587962474498,0.0005777202382600821,0.0009654056304355843,0.004338992408514042,0.012131577992616858,0.01333899240851405,0.037295070263151556,-0.16174884452949012,-0.039578856123249816,-0.07474884452949038,-0.018290540322669684,-0.1383864362673881,-0.04985126528696716,-0.06387443626738865,-0.023009635577785705
115,0.32205482671968894,0.560916060021516,1.1794276580262515,1.0,0.0,-0.015361262784304497,0.232,0.613,1.219,0.503,0.007314000000000043,0.315,0.561,1.236,0.5,0.0,151.76852226257324,24.06958842277527,107.0057737827301,-0.09005482671968892,-0.2796257632184818,-0.007054826719688934,-0.021905669887162832,0.05208393997848404,0.09285514124249923,8.39399784841044e-05,0.00014964802127591885,0.03957234197374859,0.03355215701823723,0.0565723419737485,0.04796592787082946,0.02267526278430454,-1.4761327309284225,0.015361262784304497,-1.0
116,0.6112615383346189,0.5553690920441284,1.3062989671689151,1.0,0.0,-0.12792611002623366,0.477,0.561,1.277,0.457,-0.10982199999999986,0.544,0.534,1.286,0.451,-0.12602800000000003,132.72457575798035,47.713457345962524,78.64908909797668,-0.13426153833461896,-0.21964663227530118,-0.0672615383346189,-0.11003724938734546,0.005630907955871622,0.01013903732947422,-0.0213690920441284,-0.03847727997515292,-0.029298967168915224,-0.02242899053377773,-0.020298967168915105,-0.015539296653436214,0.0181041100262338,-0.14152005421349254,0.0018981100262336348,-0.014837549784359045
117,0.5058973141624487,0.3652629742377,1.4768948100617365,1.0,0.0,-1.012481949467414,0.495,0.374,1.459,0.169,-0.965858,0.493,0.381,1.482,0.166,-0.989976,105.23334336280823,20.927150011062622,100.46960711479187,-0.010897314162448657,-0.02154056536253802,-0.012897314162448659,-0.02549393681561868,0.00873702576230001,0.023919823191863594,0.015737025762300016,0.043084097957486724,-0.017894810061736433,-0.012116509544094343,0.005105189938263477,0.0034567051786511946,0.046623949467413994,-0.04604916610309857,0.02250594946741402,-0.022228494522053065
118,0.6988441462272863,0.3797084042723151,0.6580495796850275,1.0,0.0,0.03769695087029823,0.663,0.365,0.668,0.53,0.040080000000000005,0.705,0.352,0.668,0.531,0.04141600000000001,42.561673402786255,45.40874719619751,55.11853861808777,-0.03584414622728627,-0.051290615254904935,0.00615585377271366,0.00880862178777066,-0.014708404272315123,-0.038736051419516936,-0.027708404272315135,-0.07297284958813692,0.009950420314972508,0.015121079964423398,0.009950420314972508,0.015121079964423398,0.0023830491297017753,0.0632159650763532,0.003719049129701779,0.09865649724556508
119,0.7116353272463196,0.26625706951928224,0.9254537651829392,1.0,0.0,-0.7710028314089958,0.807,0.245,0.922,0.088,-0.7597280000000001,0.76,0.247,0.924,0.088,-0.761376,26.629482984542847,24.676424503326416,142.4710464477539,0.09536467275368044,0.13400778334416735,0.04836467275368039,0.06796272037368915,-0.021257069519282246,-0.0798366389206534,-0.019257069519282244,-0.07232510127918934,-0.0034537651829391613,-0.0037319694542022183,-0.0014537651829391596,-0.001570867435664694,0.011274831408995767,-0.014623592741405613,0.009626831408995784,-0.012486116803751418
120,0.9348974610223557,0.39052493825354895,1.8613131746407212,1.0,0.0,0.1778951524662149,0.972,0.392,1.871,0.548,0.17961600000000022,0.941,0.398,1.874,0.549,0.18365200000000037,300.11231994628906,25.313999891281128,118.87680625915527,0.03710253897764426,0.03968621215108536,0.006102538977644234,0.006527495508406677,0.0014750617464510674,0.0037771256121251367,0.007475061746451073,0.019141061208229105,0.009686825359278783,0.005204296349080846,0.012686825359278897,0.00681606165589397,0.001720847533785319,0.009673380696037433,0.00575684753378547,0.03236090165457873
121,0.6465531758655814,1.0444722057260898,2.0909780567128613,1.0,0.0,0.525176574830323,0.608,0.993,1.991,0.617,0.46589400000000003,0.635,0.991,2.022,0.622,0.4933679999999998,201.28395295143127,25.780988216400146,140.34045004844666,-0.03855317586558138,-0.059628778118625464,-0.011553175865581355,-0.017868871883761753,-0.05147220572608979,-0.049280589223824924,-0.053472205726089794,-0.05119543194442146,-0.0999780567128612,-0.04781401526041478,-0.0689780567128615,-0.032988417306157196,-0.059282574830322954,-0.1128812244709816,-0.03180857483032318,-0.06056739076871445
122,0.3875082634626846,0.3626453978256956,1.669728059902296,1.0,0.0,-0.8984079532780002,0.405,0.402,1.633,0.238,-0.855692,0.423,0.402,1.67,0.231,-0.8984599999999999,184.24088096618652,39.66523814201355,100.95000863075256,0.01749173653731545,0.04513900266542272,0.03549173653731541,0.09158962500610807,0.03935460217430442,0.10852089233797499,0.03935460217430442,0.10852089233797499,-0.036728059902295884,-0.021996432104306272,0.0002719400977040376,0.00016286490251589243,0.04271595327800015,-0.04754627685801695,-5.2046721999765566e-05,5.793216968957577e-05
123,0.5729480521781338,0.9280203991584811,1.8222864874358529,1.0,0.0,-0.5110088749027055,0.561,0.938,1.757,0.369,-0.460334,0.594,0.925,1.788,0.364,-0.4863360000000001,181.07588934898376,33.27651834487915,122.51421976089478,-0.011948052178133772,-0.020853639579909128,0.021051947821866146,0.036743205150684306,0.009979600841518832,0.010753643832148762,-0.0030203991584810685,-0.0032546689288510617,-0.06528648743585297,-0.035826686904602945,-0.03428648743585283,-0.018815091739003944,0.0506748749027055,-0.09916633035454392,0.02467287490270542,-0.04828267397000308
124,0.8918405966506185,0.7503324120400863,1.8182015497965607,1.0,0.0,-0.8734668187086837,0.862,0.795,1.819,0.254,-0.894948,0.877,0.789,1.82,0.253,-0.89908,221.47505283355713,32.09068298339844,131.49787497520447,-0.029840596650618556,-0.03345956302358,-0.014840596650618543,-0.016640413888259445,0.04466758795991377,0.05953039911799441,0.03866758795991376,0.05153394327559444,0.0007984502034392715,0.00043914284614299796,0.0017984502034393834,0.000989136877394375,-0.021481181291316265,0.024593013530924534,-0.02561318129131629,0.029323588192144857
125,0.5764992513399765,0.39240983174056154,3.297342115126166,1.0,0.0,-0.23656223529080034,0.622,0.36,3.238,0.477,-0.1489480000000003,0.6,0.374,3.288,0.477,-0.15124800000000027,842.8440237045288,24.09117889404297,194.33084869384766,0.045500748660023516,0.07892594579136851,0.023500748660023496,0.04076457793379596,-0.03240983174056156,-0.08259179337277421,-0.018409831740561544,-0.046914807559493184,-0.05934211512616594,-0.017996954229875337,-0.009342115126166117,-0.002833225913474453,0.08761423529080004,-0.37036442094444166,0.08531423529080007,-0.36064182089725905
126,0.6119196922784407,0.9033560535828132,1.596623623129175,1.0,0.0,-0.324622562350642,0.557,0.957,1.596,0.396,-0.33196800000000004,0.609,0.921,1.604,0.396,-0.33363199999999993,157.71280241012573,27.811518907546997,122.96298694610596,-0.054919692278440624,-0.0897498364106423,-0.0029196922784406887,-0.004771365124023736,0.05364394641718673,0.059382948953990745,0.017643946417186807,0.01953155275509463,-0.0006236231291749661,-0.0003905886898709075,0.007376376870825041,0.004619984800405433,-0.007345437649358022,0.022627625129222614,-0.00900943764935791,0.027753578137388796
127,0.38714708749065563,0.5241611252740584,1.5129399761372238,1.0,0.0,0.2446967694084512,0.349,0.509,1.495,0.582,0.24517999999999995,0.403,0.491,1.531,0.59,0.27557999999999994,156.44389152526855,26.213030099868774,108.13429117202759,-0.03814708749065565,-0.09853383564864449,0.015852912509344397,0.04094803505328457,-0.01516112527405844,-0.028924551140894744,-0.033161125274058456,-0.06326513675870203,-0.017939976137223645,-0.011857691924452454,0.018060023862776164,0.01193703923990843,0.0004832305915487556,0.00197481394101342,0.030883230591548738,0.1262102097473875
128,0.3345128765341766,0.6356528106858743,2.372261677969319,1.0,0.0,-1.7614508219083824,0.318,0.563,2.257,0.139,-1.6295540000000002,0.31,0.615,2.439,0.126,-1.8243719999999999,193.95782899856567,20.616498231887817,207.7746925354004,-0.0165128765341766,-0.049363948871754444,-0.02451287653417661,-0.07327932122718203,-0.07265281068587437,-0.11429637290124058,-0.020652810685874323,-0.0324907092970922,-0.11526167796931874,-0.04858725284808545,0.0667383220306812,0.028132782589064924,0.13189682190838226,-0.07487965049485926,-0.06292117809161746,0.035721223271761686
129,0.4529199396212037,0.3926308003207715,1.042941932057426,1.0,0.0,0.3883746191529063,0.34,0.442,1.024,0.67,0.34816,0.388,0.424,1.04,0.678,0.3702400000000001,85.40173768997192,23.323742389678955,53.769583225250244,-0.11291993962120367,-0.24931545234162894,-0.06491993962120368,-0.14333645737809425,0.04936919967922848,0.12573949786643032,0.031369199679228466,0.0798949029306933,-0.018941932057426003,-0.018162019835619218,-0.002941932057425989,-0.0028208013955507557,-0.04021461915290625,-0.10354595066129546,-0.01813461915290615,-0.046693625841101635
130,0.9461298349822006,0.29074167169119813,3.5407039463627688,1.0,0.0,1.8857781582834323,0.939,0.3,3.633,0.765,1.92549,0.942,0.299,3.63,0.765,1.9238999999999997,943.9160010814667,25.811578273773193,237.2770185470581,-0.007129834982200656,-0.007535789189371444,-0.004129834982200653,-0.0043649770142576115,0.009258328308801855,0.03184382979896769,0.008258328308801854,0.028404350366304457,0.09229605363723126,0.026067147955717535,0.08929605363723114,0.025219858816199984,0.03971184171656761,0.021058596708276714,0.038121841716567406,0.020215443449227655
131,0.28248713009949344,0.28785522562638305,2.1931672066730536,1.0,0.0,0.9057727636936419,0.243,0.284,2.106,0.706,0.8676719999999998,0.25,0.287,2.161,0.711,0.9119419999999998,379.7119164466858,25.138184309005737,168.0401632785797,-0.03948713009949345,-0.13978381983485716,-0.032487130099493444,-0.11500392987125221,-0.003855225626383074,-0.013392932568772959,-0.0008552256263830715,-0.0029710269268937908,-0.08716720667305378,-0.039744897884590805,-0.03216720667305362,-0.014667010602374441,-0.038100763693642126,-0.042064373340473825,0.006169236306357906,0.006811019886710258
132,0.3559050857860229,1.5233204415905874,3.455761591583677,1.0,0.0,0.8870907631859328,0.33,1.521,3.327,0.625,0.8317499999999995,0.358,1.526,3.428,0.632,0.904992,276.3634743690491,23.783307313919067,329.2962040901184,-0.025905085786022908,-0.07278650072901052,0.0020949142139770616,0.005886159815194562,-0.0023204415905875297,-0.0015232787056705035,0.0026795584094125857,0.0017590247831340746,-0.12876159158367706,-0.03725997531116413,-0.02776159158367708,-0.008033422112014021,-0.055340763185933284,-0.062384555766515117,0.01790123681406719,0.020179712783589338
133,0.9047094018255787,0.41632345636435397,1.693504758420568,1.0,0.0,-0.3465444790235104,0.914,0.428,1.67,0.398,-0.34067999999999987,0.919,0.428,1.671,0.398,-0.34088399999999996,203.90960144996643,20.275322198867798,112.07563042640686,0.00929059817442135,0.010269151791364393,0.014290598174421354,0.015795788289128972,0.01167654363564602,0.028046807013023676,0.01167654363564602,0.028046807013023676,-0.023504758420568095,-0.013879357766015135,-0.022504758420567983,-0.013288866363479748,0.005864479023510505,-0.016922731073469633,0.005660479023510412,-0.016334062050160067
134,0.367316791000001,0.4260346739767526,2.307909259932738,1.0,0.0,0.74748412757602,0.336,0.43,2.277,0.656,0.7104240000000002,0.355,0.43,2.336,0.657,0.7335039999999999,318.9287540912628,21.388150453567505,134.8869547843933,-0.031316791000000954,-0.08525826144441317,-0.012316791000000993,-0.03353179408561521,0.003965326023247395,0.00930751947073625,0.003965326023247395,0.00930751947073625,-0.030909259932737854,-0.013392753549434902,0.028090740067261866,0.012171509753412293,-0.03706012757601984,-0.04957981876645372,-0.013980127576020074,-0.01870290894517794
135,0.4387878885703811,0.2714288263319705,1.700998287623204,1.0,0.0,-1.3742051615097322,0.359,0.212,1.592,0.108,-1.2481280000000001,0.251,0.249,1.638,0.104,-1.297296,98.56342339515686,21.410287618637085,146.29659795761108,-0.0797878885703811,-0.1818370348150191,-0.1877878885703811,-0.4279696260127292,-0.059428826331970525,-0.218948101920782,-0.02242882633197052,-0.08263244046356,-0.10899828762320385,-0.06407901078813347,-0.06299828762320403,-0.037036067632514325,0.12607716150973203,-0.09174551591060892,0.07690916150973215,-0.05596628775956426
136,0.36466960736072557,0.4263977407775156,1.9629556357880007,1.0,0.0,1.4096414338735166,0.368,0.358,1.953,0.856,1.3905359999999998,0.325,0.409,2.073,0.866,1.517436,166.420152425766,20.918229341506958,124.71917343139648,0.0033303926392744265,0.009132630117924945,-0.039669607360725556,-0.10878232394476732,-0.06839774077751559,-0.1604083095111987,-0.017397740777515602,-0.04080167203933038,-0.009955635788000627,-0.005071757917750433,0.11004436421199926,0.05606054574321722,-0.01910543387351682,-0.013553399761397123,0.10779456612648342,0.0764694932599119
137,0.2407059020649897,0.9693134391439505,1.9223898551644796,1.0,0.0,-0.5574022397673282,0.23,1.0,1.79,0.365,-0.48330000000000006,0.282,0.971,1.842,0.355,-0.5341800000000001,139.23688316345215,22.210395097732544,144.8540289402008,-0.010705902064989697,-0.04447710659832156,0.041294097935010265,0.17155415625770992,0.030686560856049483,0.03165803713930793,0.0016865608560494572,0.001739954062267974,-0.13238985516447954,-0.06886732928225543,-0.0803898551644795,-0.041817665104980146,0.0741022397673281,-0.13294212775007863,0.023222239767328068,-0.041661547282302876
138,0.8346972232269374,1.0249812138833796,2.788119067193246,1.0,0.0,-0.3564680306336969,0.855,0.997,2.843,0.423,-0.43782200000000016,0.85,1.005,2.863,0.422,-0.446628,330.94947028160095,28.783753156661987,155.06618094444275,0.02030277677306258,0.02432352259969441,0.015302776773062576,0.0183333265610997,-0.027981213883379596,-0.027299245590430152,-0.0199812138833797,-0.01949422449185798,0.05488093280675388,0.01968385548971609,0.0748809328067539,0.026857150287392606,-0.08135396936630324,0.22822234359047414,-0.0901599693663031,0.2529258211627696
139,0.48632924755720613,0.7934052316319993,1.3674401952240627,1.0,0.0,-0.3819910956989292,0.442,0.882,1.373,0.395,-0.28833,0.494,0.856,1.398,0.387,-0.3159479999999999,94.00396656990051,24.461328744888306,90.4641215801239,-0.04432924755720613,-0.09115069221081908,0.00767075244279386,0.01577275576437866,0.08859476836800073,0.11166395788160513,0.06259476836800071,0.07889381853362128,0.005559804775937316,0.004065848579963902,0.030559804775937227,0.022348183768965364,0.09366109569892922,-0.2451918297403176,0.0660430956989293,-0.1728917151277839
140,0.6390436714694413,0.12437727470708315,0.4319401582623277,1.0,0.0,-0.1480898475066833,0.607,0.129,0.429,0.339,-0.13813799999999998,,,,,,13.12334156036377,39.14292883872986,0.0,-0.032043671469441315,-0.05014316376181127,,,0.004622725292916852,0.03716696079572157,,,-0.0029401582623276856,-0.006806864807745097,,,0.00995184750668332,-0.06720141639847521,,
141,0.134138067871314,0.1010366621212233,2.4448896569419727,1.0,0.0,-1.2962449527857023,0.042,0.098,2.424,0.25,-1.212,-0.012,0.105,2.463,0.248,-1.241352,451.30954480171204,22.509283781051636,197.96407985687256,-0.09213806787131398,-0.6868897795643447,-0.146138067871314,-1.0894600629816158,-0.003036662121223291,-0.03005505187394174,0.0039633378787767015,0.03922673013506234,-0.020889656941972756,-0.008544212571172308,0.01811034305802739,0.007407427573103444,0.08424495278570232,-0.06499153775268729,0.054892952785702276,-0.04234766944915332
142,0.9250509683744959,0.2374362439222452,3.0748523834165247,1.0,0.0,0.8382377007320878,0.991,0.227,3.012,0.624,0.7469760000000001,0.954,0.23,3.013,0.624,0.7472240000000001,769.9870960712433,20.583531141281128,175.17662572860718,0.06594903162550414,0.07129232213160114,0.028949031625504107,0.03129452604797927,-0.01043624392224518,-0.04395387894386843,-0.007436243922245178,-0.03131890818101205,-0.06285238341652466,-0.020440780752761935,-0.06185238341652477,-0.02011556188847006,-0.09126170073208772,-0.10887329531036712,-0.0910137007320877,-0.10857743651066933
143,0.6552269298013039,0.8650868892549723,1.3066426172335461,1.0,0.0,0.957256241558682,0.653,0.779,1.257,0.859,0.9025259999999997,0.649,0.805,1.293,0.863,0.9387179999999999,58.76961040496826,28.780458688735962,188.39805722236633,-0.0022269298013039007,-0.0033987153152865864,-0.006226929801303904,-0.009503470504779477,-0.08608688925497232,-0.09951241930057665,-0.0600868892549723,-0.0694576348356408,-0.04964261723354624,-0.03799249816193102,-0.013642617233546206,-0.010440970662988682,-0.054730241558682335,-0.05717407647252958,-0.01853824155868211,-0.019366017951992297
144,0.579805104657232,0.7433575489286764,1.2407011273288588,1.0,0.0,0.4883188843117443,0.548,0.817,1.258,0.695,0.49061999999999983,0.582,0.806,1.283,0.702,0.5183319999999998,81.44087219238281,20.88452172279358,77.32033920288086,-0.031805104657231964,-0.05485482001065589,0.002194895342767955,0.003785574368244876,0.0736424510713235,0.09906733465942018,0.0626424510713236,0.08426961044735957,0.017298872671141163,0.013942820144271492,0.042298872671141075,0.034092717205962034,0.0023011156882555284,0.004712321727018218,0.030013115688255487,0.061462123732030444
145,0.5622978476331694,0.30547709869561646,0.48041937845106447,1.0,0.0,0.17011035908588573,0.233,0.178,0.49,0.671,0.16758000000000006,,,,,,17.7639057636261,21.33008909225464,0.0,-0.3292978476331694,-0.585628860254852,,,-0.12747709869561646,-0.4173049280615213,,,0.00958062154893552,0.019942204620939125,,,-0.0025303590858856695,-0.01487480891512395,,
146,0.7858752858136231,0.11935200977695215,2.4878372595821716,1.0,0.0,-0.7703118607450736,0.929,0.119,2.509,0.355,-0.7276100000000001,0.909,0.121,2.511,0.355,-0.7281900000000001,605.0652101039886,23.07649326324463,154.60322618484497,0.14312471418637696,0.182121408790962,0.12312471418637694,0.15667207813884224,-0.00035200977695215574,-0.00294934100908732,0.001647990223047846,0.013807812923533077,0.021162740417828285,0.008506481015314697,0.02316274041782851,0.009310392120149634,0.04270186074507354,-0.05543451025636649,0.042121860745073514,-0.05468156845505626
147,0.3030694022006536,0.1966428078160215,1.7515133182847265,1.0,0.0,-0.5931952153650233,0.378,0.206,1.725,0.349,-0.52095,0.386,0.206,1.735,0.348,-0.5274400000000001,242.04585194587708,21.540192127227783,117.50661182403564,0.07493059779934641,0.2472390721572645,0.08293059779934642,0.273635666276995,0.009357192183978486,0.04758471610481198,0.009357192183978486,0.04758471610481198,-0.02651331828472636,-0.01513737749404675,-0.016513318284726353,-0.00942802895778035,0.07224521536502326,-0.1217899495709302,0.06575521536502316,-0.11084920050233484
148,0.4256199231234425,0.10820217809661327,4.038185211281268,1.0,0.0,-1.7213959855841288,0.472,0.103,4.103,0.277,-1.8299379999999998,0.445,0.106,4.136,0.276,-1.852928,2100.9154517650604,36.87191367149353,236.6146740913391,0.046380076876557486,0.10897064342334811,0.019380076876557517,0.04553376339701259,-0.005202178096613275,-0.04807831217564097,-0.002202178096613272,-0.02035243777298971,0.06481478871873136,0.016050474489793496,0.09781478871873173,0.0242224622202745,-0.10854201441587108,0.06305464595297,-0.13153201441587115,0.07641008548723774
149,0.7094940818831077,0.17774185372794557,0.7638424467273143,1.0,0.0,0.058091962243173256,0.617,0.213,0.774,0.521,0.03250799999999998,0.698,0.199,0.773,0.52,0.03092000000000006,51.85170888900757,21.005598783493042,50.04549026489258,-0.0924940818831077,-0.13036624863397595,-0.011494081883107743,-0.01620039148543799,0.035258146272054425,0.19836715738332003,0.02125814627205444,0.11960124093559014,0.010157553272685749,0.013297969124661534,0.009157553272685748,0.011988798621916494,-0.025583962243173275,-0.44040451131739494,-0.027171962243173198,-0.4677404789569893
150,0.4975855372450659,0.04745168072357426,1.9859654484376066,1.0,0.0,-0.7481736196161497,0.532,0.072,2.028,0.314,-0.754416,0.472,0.075,2.033,0.314,-0.756276,362.39529943466187,25.87304162979126,236.58835220336914,0.03441446275493415,0.0691629080408434,-0.025585537245065904,-0.05141937482090596,0.024548319276425735,0.5173329775067376,0.027548319276425738,0.5805551849028517,0.04203455156239344,0.02116580205132106,0.047034551562393334,0.02368346921614182,-0.006242380383850277,0.008343491697893503,-0.00810238038385025,0.010829545671507602
151,0.38348235711207285,0.31672014360825895,1.0745165897012598,1.0,0.0,-0.816588758452663,0.463,0.316,1.072,0.122,-0.810432,0.443,0.328,1.092,0.12,-0.82992,44.678011655807495,20.615527629852295,86.58859658241272,0.07951764288792718,0.2073567177555658,0.05951764288792716,0.15520307983955858,-0.0007201436082589496,-0.002273753731147812,0.011279856391741061,0.035614584734758,-0.002516589701259786,-0.002342066865584137,0.017483410298740232,0.01627095427498334,0.006156758452662947,-0.007539607163254684,-0.013331241547337003,0.01632552666117777
152,0.8546983944618726,0.7456005888187792,1.7527872082087697,1.0,0.0,-0.383029037222671,0.81,0.759,1.778,0.38,-0.42672,0.842,0.741,1.776,0.379,-0.42979199999999995,172.39030694961548,21.923510313034058,110.74109935760498,-0.044698394461872515,-0.052297272057022066,-0.012698394461872597,-0.014857164286435387,0.013399411181220788,0.017971299087154505,-0.004600588818779228,-0.006170312748904516,0.02521279179123037,0.014384399699605376,0.02321279179123037,0.013243359879920778,-0.04369096277732898,0.11406697281785864,-0.04676296277732894,0.12208725248718846
153,0.7286803588329938,1.5732190559355717,1.023342198198368,1.0,0.0,-0.5241047644757779,0.742,1.584,1.023,0.25,-0.5115,0.741,1.623,1.047,0.244,-0.536064,38.98091697692871,21.825969696044922,78.36807751655579,0.013319641167006235,0.018279127474134325,0.012319641167006234,0.016906783636568105,0.010780944064428422,0.0068527927015333175,0.049780944064428345,0.03164272888547254,-0.00034219819836800447,-0.00033439273682885073,0.023657801801632017,0.023118172829462578,0.012604764475777963,-0.024050085651073118,-0.011959235524222067,0.02281840642334931
154,0.5060994392983204,1.0435796098137597,2.2927336006591537,1.0,0.0,-1.2495572422994987,0.466,1.006,2.221,0.239,-1.159362,0.491,1.019,2.308,0.229,-1.2509359999999998,181.32711458206177,22.364757776260376,141.43695068359375,-0.04009943929832033,-0.07923233298562046,-0.01509943929832036,-0.0298349259569521,-0.03757960981375974,-0.0360102951996794,-0.02457960981375984,-0.02355317177780657,-0.07173360065915357,-0.03128736833556694,0.01526639934084617,0.006658601477492688,0.09019524229949871,-0.07218176106403644,-0.0013787577005011098,0.0011033969904122598
155,0.3478203263564084,0.09500512986984107,1.315982353158706,1.0,0.0,-0.8476577644436596,0.386,0.071,1.298,0.181,-0.8281240000000001,0.534,0.064,1.298,0.182,-0.825528,94.49304628372192,23.731199502944946,128.4245319366455,0.038179673643591594,0.10976837967907954,0.18617967364359161,0.5352754268099184,-0.024005129869841074,-0.2526719336390423,-0.031005129869841067,-0.3263521655337845,-0.017982353158706,-0.013664585330907813,-0.017982353158706,-0.013664585330907813,0.019533764443659507,-0.023044399830962486,0.02212976444365955,-0.026106956571304345
156,0.0806252929872907,0.1150967114076816,2.3828564162904917,1.0,0.0,-0.7322155821440532,0.181,0.123,2.329,0.348,-0.7080160000000002,0.141,0.129,2.356,0.348,-0.716224,491.5435378551483,34.13687324523926,166.53410649299622,0.1003747070127093,1.2449530822608208,0.06037470701270929,0.7488308541368824,0.007903288592318397,0.0686665022454406,0.013903288592318402,0.12079657552570604,-0.05385641629049154,-0.022601620442717414,-0.026856416290491847,-0.011270681735956434,0.024199582144053045,-0.03304980491290899,0.015991582144053273,-0.021839991573557024
157,0.44727009748519175,0.24956590269555917,1.3082660997207114,1.0,0.0,-0.33340627049655236,0.224,0.239,1.307,0.368,-0.345048,0.316,0.217,1.311,0.37,-0.34086000000000005,140.12534427642822,21.626854419708252,109.7837085723877,-0.22327009748519175,-0.4991840472692986,-0.13127009748519175,-0.2934917809691891,-0.010565902695559182,-0.042337124508744814,-0.032565902695559173,-0.13049019254559674,-0.0012660997207114555,-0.0009677692642053038,0.002733900279288548,0.0020897126967305665,-0.011641729503447662,0.03491754814961719,-0.0074537295034476925,0.022356296695759864
158,0.713170493100896,0.371598030410454,1.3151424537790002,1.0,0.0,-0.02856955639472436,0.67,0.357,1.302,0.499,-0.0026040000000000507,0.707,0.35,1.307,0.498,-0.00522800000000001,138.99210667610168,19.677356243133545,75.93695521354675,-0.043170493100895935,-0.060533201413295684,-0.006170493100896013,-0.008652199103283765,-0.014598030410454044,-0.03928446658968988,-0.02159803041045405,-0.058122026068323424,-0.01314245377900014,-0.009993178869130044,-0.008142453779000247,-0.0061913093563387665,0.02596555639472431,-0.9088540275521777,0.02334155639472435,-0.8170080092330236
159,0.7101935312415082,0.13744290092297973,1.9002330039521322,1.0,0.0,0.5094540823636324,0.795,0.168,1.977,0.636,0.5377440000000002,0.802,0.168,1.977,0.636,0.5377440000000002,333.0267882347107,21.42507314682007,108.32220530509949,0.08480646875849185,0.11941318109479174,0.09180646875849185,0.12926964935600374,0.030557099077020283,0.22232577217024746,0.030557099077020283,0.22232577217024746,0.07676699604786785,0.0403987278866364,0.07676699604786785,0.0403987278866364,0.02828991763636779,0.05552986739278954,0.02828991763636779,0.05552986739278954
160,0.2250517234915565,0.4177698513392397,4.568906280437601,1.0,0.0,2.637606202590643,0.222,0.391,4.456,0.788,2.566656000000001,0.221,0.421,4.763,0.796,2.8196960000000004,1090.8309712409973,25.874511241912842,279.7906985282898,-0.003051723491556496,-0.01356009829300859,-0.004051723491556497,-0.018003521273670716,-0.026769851339239703,-0.06407798756522022,0.003230148660760268,0.00773188551161703,-0.11290628043760087,-0.024711883656056723,0.19409371956239863,0.04248144033801645,-0.07095020259064189,-0.026899467600946258,0.1820897974093576,0.06903600591722524
161,0.45183941857754045,0.5922005715275755,1.2938910066813067,1.0,0.0,-0.29668233550980794,0.349,0.617,1.285,0.394,-0.2724199999999999,0.412,0.591,1.322,0.377,-0.32521200000000006,127.78020763397217,34.54541254043579,108.8460545539856,-0.10283941857754048,-0.22760169730497326,-0.039839418577540475,-0.08817163120243261,0.024799428472424445,0.04187673849833438,-0.001200571527575578,-0.002027305587494986,-0.008891006681306823,-0.006871526763379639,0.02810899331869332,0.021724390364834444,0.024262335509808053,-0.081778834146349,-0.02852966449019212,0.0961623294530421
162,0.6374687447312408,0.7244105040112102,1.4326857270949656,1.0,0.0,-0.9948819450244212,0.601,0.664,1.401,0.158,-0.958284,0.617,0.668,1.427,0.154,-0.987484,96.13846921920776,25.361276388168335,98.51169013977051,-0.03646874473124084,-0.057208678908039955,-0.02046874473124083,-0.03210940912855347,-0.060410504011210175,-0.08339263950026231,-0.05641050401121017,-0.07787090841291448,-0.03168572709496553,-0.022116313784471202,-0.005685727094965509,-0.003968579422155876,0.03659794502442115,-0.03678621891517268,0.007397945024421149,-0.007436002896041653
163,0.18174829381750346,0.31618342887980544,0.6889215180424224,1.0,0.0,-0.16092995108296593,0.204,0.338,0.708,0.391,-0.15434399999999993,0.225,0.337,0.713,0.389,-0.15828599999999993,57.21853256225586,27.182048797607422,62.12007260322571,0.022251706182496528,0.12243144469262442,0.043251706182496547,0.23797585811686528,0.021816571120194583,0.06899972967428339,0.020816571120194582,0.0658370085805725,0.019078481957577553,0.02769325889513403,0.024078481957577558,0.03495097965004317,0.006585951082966002,-0.040924334088504606,0.0026439510829660007,-0.01642920454007307
164,0.9080681465023565,0.1553366201698383,2.9176732265581644,1.0,0.0,-2.153243435489428,0.869,0.164,2.877,0.129,-2.134734,0.826,0.169,2.881,0.129,-2.137702,502.3007140159607,25.923222303390503,211.00973987579346,-0.03906814650235646,-0.04302336410856041,-0.0820681465023565,-0.09037663838166966,0.008663379830161716,0.055771651402544704,0.01366337983016172,0.08795981150628085,-0.04067322655816463,-0.013940295365476838,-0.03667322655816463,-0.012569339919339161,0.01850943548942796,-0.008596071946329099,0.01554143548942788,-0.007217686227797714
165,0.5074065110137032,0.6897316287692957,1.853114272711838,1.0,0.0,0.3225561810935422,0.496,0.742,1.855,0.593,0.34502999999999995,0.531,0.736,1.9,0.596,0.3647999999999998,233.14508652687073,22.971277952194214,122.74129676818848,-0.011406511013703158,-0.022480024923044614,0.023593488986296873,0.04649819912472448,0.05226837123070427,0.07578073710200581,0.046268371230704264,0.06708170149201655,0.0018857272881620535,0.0010175990309558675,0.04688572728816198,0.025301044829550447,0.02247381890645772,0.06967412259863112,0.042243818906457564,0.13096577087204148
166,0.8518622419085482,0.17887634106501568,0.7243884622450534,1.0,0.0,-0.46171615632267016,0.882,0.195,0.738,0.184,-0.466416,0.974,0.184,0.737,0.185,-0.46431,33.100491523742676,35.072203636169434,60.01794362068176,0.030137758091451805,0.035378675810222436,0.12213775809145178,0.14337735854779662,0.016123658934984325,0.09013857751665383,0.005123658934984315,0.028643580836227152,0.013611537754946612,0.018790384530368135,0.012611537754946611,0.017409909754581725,-0.00469984367732984,0.010179075635476261,-0.0025938436773298434,0.005617831738851124
167,0.48578702542626273,1.3910548563124234,1.4107461724430623,1.0,0.0,0.850126119757139,0.438,1.357,1.37,0.775,0.7535000000000003,0.468,1.388,1.443,0.789,0.8340540000000001,76.01710200309753,24.844656944274902,95.80367803573608,-0.04778702542626273,-0.09837032058303971,-0.017787025426262704,-0.036614863088727315,-0.03405485631242344,-0.024481318014086213,-0.003054856312423526,-0.002196071778593771,-0.04074617244306222,-0.028882709901314113,0.03225382755693773,0.022862955921462542,-0.09662611975713875,-0.11366092337539582,-0.01607211975713896,-0.01890557104836443
168,0.575893626048489,1.1786261401277773,0.7359931662419245,1.0,0.0,-0.10147918578121362,0.604,1.231,0.759,0.421,-0.11992199999999997,0.617,1.223,0.767,0.418,-0.125788,39.14499354362488,37.19028306007385,53.652032136917114,0.028106373951510943,0.0488048012344982,0.041106373951510955,0.07137841450610166,0.05237385987222276,0.044436363736633906,0.044373859872222754,0.037648800040538805,0.02300683375807555,0.03125957524245965,0.031006833758075558,0.042129241384672673,-0.018442814218786352,0.18173987184474028,-0.02430881421878639,0.2395448291356568
169,0.5233114155762302,0.22745505551634598,2.2498367345217467,1.0,0.0,-0.4058908434435389,0.559,0.242,2.256,0.416,-0.379008,0.554,0.245,2.271,0.416,-0.3815280000000001,515.5288279056549,31.90080738067627,157.21658182144165,0.035688584423769876,0.06819760349479928,0.03068858442376987,0.058643063213092664,0.01454494448365401,0.0639464550508034,0.017544944483654012,0.07713587391506957,0.006163265478253077,0.00273942788100276,0.0211632654782532,0.00940657833233927,0.026882843443538862,-0.06623170706554354,0.024362843443538784,-0.06002314128805362
170,0.40700147732391245,0.3499386238230797,1.7236302574854168,1.0,0.0,-0.5079130612928151,0.396,0.365,1.68,0.363,-0.46032000000000006,0.422,0.361,1.706,0.361,-0.47426800000000013,244.4206326007843,24.93441343307495,101.5470974445343,-0.011001477323912434,-0.027030558700299016,0.014998522676087533,0.036851273304226724,0.015061376176920271,0.04304005088770918,0.011061376176920268,0.03160947498756989,-0.043630257485416823,-0.02531300277187549,-0.0176302574854168,-0.010228561148106885,0.04759306129281504,-0.09370316481264368,0.03364506129281497,-0.06624177217883825
171,0.34984369979611196,0.1857870735586389,1.9975849970552304,1.0,0.0,0.5713130100592878,0.324,0.173,1.913,0.633,0.5088580000000003,0.31,0.176,1.934,0.634,0.5183120000000001,385.56566190719604,26.458929777145386,135.6753795146942,-0.025843699796111952,-0.07387213150093483,-0.039843699796111964,-0.11389000236200558,-0.012787073558638923,-0.06882649752595954,-0.00978707355863892,-0.05267898014201662,-0.08458499705523037,-0.04234362852140089,-0.06358499705523046,-0.031830934427804186,-0.06245501005928755,-0.10931837532074809,-0.0530010100592877,-0.09277052881009579
172,0.12817133806736083,0.3149762147121612,1.859179551232609,1.0,0.0,0.12254762581792167,0.074,0.274,1.736,0.555,0.19096000000000024,0.097,0.275,1.789,0.55,0.17890000000000006,286.8137996196747,31.991875886917114,136.1950786113739,-0.05417133806736084,-0.4226478312872955,-0.031171338067360832,-0.24320053560631974,-0.040976214712161174,-0.13009304448466688,-0.03997621471216117,-0.12691820158132625,-0.12317955123260904,-0.06625479026538496,-0.0701795512326091,-0.037747592041920366,0.06841237418207857,0.5582513224999074,0.05635237418207839,0.4598406032427376
173,0.6031438554208232,0.5504609984805577,1.2237677852445743,1.0,0.0,0.25439561786278,0.539,0.554,1.196,0.594,0.22484799999999994,0.587,0.547,1.211,0.596,0.23251200000000005,119.38460230827332,24.702701568603516,78.95793461799622,-0.06414385542082313,-0.10634918161616506,-0.016143855420823194,-0.026766177381612164,0.0035390015194423086,0.006429159430388429,-0.0034609984805576977,-0.0062874544974323735,-0.02776778524457435,-0.02269040383263959,-0.012767785244574226,-0.010433176455958546,-0.02954761786278004,-0.11614829732923274,-0.021883617862779925,-0.08602199222859203
174,0.30318159313072596,0.31983363083760735,1.2849070063806178,1.0,0.0,-0.8454788951010896,0.184,0.28,1.251,0.179,-0.803142,0.174,0.288,1.286,0.172,-0.843616,82.75379967689514,25.520187854766846,89.02554678916931,-0.11918159313072596,-0.39310299777776153,-0.12918159313072597,-0.426086530507231,-0.039833630837607326,-0.12454484768624127,-0.031833630837607374,-0.09953184333441974,-0.03390700638061794,-0.026388685105024588,0.0010929936193821987,0.0008506402517494172,0.04233689510108962,-0.050074455254175934,0.0018628951010896122,-0.0022033608548760702
175,0.4224050042707266,0.9860936625049976,2.777421129909385,1.0,0.0,-0.9729918901485637,0.376,0.964,2.707,0.336,-0.8878959999999998,0.397,0.978,2.819,0.331,-0.9528219999999998,273.68995928764343,29.76992106437683,204.4852967262268,-0.04640500427072658,-0.1098590305549146,-0.02540500427072656,-0.06014371045292839,-0.02209366250499767,-0.02240523729649839,-0.008093662504997656,-0.008207802983376984,-0.0704211299093851,-0.025354862160094038,0.041578870090615005,0.014970315319798673,0.08509589014856389,-0.08745796446008487,0.02016989014856385,-0.020729761833353167
176,0.3831036842976271,1.1221984843799422,0.957937165557059,1.0,0.0,0.07674841175723013,0.353,1.159,0.982,0.554,0.10605600000000015,0.377,1.144,0.999,0.558,0.11588400000000021,45.88752460479736,29.171067714691162,85.44302153587341,-0.03010368429762711,-0.0785784254537214,-0.006103684297627088,-0.015932199422246312,0.036801515620057845,0.03279412343921681,0.02180151562005772,0.01942750406769966,0.024062834442940995,0.02511942881864072,0.04106283444294101,0.0428658955089838,0.029307588242770022,0.3818657294886507,0.03913558824277008,0.5099204966815915
177,0.5733335455611798,0.4244949059116962,1.8440227192818137,1.0,0.0,-0.19733991485571,0.509,0.478,1.784,0.458,-0.149856,0.564,0.459,1.804,0.454,-0.1659679999999999,231.78929710388184,22.01177191734314,102.72018265724182,-0.06433354556117976,-0.11220963095436878,-0.009333545561179823,-0.016279433906216206,0.053505094088303784,0.126044137027722,0.03450509408830382,0.08128506045130635,-0.060022719281813686,-0.03254988057044686,-0.04002271928181367,-0.02170402721361329,0.04748391485571002,-0.24061992167387458,0.031371914855710115,-0.15897399610539242
178,0.6124035793269956,0.4493566285838018,0.7626361008581354,1.0,0.0,-0.09037557436509602,0.631,0.489,0.773,0.44,-0.09275999999999995,0.659,0.485,0.776,0.439,-0.09467199999999998,46.61191773414612,27.977932691574097,75.94428563117981,0.018596420673004377,0.03036628344569935,0.0465964206730044,0.07608776670477956,0.03964337141619817,0.08822251391091912,0.035643371416198166,0.07932089825520607,0.010363899141864641,0.013589573231850612,0.013363899141864644,0.017523297319425715,-0.0023844256349039306,0.026383518463422573,-0.004296425634903955,0.047539677231232945
179,0.136020638623241,0.130660649308553,2.3650298045844043,1.0,0.0,-0.8294802577199458,0.131,0.148,2.317,0.331,-0.7831459999999999,0.115,0.154,2.353,0.331,-0.7953140000000001,555.4616425037384,28.493186473846436,170.46966242790222,-0.005020638623241008,-0.03691085907299337,-0.02102063862324101,-0.15454006712514684,0.017339350691446986,0.13270522367067372,0.02333935069144699,0.17862570571137676,-0.04802980458440409,-0.020308329515045645,-0.012029804584404058,-0.005086534030600938,0.046334257719945926,-0.05585938578852781,0.03416625771994575,-0.04118995889529799
180,0.9298472938367202,0.03331626373710308,1.3721393632161774,1.0,0.0,-0.06839815447983599,0.783,0.045,1.383,0.475,-0.06915000000000004,0.68,0.044,1.382,0.475,-0.06910000000000016,219.72831201553345,30.535053730010986,154.27083086967468,-0.14684729383672013,-0.15792624747102432,-0.2498472938367201,-0.26869712424048087,0.01168373626289692,0.35069167284461067,0.010683736262896919,0.32067630233695266,0.010860636783822653,0.007915112032327568,0.00986063678382254,0.007186323086534046,-0.0007518455201640517,0.010992190153108565,-0.0007018455201641682,0.01026117627736688
181,0.4894393801618706,0.5209731928204552,2.1325489878677772,1.0,0.0,-0.9885549494119665,0.47,0.495,2.027,0.293,-0.8391780000000002,0.495,0.491,2.075,0.286,-0.8881000000000001,294.09218287467957,25.578407049179077,129.3974747657776,-0.019439380161870634,-0.03971764624955498,0.005560619838129388,0.011361202354192143,-0.025973192820455182,-0.04985514260309823,-0.029973192820455186,-0.05753308084468936,-0.10554898786777711,-0.04949428522779679,-0.05754898786777707,-0.026986009791651847,0.14937694941196633,-0.1511063694545477,0.10045494941196642,-0.10161797224496341
182,0.8347884981411985,0.12317263752646408,2.98139489870229,1.0,0.0,-1.3986318683487315,0.924,0.143,2.947,0.284,-1.2731040000000002,0.865,0.146,2.946,0.283,-1.2785640000000003,821.1083428859711,25.192225694656372,212.57362914085388,0.08921150185880156,0.10686719098004639,0.030211501858801504,0.036190606274610466,0.019827362473535906,0.16097213530298826,0.02282736247353591,0.18532819408556847,-0.03439489870228973,-0.011536512226964895,-0.03539489870228962,-0.01187192569414268,0.1255278683487313,-0.08975047057731741,0.12006786834873129,-0.08584665562531987
183,0.9106627488039291,0.9990875996971181,1.0695219015952848,1.0,0.0,-0.8369706812492296,0.932,1.033,1.095,0.11,-0.8541,0.898,1.063,1.103,0.109,-0.862546,36.04457187652588,21.472842931747437,91.94995403289795,0.021337251196070994,0.02343046448764429,-0.012662748803929036,-0.013904981641733321,0.033912400302881784,0.0339433702441734,0.06391240030288181,0.06397076725029657,0.025478098404715155,0.023821951066838706,0.03347809840471516,0.03130192879152795,-0.017129318750770395,0.020465852788539553,-0.02557531875077046,0.030557006743172584
184,0.295572996250979,0.6604429173253781,3.082812010397586,1.0,0.0,0.7557176621409152,0.276,0.69,3.021,0.63,0.78546,0.295,0.701,3.178,0.63,0.8262799999999997,428.7588002681732,31.076636791229248,173.150559425354,-0.01957299625097897,-0.06622051574142791,-0.0005729962509790076,-0.0019385947236278008,0.02955708267462187,0.044753425162496044,0.04055708267462188,0.06140891454914455,-0.061812010397586103,-0.020050528604763772,0.09518798960241392,0.0308770010241843,0.029742337859084866,0.03935641490080584,0.0705623378590845,0.0933712964431511
185,0.2649842815009426,0.3252693205331351,1.7553474466755656,1.0,0.0,-1.065021869853662,0.165,0.333,1.681,0.21,-0.9749800000000001,0.205,0.328,1.721,0.204,-1.0188320000000002,154.21017050743103,25.760857105255127,118.16253161430359,-0.0999842815009426,-0.3773215563376235,-0.05998428150094262,-0.22636920635886565,0.007730679466864898,0.02376701083949101,0.0027306794668648937,0.008395133799859,-0.07434744667556559,-0.0423548322677493,-0.03434744667556555,-0.019567320840450035,0.09004186985366192,-0.08454462054007775,0.0461898698536618,-0.043369879211971926
186,0.11033135442007476,0.7665426368010572,1.0309021401255507,1.0,0.0,-0.44713989038264346,-0.051,0.778,1.028,0.293,-0.4255920000000001,0.02,0.734,1.054,0.28,-0.46375999999999995,45.78544855117798,22.64622139930725,92.55981969833374,-0.16133135442007476,-1.4622439402476923,-0.09033135442007476,-0.8187278665695323,0.01145736319894286,0.01494680484670342,-0.03254263680105718,-0.042453785658765716,-0.0029021401255506785,-0.002815146086705412,0.023097859874449345,0.022405482514214512,0.021547890382643375,-0.04819048992520797,-0.016620109617356493,0.03716982084316768
187,0.48240830792199574,0.4135445221637426,1.3133683022938722,1.0,0.0,0.4107006190271687,0.451,0.403,1.291,0.644,0.3718079999999999,0.474,0.4,1.313,0.653,0.40177799999999997,121.16852402687073,21.181695222854614,77.46625447273254,-0.031408307921995726,-0.06510731139206329,-0.008408307921995761,-0.017429857205849292,-0.010544522163742576,-0.02549791279684145,-0.013544522163742578,-0.03275227076609574,-0.022368302293872322,-0.01703124877827858,-0.0003683022938723024,-0.00028042575203698883,-0.038892619027168784,-0.09469822353639053,-0.008922619027168732,-0.021725360551692965
188,0.5371719437209924,0.32148738519071884,3.4088562782427285,1.0,0.0,-2.5633473484974303,0.531,0.346,3.438,0.125,-2.5785,0.55,0.341,3.467,0.124,-2.607184,494.4387629032135,21.518086433410645,258.5825147628784,-0.00617194372099239,-0.011489698583733374,0.012828056279007627,0.023880726514023842,0.02451261480928113,0.07624751681855041,0.01951261480928118,0.06069480703793568,0.029143721757271646,0.008549413462598455,0.05814372175727156,0.017056665641311447,-0.015152651502569725,0.00591127515802797,-0.04383665150256988,0.01710133101090097
189,0.7783618864709902,0.5403137249995369,2.138655493181613,1.0,0.0,0.13693535132025136,0.788,0.548,2.172,0.531,0.13466400000000034,0.787,0.552,2.193,0.532,0.14035200000000003,308.93117904663086,21.674188137054443,157.7377109527588,0.009638113529009784,0.012382560986776939,0.008638113529009783,0.011097811543900316,0.00768627500046315,0.014225577927841343,0.011686275000463153,0.021628684336073768,0.0333445068183873,0.015591340879676552,0.054344506818387206,0.025410594175474487,-0.002271351320251025,-0.016587033942309058,0.0034166486797486684,0.02495081545274701
190,0.6856186455225497,0.343753728455467,1.1339501503437985,1.0,0.0,-0.14483568686321857,0.643,0.334,1.131,0.421,-0.17869800000000002,0.66,0.333,1.137,0.419,-0.18419400000000008,144.88919854164124,27.385183811187744,95.9350938796997,-0.04261864552254968,-0.06216086129056123,-0.025618645522549666,-0.03736573631690575,-0.009753728455466959,-0.02837417502143703,-0.01075372845546696,-0.03128323437766028,-0.00295015034379853,-0.0026016578796731796,0.0030498496562014754,0.002689580009559328,-0.03386231313678145,0.2337981326988886,-0.03935831313678151,0.27174458166481524
191,0.09320369291044509,0.37703913405934697,2.6843624215069677,1.0,0.0,-0.8063331364362067,0.072,0.371,2.687,0.336,-0.8813359999999999,0.074,0.385,2.818,0.336,-0.9243039999999998,465.13445830345154,21.93586230278015,154.0057988166809,-0.02120369291044509,-0.22749842037716994,-0.01920369291044509,-0.20604004316542465,-0.006039134059346973,-0.016017260580691865,0.007960865940653039,0.021114163548338664,0.0026375784930321444,0.0009825716795541493,0.13363757849303237,0.049783731668397405,-0.07500286356379315,0.09301721605450482,-0.11797086356379305,0.14630536466006486
192,0.3744632614641622,0.4340737381870133,2.2937834921726847,1.0,0.0,0.36285571649711423,0.37,0.42,2.246,0.572,0.3234239999999997,0.383,0.423,2.305,0.577,0.3549699999999998,364.06556034088135,24.337006330490112,163.17001247406006,-0.004463261464162205,-0.011919090398109344,0.008536738535837807,0.022797265885200358,-0.014073738187013296,-0.032422459478416696,-0.011073738187013293,-0.02551119133183395,-0.04778349217268474,-0.02083173600984631,0.011216507827315425,0.00488995925970811,-0.03943171649711452,-0.10867051200894645,-0.007885716497114448,-0.02173237498706228
193,0.9446971389560762,0.15808489087230707,1.9894522862080772,1.0,0.0,-1.1266778969136033,0.887,0.176,2.007,0.223,-1.111878,0.918,0.173,2.006,0.223,-1.1113239999999998,361.32871174812317,29.101608991622925,144.15920639038086,-0.0576971389560762,-0.06107474721457671,-0.026697138956076172,-0.028259997680926033,0.017915109127692924,0.11332587844947078,0.014915109127692922,0.09434873279408205,0.01754771379192288,0.008820374287723712,0.016547713791922547,0.008317723378761051,0.014799896913603394,-0.013135872243651807,0.01535389691360356,-0.013627583318767225
194,0.6121297424462933,0.16624757266004025,1.9950141758703768,1.0,0.0,0.6286324210169019,0.678,0.182,1.997,0.662,0.6470280000000004,0.676,0.182,2.0,0.663,0.6520000000000001,338.28616738319397,21.99286127090454,106.16655778884888,0.06587025755370679,0.10760832710148222,0.06387025755370679,0.10434104590059289,0.01575242733995974,0.0947528260889071,0.01575242733995974,0.0947528260889071,0.001985824129623337,0.0009953934932602519,0.004985824129623229,0.002499142206570053,0.018395578983098515,0.029262854361442357,0.02336757898309827,0.037172086901432644
195,0.8571192507828104,0.44499670279228837,0.9598300362845293,1.0,0.0,0.020624728568420014,0.817,0.502,0.994,0.501,0.0019879999999999898,0.902,0.481,0.992,0.5,0.0,73.03077220916748,21.493202686309814,74.18968963623047,-0.04011925078281042,-0.04680708168223891,0.04488074921718965,0.05236231618435811,0.057003297207711634,0.12809824623424038,0.036003297207711615,0.08090688533599522,0.03416996371547065,0.035600015027391164,0.03216996371547065,0.033516312783875284,-0.018636728568420025,-0.9036108527001923,-0.020624728568420014,-1.0
196,0.7394511191510849,0.43849497054811415,4.476832826247284,1.0,0.0,3.8503186697199663,0.747,0.418,4.314,0.928,3.6927839999999996,0.728,0.435,4.393,0.93,3.7779800000000003,521.2662265300751,26.00612497329712,1264.687376499176,0.0075488808489151404,0.010208762490726248,-0.011451119151084876,-0.015485971762719288,-0.020494970548114166,-0.04673935147419289,-0.0034949705481141513,-0.007970377730320315,-0.1628328262472838,-0.03637232672451136,-0.08383282624728405,-0.018725922879179104,-0.15753466971996666,-0.04091470946518413,-0.07233866971996594,-0.018787709778117438
197,0.38639820452335116,0.10776330932667491,1.7343528087117561,1.0,0.0,0.8075271103160793,0.355,0.132,1.717,0.732,0.7966880000000001,0.371,0.131,1.721,0.733,0.8019859999999999,222.66604709625244,25.030530214309692,112.63226985931396,-0.03139820452335118,-0.08125867086282927,-0.015398204523351167,-0.03985061095805534,0.024236690673325095,0.22490670363373602,0.023236690673325094,0.2156271073940865,-0.01735280871175604,-0.010005351059249226,-0.013352808711756037,-0.007699015243429188,-0.010839110316079203,-0.013422596192264801,-0.005541110316079401,-0.0068618257459003695
198,0.4839268233265877,1.1454648051576817,1.3801728647588218,1.0,0.0,-0.407935409619851,0.432,1.198,1.402,0.361,-0.389756,0.478,1.181,1.444,0.357,-0.412984,119.13869404792786,29.059247493743896,126.7928216457367,-0.05192682332658771,-0.10730304836097886,-0.005926823326587727,-0.012247354436453486,0.05253519484231828,0.04586364819396299,0.035535194842318374,0.03102251128303038,0.021827135241178075,0.01581478363943364,0.06382713524117811,0.04624575433333967,0.018179409619850984,-0.044564431503487545,-0.005048590380149043,0.012375955264226144
199,0.13052284409860207,0.34939686438168427,2.9924371651276602,1.0,0.0,0.6490771459612281,0.128,0.306,2.787,0.589,0.496086,0.111,0.333,2.93,0.595,0.5566999999999998,578.4652545452118,23.008468627929688,180.1329436302185,-0.0025228440986020673,-0.019328755177110697,-0.01952284409860207,-0.1495741548801507,-0.043396864381684275,-0.12420507682140258,-0.01639686438168425,-0.04692905418799686,-0.2054371651276603,-0.06865212326652018,-0.062437165127660066,-0.020864987861824138,-0.1529911459612281,-0.2357056428703266,-0.09237714596122837,-0.14232074959968843
200,0.7593511031905444,0.8713932104422025,1.8278996349076335,1.0,0.0,0.68860916715267,0.775,0.812,1.754,0.704,0.7156319999999998,0.784,0.817,1.77,0.704,0.7221599999999997,141.53980994224548,22.864816904067993,109.23690128326416,0.01564889680945558,0.020608249258747432,0.02464889680945559,0.03246047408884902,-0.05939321044220247,-0.06815890889494357,-0.05439321044220258,-0.06242097114183374,-0.07389963490763352,-0.04042871583119922,-0.0578996349076335,-0.031675500012099546,0.02702283284732987,0.039242627220701376,0.03355083284732974,0.048722605576192186
201,0.5233837925238463,0.6341652286082824,1.6150567223070984,1.0,0.0,-0.27305431257740764,0.496,0.658,1.6,0.436,-0.2048000000000001,0.547,0.635,1.625,0.429,-0.23075,218.77086901664734,27.90325355529785,133.401264667511,-0.027383792523846262,-0.05232067350002744,0.023616207476153783,0.04512216047476821,0.023834771391717635,0.03758448164057279,0.0008347713917176147,0.0013163310665101834,-0.015056722307098314,-0.009322720433985675,0.009943277692901598,0.006156612059233243,0.06825431257740755,-0.24996606694522822,0.04230431257740763,-0.1549300290410717
202,0.5444704440526209,1.2239517605874555,0.652167638197497,1.0,0.0,-0.026796368943584392,0.529,1.231,0.668,0.473,-0.03607199999999999,0.536,1.226,0.67,0.475,-0.033500000000000085,24.665324449539185,23.06298542022705,46.56754183769226,-0.01547044405262088,-0.02841374444032397,-0.008470444052620874,-0.01555721553877815,0.007048239412544621,0.005758592486652991,0.002048239412544506,0.0016734641662359473,0.015832361802503025,0.024276521672037466,0.017832361802503027,0.02734321784470824,-0.0092756310564156,0.34615253566421655,-0.006703631056415693,0.25016938192369087
203,0.7908685105886161,0.17197580382008865,1.3755816850169131,1.0,0.0,-0.32671696090324986,0.892,0.151,1.35,0.362,-0.37260000000000004,0.802,0.157,1.35,0.362,-0.37260000000000004,152.16780948638916,23.578547477722168,91.8090934753418,0.10113148941138395,0.12787396142010418,0.011131489411383977,0.0140750191243538,-0.02097580382008865,-0.12196950590812386,-0.014975803820088646,-0.08708087700381086,-0.025581685016913047,-0.01859699449007895,-0.025581685016913047,-0.01859699449007895,-0.04588303909675018,0.1404366610472281,-0.04588303909675018,0.1404366610472281
204,0.07177411338770373,0.8341405481812322,2.465049909388329,1.0,0.0,-0.37335698099925363,0.017,0.884,2.398,0.443,-0.27337200000000017,0.06,0.888,2.563,0.433,-0.343442,248.5090675354004,40.8955934047699,190.68298077583313,-0.05477411338770373,-0.7631458028861918,-0.011774113387703733,-0.16404401018655929,0.04985945181876783,0.05977344217048535,0.053859451818767834,0.06456879711243325,-0.067049909388329,-0.027200223870910013,0.09795009061167104,0.03973554054164206,0.09998498099925346,-0.26779995041649785,0.029914980999253604,-0.08012433815805203
205,0.49480495205591,0.13993485412975779,4.888055705801244,1.0,0.0,1.170409275519754,0.525,0.138,4.833,0.628,1.2372480000000001,0.503,0.144,4.884,0.63,1.2698400000000003,2440.332066297531,26.469024658203125,276.18559312820435,0.030195047944090003,0.06102414258109151,0.008195047944089984,0.01656217851102669,-0.0019348541297577737,-0.013826820643008896,0.004065145870242204,0.029050274111642727,-0.055055705801243526,-0.011263313905343242,-0.00405570580124337,-0.0008297175902537232,0.06683872448024619,0.05710713839871487,0.09943072448024637,0.08495380766364082
206,0.6974464154939893,0.1864314525776461,1.10143572154789,1.0,0.0,-0.5172827413454614,0.446,0.143,1.135,0.274,-0.5130199999999999,0.541,0.135,1.139,0.272,-0.519384,133.24553871154785,28.085540771484375,103.21298718452454,-0.25144641549398933,-0.360524349839685,-0.1564464154939893,-0.22431316875172552,-0.04343145257764611,-0.23296204571252543,-0.051431452577646086,-0.275873259938398,0.033564278452109964,0.030473206738692648,0.03756427845210997,0.03410483037477615,0.0042627413454614516,-0.008240640958509435,-0.0021012586545385847,0.004062108565758785
207,0.3929320369750139,0.014698966506663793,1.2681707887532088,1.0,0.0,-0.5496937374775251,0.352,0.049,1.273,0.281,-0.5575739999999999,0.332,0.048,1.271,0.281,-0.5566979999999999,125.80669808387756,34.405569076538086,111.46678614616394,-0.04093203697501391,-0.10417078049967386,-0.06093203697501387,-0.1550701679712832,0.03430103349333621,2.3335677020412144,0.033301033493336206,2.265535708122006,0.004829211246791143,0.003808013313048269,0.0028292112467911412,0.0022309386652665736,-0.007880262522474757,0.014335732763913743,-0.007004262522474769,0.012742118101283893
208,0.5545329808339591,1.659818699112014,1.0855597888930608,1.0,0.0,-0.2715078319315235,0.533,1.592,1.027,0.379,-0.24853399999999992,0.544,1.626,1.058,0.373,-0.26873199999999997,44.04555535316467,40.54059290885925,86.0714545249939,-0.021532980833959048,-0.038830838882794164,-0.010532980833959038,-0.01899432711489684,-0.06781869911201399,-0.04085910054411141,-0.03381869911201418,-0.020374935605983257,-0.058559788893060905,-0.05394432392597555,-0.027559788893060766,-0.02538762873776241,0.02297383193152358,-0.08461572459286466,0.0027758319315235314,-0.010223763755822774
209,0.6095655751861235,0.1034406375446143,1.803815255796275,1.0,0.0,0.8548773300396562,0.664,0.109,1.768,0.728,0.806208,0.607,0.113,1.769,0.728,0.8066639999999998,321.6966669559479,30.78710627555847,121.45242977142334,0.0544344248138765,0.08930035918983056,-0.0025655751861235476,-0.004208858391224242,0.0055593624553857,0.05374447206967308,0.009559362455385703,0.0924139939804868,-0.03581525579627498,-0.019855279348141845,-0.03481525579627509,-0.019300898850035653,-0.04866933003965612,-0.05693136117833238,-0.04821333003965633,-0.05639795131474572
210,0.44715719098416357,0.33741075154172984,0.8677449262875891,1.0,0.0,0.4204032243271423,0.411,0.338,0.864,0.743,0.41990399999999994,0.443,0.331,0.87,0.745,0.4263,46.39387249946594,23.274524927139282,80.49495601654053,-0.03615719098416359,-0.08086013534655227,-0.004157190984163561,-0.009296934205651166,0.0005892484582701862,0.001746383171187448,-0.00641075154172982,-0.018999843699221777,-0.0037449262875891565,-0.0043156994344073045,0.002255073712410849,0.0025987748750759846,-0.0004992243271423336,-0.0011874892918372472,0.005896775672857735,0.014026475848979411
211,0.3932001294208311,0.6130168735593091,0.9839825371099469,1.0,0.0,-0.5907729284736742,0.319,0.624,0.972,0.226,-0.532656,0.369,0.618,1.005,0.216,-0.57084,49.000823736190796,24.424236536026,76.36887454986572,-0.0742001294208311,-0.18870830365728788,-0.024200129420831107,-0.0615465957665807,0.010983126440690882,0.01791651570195852,0.004983126440690877,0.008128856897131987,-0.0119825371099469,-0.012177591225491446,0.021017462890053018,0.021359589319322032,0.05811692847367422,-0.09837439339650446,0.019932928473674227,-0.03374042294925921
212,0.5323050787663931,0.5571373950914973,1.5396787407193893,1.0,0.0,-0.5865517586193435,0.497,0.564,1.541,0.301,-0.613318,0.533,0.553,1.562,0.296,-0.6372960000000001,152.5632803440094,22.081775903701782,92.70290851593018,-0.035305078766393105,-0.06632489558095511,0.0006949212336069266,0.0013054942763600778,0.006862604908502656,0.012317616747616856,-0.004137395091497242,-0.007426166557744285,0.0013212592806106649,0.0008581395882580859,0.022321259280610795,0.014497348498935277,-0.02676624138065653,0.045633213075109216,-0.050744241380656585,0.08651281090709038
213,0.43073346544868407,0.4468929199842009,1.731608542398918,1.0,0.0,-0.9722382198928822,0.374,0.458,1.751,0.229,-0.9490419999999999,0.411,0.45,1.789,0.224,-0.987528,199.47110509872437,51.21555018424988,123.6241364479065,-0.05673346544868407,-0.1317136233879257,-0.019733465448684095,-0.04581363425785421,0.011107080015799131,0.02485400756895366,0.003107080015799124,0.006952627524081092,0.019391457601081852,0.011198522718199065,0.057391457601081886,0.03314343640368827,0.02319621989288223,-0.023858576445840517,-0.01528978010711779,0.015726372193846035
214,0.5927960743857019,1.6806219104558555,1.2266983620207474,1.0,0.0,0.26053745001640816,0.582,1.726,1.27,0.604,0.26415999999999995,0.594,1.751,1.302,0.606,0.27602400000000005,64.33317685127258,29.461568593978882,96.14489459991455,-0.01079607438570196,-0.018212121928927467,0.0012039256142980514,0.0020309271034658015,0.04537808954414446,0.027000772310433588,0.07037808954414437,0.04187621802756033,0.04330163797925257,0.03529933626708487,0.0753016379792526,0.06138561875570435,0.003622549983591794,0.013904143083321238,0.01548654998359189,0.059440782822648246
215,0.45381479111223716,0.3088201099641869,2.717857918415946,1.0,0.0,1.188034510493476,0.473,0.295,2.736,0.719,1.1983679999999999,0.463,0.305,2.78,0.723,1.2398799999999999,592.7994606494904,27.014033555984497,204.1479561328888,0.019185208887762817,0.0422754155737025,0.009185208887762863,0.02023999452563278,-0.013820109964186922,-0.044751327773925105,-0.003820109964186913,-0.01237001685100728,0.01814208158405428,0.006675139808128036,0.062142081584053876,0.022864359892761525,0.010333489506523907,0.008697970820924779,0.0518454895065239,0.04363971673262989
216,0.40540074967448936,0.08162776920525926,1.833077324207771,1.0,0.0,-0.4852523254654735,0.235,0.081,1.808,0.374,-0.455616,0.251,0.079,1.811,0.376,-0.44912799999999997,362.20995688438416,28.17130756378174,142.52749824523926,-0.17040074967448937,-0.42032667628589776,-0.15440074967448936,-0.38085955637344826,-0.0006277692052592543,-0.007690632873730515,-0.002627769205259256,-0.03219209872870015,-0.025077324207770868,-0.01368045083346875,-0.022077324207770976,-0.012043858661179211,0.029636325465473456,-0.06107405139593119,0.036124325465473506,-0.07444441493571742
217,0.15598846394097016,0.2948089102618803,4.134601859540057,1.0,0.0,0.44651705498384153,0.191,0.278,4.031,0.54,0.32248000000000054,0.172,0.307,4.22,0.542,0.3544800000000006,1397.132863998413,27.945399284362793,281.3588037490845,0.035011536059029846,0.22444952129459436,0.01601153605902983,0.10264564221293304,-0.01680891026188025,-0.05701628979581658,0.01219108973811972,0.04135251450605856,-0.10360185954005718,-0.025057275902154726,0.08539814045994287,0.0206545015363203,-0.12403705498384099,-0.2777879447142945,-0.09203705498384096,-0.2061221491017215
218,0.710465308217227,0.16367010219288403,1.227225645635015,1.0,0.0,-0.5247615758389221,0.602,0.152,1.208,0.291,-0.5049440000000001,0.766,0.139,1.208,0.291,-0.5049440000000001,134.94809079170227,27.037240266799927,82.81549215316772,-0.108465308217227,-0.15266798668804726,0.05553469178277304,0.07816664816770073,-0.01167010219288403,-0.07130259000590651,-0.024670102192884014,-0.15073065796592758,-0.019225645635015054,-0.015665941877434402,-0.019225645635015054,-0.015665941877434402,0.019817575838922075,-0.03776491410835531,0.019817575838922075,-0.03776491410835531
219,0.34925149137647876,1.5260950170408247,2.590931590267512,1.0,0.0,0.7782630137532505,0.317,1.55,2.526,0.645,0.7325400000000002,0.341,1.565,2.617,0.649,0.7798660000000002,183.42918157577515,36.519588232040405,237.11707997322083,-0.03225149137647876,-0.09234460602979351,-0.008251491376478737,-0.023626216580945013,0.023904982959175314,0.015664151112640603,0.038904982959175216,0.025493159026633835,-0.06493159026751227,-0.025061097912202356,0.026068409732487918,0.010061404102837146,-0.045723013753250275,-0.058750079273003755,0.0016029862467497047,0.002059697323940842
220,0.6393247450527876,0.3728742993416184,1.295183392741696,1.0,0.0,-0.22693931776677023,0.682,0.398,1.354,0.407,-0.2518440000000002,0.716,0.389,1.357,0.407,-0.252402,143.7532136440277,44.135618686676025,76.34452509880066,0.04267525494721247,0.06675051337749936,0.07667525494721239,0.11993162401508718,0.0251257006583816,0.06738383606149814,0.016125700658381592,0.04324701564804716,0.058816607258304066,0.045411798505074034,0.06181660725830396,0.04772807280013689,-0.024904682233229947,0.10974159294347113,-0.025462682233229783,0.11220040001793896
221,0.5955791589765312,0.08843486960847893,1.0733402178801983,1.0,0.0,-0.20679459306017245,0.34,0.11,1.085,0.409,-0.19747000000000003,0.462,0.102,1.088,0.407,-0.2023680000000001,105.1226487159729,50.71087384223938,82.24104571342468,-0.2555791589765312,-0.42912710279474753,-0.13357915897653122,-0.22428447497403933,0.021565130391521067,0.2438532502732774,0.01356513039152106,0.15339119570794807,0.011659782119801676,0.01086308136559837,0.01465978211980179,0.013658094493798286,0.009324593060172415,-0.045091087354779985,0.004426593060172346,-0.02140574854819492
222,0.5787573463144833,0.6055368087684103,1.0063927281048115,1.0,0.0,0.33852203935559455,0.552,0.641,1.004,0.677,0.3554160000000002,0.585,0.633,1.018,0.683,0.37258800000000014,77.59277772903442,25.152344465255737,79.99332618713379,-0.026757346314483232,-0.04623240894456641,0.006242653685516686,0.01078630573809524,0.0354631912315897,0.05856488114028543,0.02746319123158969,0.04535346296692772,-0.0023927281048115034,-0.0023775292070297143,0.011607271895188509,0.011533541102832433,0.016893960644405626,0.049905053970975465,0.03406596064440559,0.10063144104074594
223,0.5590006269368512,0.07410276034462081,3.1954279743703657,1.0,0.0,1.261235738248415,0.644,0.072,3.13,0.673,1.08298,0.64,0.072,3.135,0.673,1.0847100000000003,976.0865652561188,24.14302349090576,172.21101140975952,0.08499937306314886,0.1520559530119293,0.08099937306314886,0.14490032597458813,-0.002102760344620813,-0.02837627552390435,-0.002102760344620813,-0.02837627552390435,-0.06542797437036585,-0.02047549652038642,-0.060427974370365956,-0.01891076089182477,-0.1782557382484149,-0.14133419537887007,-0.17652573824841467,-0.1399625247644591
224,0.41022819311011566,0.6584448606718863,1.7460312254348498,1.0,0.0,1.0292599012052905,0.418,0.644,1.677,0.794,0.9860760000000002,0.431,0.669,1.753,0.805,1.0693300000000001,162.3186810016632,53.47289729118347,133.11319255828857,0.007771806889884325,0.01894508232348179,0.020771806889884337,0.05063476191727431,-0.014444860671886328,-0.021937844054468875,0.010555139328113694,0.016030407340932213,-0.06903122543484974,-0.039536077264401434,0.006968774565150104,0.003991208440968476,-0.043183901205290365,-0.04195626503541124,0.040070098794709574,0.038930982104506774
225,0.4434911754528932,1.90968546281553,4.846068279920406,1.0,0.0,-0.5862612144892472,0.44,1.901,4.789,0.439,-0.5842580000000002,0.446,1.915,4.852,0.439,-0.5919439999999998,386.86009979248047,35.865074634552,350.51904225349426,-0.0034911754528931804,-0.007872029131871659,0.002508824547106825,0.005656988652693739,-0.008685462815529954,-0.004548111709833414,0.005314537184470058,0.0027829384932504075,-0.057068279920406084,-0.011776202196091096,0.005931720079594527,0.0012240273427785776,0.002003214489247007,-0.003416931633439566,-0.00568278551075263,0.009693265340269002
226,0.6227573525470731,0.7900483305230681,1.7626439715461077,1.0,0.0,1.131143476618667,0.589,0.734,1.608,0.81,0.9969600000000001,0.621,0.735,1.648,0.816,1.0415359999999996,117.33066821098328,36.019777059555054,108.12751007080078,-0.03375735254707313,-0.05420626895693129,-0.0017573525470730988,-0.0028218896812467,-0.056048330523068124,-0.0709429136897994,-0.05504833052306812,-0.06967716834060293,-0.15464397154610765,-0.08773409380594385,-0.11464397154610784,-0.06504091205982317,-0.13418347661866692,-0.11862639832374075,-0.08960747661866741,-0.07921848860989014
227,0.27796610595234983,0.1223665937123254,1.4185199938536466,1.0,0.0,0.7062722387317739,0.111,0.096,1.376,0.744,0.6714880000000001,0.225,0.083,1.377,0.744,0.6719760000000001,181.38320016860962,32.5319766998291,176.01348781585693,-0.16696610595234984,-0.600670737823596,-0.05296610595234982,-0.19054879288566753,-0.0263665937123254,-0.21547215553218116,-0.0393665937123254,-0.3217103011371983,-0.04251999385364669,-0.029974899217411817,-0.041519993853646575,-0.02926993911509881,-0.03478423873177383,-0.04925046862132732,-0.03429623873177379,-0.04855951692701137
228,0.5541088990602824,1.4865762452773015,1.3598666689156516,1.0,0.0,0.4397203803685681,0.535,1.387,1.259,0.643,0.360074,0.544,1.428,1.308,0.651,0.39501600000000003,73.6169216632843,43.501025915145874,84.72633266448975,-0.019108899060282347,-0.03448581874914711,-0.01010889906028234,-0.01824352411128228,-0.09957624527730147,-0.06698361122992841,-0.05857624527730154,-0.039403458425622095,-0.10086666891565166,-0.07417394015259014,-0.051866668915651504,-0.03814099580586796,-0.07964638036856808,-0.18112960855216556,-0.04470438036856805,-0.10166547279682012
229,0.6745751210763828,1.4111159511234654,0.9384368567021959,1.0,0.0,-0.661974111279235,0.714,1.368,0.88,0.163,-0.59312,0.707,1.422,0.909,0.158,-0.621756,33.18525147438049,50.89440035820007,55.62893056869507,0.039424878923617124,0.05844401563566262,0.03242487892361712,0.04806711352158748,-0.043115951123465335,-0.03055450623255899,0.010884048876534491,0.007713079047734606,-0.058436856702195894,-0.06227041945853612,-0.029436856702195868,-0.03136796737251058,0.06885411127923502,-0.10401329916992912,0.040218111279235025,-0.060754809884506426
230,0.6167968946847795,0.24316833765927523,1.4058051986952649,1.0,0.0,-0.013711273291803439,0.55,0.29,1.419,0.489,-0.031217999999999968,0.626,0.272,1.421,0.49,-0.028420000000000112,207.925874710083,36.926387548446655,98.3293867111206,-0.06679689468477945,-0.10829641857862579,0.009203105315220506,0.014920803581418562,0.04683166234072475,0.19258947440083565,0.02883166234072479,0.11856667943802533,0.01319480130473516,0.009385938618651663,0.015194801304735162,0.010808610836577881,-0.01750672670819653,1.276812615110079,-0.014708726708196673,1.0727469575702724
231,0.2529046364865332,0.5669998016605301,1.1638186017959078,1.0,0.0,0.14573137435811057,0.255,0.63,1.122,0.549,0.10995600000000016,0.319,0.594,1.143,0.551,0.11658600000000008,80.92198514938354,36.41706585884094,90.35772252082825,0.002095363513466786,0.008285192167990802,0.06609536351346679,0.26134500510427083,0.0630001983394699,0.1111114997835377,0.027000198339469872,0.047619414081621195,-0.041818601795907684,-0.03593223353826507,-0.020818601795907776,-0.017888184433366375,-0.0357753743581104,-0.2454884853428911,-0.029145374358110487,-0.1999938207299863
232,0.42971281348230783,0.6429778625112841,1.0660186222049797,1.0,0.0,0.443983697314398,0.272,0.587,1.007,0.687,0.3766180000000001,0.336,0.558,1.026,0.697,0.4042439999999998,75.09873485565186,44.80798387527466,84.17853212356567,-0.1577128134823078,-0.36701910795778764,-0.09371281348230781,-0.2180824274772671,-0.055977862511284115,-0.08706032629591773,-0.08497786251128403,-0.13216296775659628,-0.059018622204979776,-0.05536359400823991,-0.04001862220497965,-0.03754026559330092,-0.0673656973143979,-0.1517301146908875,-0.03973969731439819,-0.08950710928076563
233,0.5724595577361261,0.8212702832277768,1.233434181304927,1.0,0.0,-0.8094494792225546,0.487,0.83,1.252,0.169,-0.828824,0.53,0.817,1.278,0.164,-0.858816,72.2433671951294,38.97434401512146,82.17794489860535,-0.08545955773612612,-0.14928488236634266,-0.042459557736126086,-0.07417040586070138,0.008729716772223117,0.010629529584235494,-0.004270283227776894,-0.005199607626120016,0.01856581869507301,0.01505213571706848,0.044565818695073034,0.03613149316806193,-0.019374520777445392,0.02393542929455447,-0.04936652077744541,0.06098777260918133
234,0.7660118551067375,0.47062848772476956,2.1934569894739715,1.0,0.0,-0.5358327448801308,0.76,0.469,2.105,0.374,-0.5304599999999999,0.779,0.464,2.112,0.374,-0.532224,370.69939517974854,28.565810203552246,160.24336862564087,-0.006011855106737518,-0.007848253348376463,0.012988144893262499,0.016955540317914148,-0.0016284877247695895,-0.0034602404385727556,-0.006628487724769538,-0.014084331691892767,-0.08845698947397151,-0.04032766081052039,-0.0814569894739714,-0.037136351369035134,0.005372744880130842,-0.010026906588795277,0.003608744880130743,-0.006734834544197261
235,0.6051670288968376,0.11277744803672371,2.027308087592137,1.0,0.0,0.011141977290896499,0.568,0.115,2.071,0.49,-0.04142000000000001,0.569,0.117,2.079,0.49,-0.04158000000000017,437.4112055301666,31.35785484313965,139.49902939796448,-0.03716702889683765,-0.061416149793536566,-0.03616702889683765,-0.05976371343753927,0.0022225519632762952,0.019707414930621288,0.004222551963276297,0.03744145692941472,0.043691912407862965,0.021551688505202223,0.05169191240786297,0.025497808016569496,-0.05256197729089651,-4.717473022839674,-0.05272197729089667,-4.731833131088225
236,0.2878845277597571,0.5210565151182533,1.878322622424133,1.0,0.0,0.4931271786520006,0.173,0.536,1.827,0.613,0.4129019999999999,0.224,0.521,1.904,0.619,0.4531519999999998,247.9582176208496,27.33720111846924,110.71491885185242,-0.1148845277597571,-0.3990646133495217,-0.06388452775975709,-0.2219102508109413,0.014943484881746683,0.028679201676146918,-5.6515118253330776e-05,-0.0001084625498646816,-0.05132262242413299,-0.027323646008105273,0.025677377575866966,0.013670376573928581,-0.08022517865200074,-0.1626865890282141,-0.03997517865200084,-0.0810646429208707
237,0.6627646347414337,0.1725982448313637,1.9763965846991125,1.0,0.0,0.6694805589001462,0.637,0.166,1.976,0.667,0.6599840000000001,0.657,0.164,1.98,0.667,0.6613200000000004,460.80531787872314,29.794063806533813,140.73750567436218,-0.025764634741433645,-0.038874486342327666,-0.005764634741433627,-0.008697861109747658,-0.006598244831363703,-0.038228921955785165,-0.008598244831363705,-0.049816525305715474,-0.00039658469911252325,-0.00020066048594842087,0.0036034153008874803,0.0018232248167116044,-0.009496558900146113,-0.01418496590214285,-0.008160558900145887,-0.012189388910041588
238,0.21854622124830453,0.21941205184407703,1.8349673020035666,1.0,0.0,0.7403273300137891,0.228,0.239,1.834,0.694,0.711592,0.255,0.229,1.848,0.694,0.7170239999999997,263.7702524662018,29.89048480987549,120.14952611923218,0.00945377875169548,0.04325757131693633,0.036453778751695476,0.16680123107815245,0.019587948155922963,0.0892747139060663,0.009587948155922982,0.043698366043887875,-0.0009673020035665392,-0.0005271494497533335,0.013032697996433473,0.007102414294905044,-0.02873533001378914,-0.038814357985749254,-0.02330333001378948,-0.031477063008541695
239,0.523497435020443,1.0065012279230436,1.1636510716827408,1.0,0.0,0.06894056879994492,0.464,1.054,1.157,0.508,0.018512000000000084,0.498,1.035,1.18,0.51,0.023600000000000065,68.89890813827515,22.270724773406982,76.26969289779663,-0.05949743502044297,-0.11365372786997427,-0.025497435020442993,-0.04870594068803279,0.04749877207695641,0.047191966347594094,0.02849877207695628,0.028314691811916277,-0.006651071682740817,-0.005715692482560763,0.016348928317259093,0.01404968268848592,-0.05042856879994484,-0.7314788618336019,-0.04534056879994486,-0.6576761635303056
240,0.9488818849653589,0.24840810249187348,1.7277506848712059,1.0,0.0,-0.7615303479784633,0.969,0.223,1.722,0.272,-0.7852319999999999,0.926,0.227,1.721,0.272,-0.7847759999999999,214.92961287498474,23.654855489730835,111.82638359069824,0.020118115034641115,0.021201917070400783,-0.022881884965358812,-0.024114576669565325,-0.025408102491873474,-0.10228371070426209,-0.02140810249187347,-0.08618117636711879,-0.005750684871205891,-0.0033284228572796498,-0.006750684871205781,-0.00390721006816386,-0.023701652021536623,0.031123713039742082,-0.02324565202153661,0.030524918781298545
241,0.3490953240811481,0.5039132881978162,1.3210126046426116,1.0,0.0,-0.5089432294829134,0.326,0.553,1.289,0.318,-0.46919599999999995,0.38,0.533,1.321,0.307,-0.509906,99.48800206184387,24.76424479484558,76.41435050964355,-0.02309532408114806,-0.06615764373795936,0.03090467591885193,0.08852789993734796,0.049086711802183824,0.09741102874610907,0.029086711802183807,0.05772166061785917,-0.032012604642611686,-0.024233383186583912,-1.2604642611657724e-05,-9.541652038261814e-06,0.039747229482913427,-0.07809756998496008,-0.0009627705170865974,0.0018917051280253258
242,0.12899342986174386,0.12581447536027907,1.4251124174361498,1.0,0.0,0.11624681270395198,0.188,0.15,1.418,0.539,0.11060400000000015,0.294,0.133,1.418,0.539,0.11060400000000015,185.02561140060425,25.249887466430664,97.21313881874084,0.05900657013825614,0.4574385703326117,0.16500657013825612,1.2791858493499353,0.02418552463972093,0.19223165355547434,0.007185524639720942,0.05711206615252069,-0.007112417436149876,-0.004990776411130765,-0.007112417436149876,-0.004990776411130765,-0.005642812703951838,-0.04854165523077608,-0.005642812703951838,-0.04854165523077608
243,0.7333407059681651,0.12064913515371879,1.176731406434329,1.0,0.0,0.5818720460153974,1.014,0.128,1.185,0.752,0.59724,0.911,0.131,1.184,0.751,0.594368,138.22665333747864,30.33100962638855,98.95622181892395,0.28065929403183487,0.38271337148986584,0.1776592940318349,0.2422602380939525,0.00735086484628121,0.06092762154420328,0.010350864846281213,0.08579311267414556,0.008268593565671,0.007026746732906592,0.007268593565670889,0.00617693513228801,0.015367953984602556,0.026411225783814146,0.01249595398460257,0.021475432735037943
244,0.4574554106153598,0.10340893277818435,3.077937804058613,1.0,0.0,0.1337415631926815,0.573,0.111,3.031,0.498,-0.012124000000000024,0.536,0.114,3.042,0.499,-0.006083999999999978,987.2482044696808,23.432495594024658,155.38443732261658,0.11554458938464013,0.25258109687501973,0.0785445893846402,0.17169889690228737,0.007591067221815656,0.07340823483884851,0.010591067221815659,0.10241926821287148,-0.04693780405861281,-0.015249757157769708,-0.03593780405861313,-0.011675935755175114,-0.1458655631926815,-1.0906524472316281,-0.13982556319268147,-1.045490719973377
245,0.5753961698379093,0.36973343996278324,2.2118561136103274,1.0,0.0,-0.5533588833225627,0.537,0.388,2.164,0.391,-0.47175199999999995,0.552,0.387,2.196,0.389,-0.48751199999999995,330.12439465522766,23.415030241012573,142.7834701538086,-0.03839616983790928,-0.06672997119310958,-0.023396169837909264,-0.040660975975039995,0.018266560037216772,0.04940467391603923,0.01726656003721677,0.04670002269460613,-0.04785611361032727,-0.021636178463803224,-0.015856113610327238,-0.007168691269182929,0.08160688332256272,-0.14747550962327757,0.06584688332256272,-0.1189948969955894
246,0.6482188268996018,0.43195792775649694,2.546211558892094,1.0,0.0,0.6181991106711164,0.626,0.423,2.528,0.62,0.6067200000000001,0.635,0.424,2.557,0.62,0.61368,443.0395758152008,23.501092433929443,160.43089365959167,-0.02221882689960175,-0.034276738005085856,-0.013218826899601743,-0.0203925377527628,-0.008957927756496953,-0.020737963539696185,-0.007957927756496952,-0.018422923264376317,-0.018211558892093915,-0.0071524138787658785,0.010788441107906,0.004237056056960271,-0.011479110671116288,-0.018568630192066397,-0.004519110671116433,-0.007310121598542079
247,0.6104453835915812,0.9799767628832429,1.4578888599564872,1.0,0.0,1.0803504018598733,0.594,0.98,1.475,0.868,1.0856,0.614,0.983,1.507,0.872,1.121208,66.19090962409973,23.799469232559204,150.6018590927124,-0.01644538359158121,-0.026939975358359007,0.003554616408418809,0.005822988434288869,2.3237116757113263e-05,2.371190587085563e-05,0.003023237116757116,0.0030850089831337283,0.017111140043512885,0.011736930374804833,0.04911114004351269,0.03368647733886826,0.005249598140126599,0.004859162481995816,0.04085759814012668,0.03781883921160064
248,0.7397145076073718,0.5627900614857798,2.4210787028571046,1.0,0.0,-0.7842987021252679,0.701,0.569,2.4,0.346,-0.7392000000000001,0.722,0.562,2.408,0.348,-0.732032,441.2124490737915,30.753432512283325,169.48164916038513,-0.03871450760737183,-0.052337093850700636,-0.01771450760737181,-0.02394776285336069,0.006209938514220137,0.011034200742326089,-0.0007900614857797583,-0.0014038298467708833,-0.02107870285710467,-0.0087063269906219,-0.013078702857104663,-0.005402014747257304,0.04509870212526779,-0.05750194664744535,0.05226670212526785,-0.06664132171025808
249,0.6855068024531472,0.22368706691584553,1.5210540020982932,1.0,0.0,0.6566066233615955,0.737,0.246,1.546,0.713,0.658596,0.708,0.249,1.549,0.714,0.6629719999999999,185.81175708770752,22.998591423034668,101.86433815956116,0.051493197546852776,0.07511697529853792,0.02249319754685275,0.032812508156533,0.022312933084154468,0.09975066235076047,0.02531293308415447,0.11316225579406243,0.024945997901706818,0.016400468272194036,0.02794599790170671,0.018372784834171055,0.001989376638404483,0.0030297846040899996,0.006365376638404419,0.009694353379830262
250,0.19979493135617574,0.3507183444929809,3.5167532801362906,1.0,0.0,-0.49103463435270855,0.217,0.309,3.342,0.432,-0.45451200000000025,0.202,0.336,3.486,0.435,-0.45318000000000014,849.2203767299652,22.719263076782227,177.9001305103302,0.01720506864382426,0.08611363925520549,0.002205068643824276,0.011036659583186751,-0.0417183444929809,-0.11895113314728772,-0.014718344492980873,-0.04196628070384678,-0.17475328013629055,-0.04969165199144082,-0.030753280136290417,-0.008744793190353855,0.036522634352708305,-0.07437893744675089,0.037854634352708416,-0.0770915770587326
